tweet_id,text,label,clean_text,actual,prediction,confidence
35716,@ Least _ ordinary Unki govt ke pass Khudai ke liye paise nahi Hai . IMF NE Abhi Bheek mein Kuch Paisa diya Hai desh Ch … https // t . co / BuuvzkIwIw,0,@ Least _ ordinary Unki govt ke pass Khudai ke liye paise nahi Hai . IMF NE Abhi Bheek mein Kuch Paisa diya Hai desh Ch … // t . co / BuuvzkIwIw,negative,negative,64.21
32983,@ KhiladiManiac @ That _ FluffyGuy @ ADholic _ @ Box _ Off _ India pehle FAMOUS to hone de CHAKKI ko sala GOOGLE me bhi fore … https // t . co / yBMvKcuju5,0,@ KhiladiManiac @ That _ FluffyGuy @ ADholic _ @ Box _ Off _ India pehle FAMOUS to hone de CHAKKI ko sala GOOGLE me bhi fore … // t . co / yBMvKcuju5,negative,negative,80.76
11447,@ PresidentVerde Gau rakshak ne iska mob lynching nhi kiya kya is baar Or koi chowkidaar bhi nahi dikha abhi tak jo … https // tco / RY9MTGScUk,2,@ PresidentVerde Gau rakshak ne iska mob lynching nhi kiya kya is baar Or koi chowkidaar bhi nahi dikha abhi tak jo … // tco / RY9MTGScUk,positive,negative,77.43
27037,@ taha4u4ever @ shyamtsbhat @ VishweshwarBhat @ pcsarangi Yes sir Please God up the facts and show me ONE evidence ag … https // t . co / KVGCjVp0A0,1,@ taha4u4ever @ shyamtsbhat @ VishweshwarBhat @ pcsarangi Yes sir Please God up the facts and show me ONE evidence ag … // t . co / KVGCjVp0A0,neutral,neutral,55.16
3172,@ islamudinsajid Yeh wahan ke log hain per jo inko uksa rahy thy dono ab custody mai hain,1,@ islamudinsajid Yeh wahan ke log hain per jo inko uksa rahy thy dono ab custody mai hain,neutral,neutral,54.28
7229,Woo hoo Cricket World Cup starts today ! Good luck to hosts @ englandcricket in the tournament - hope for a good st … https // t co / ChIhIwhneV,1,Woo hoo Cricket World Cup starts today ! Good luck to hosts @ englandcricket in the tournament - hope for a good st … // t co / ChIhIwhneV,neutral,positive,85.46
40489,@ mahamahim555 Inka baap jitega world Cup India 🇮🇳💪,0,@ mahamahim555 Inka baap jitega world Cup India 🇮🇳💪,negative,positive,84.57
38775,whoaa aur saala apne yahan khda hone ki jgah nahi hoti . https // t . co / rdITXN5Nji,0,whoaa aur saala apne yahan khda hone ki jgah nahi hoti . // t . co / rdITXN5Nji,negative,neutral,60.78
24727,@ jigneshmevani80 @ dgpgujarat @ AhmedabadPolice Yhi to h BJP ka asli chera jo pichhe kerte h,1,@ jigneshmevani80 @ dgpgujarat @ AhmedabadPolice Yhi to h BJP ka asli chera jo pichhe kerte h,neutral,negative,80.76
26153,@ ImkHimansh @ Joydas @ thakur __ rishabh Bc Tum bhakt itne chutiye kaise ho sakte ho ! Kal ko tumhare Ghar jalaane SE pe … https // t . co / C99M7Vs4bK,0,@ ImkHimansh @ Joydas @ thakur __ rishabh Bc Tum bhakt itne chutiye kaise ho sakte ho ! Kal ko tumhare Ghar jalaane SE pe … // t . co / C99M7Vs4bK,negative,negative,80.85
1632,@ Rangoli _ A @ Box _ Off _ India Sanju is not just a hit ... it's an All Time blockbuster + Highest grosser of the year It … https // t . co / oC4KkyHu0d,2,@ Rangoli _ A @ Box _ Off _ India Sanju is not just a hit ... it's an All Time blockbuster + Highest grosser of the year It … // t . co / oC4KkyHu0d,positive,positive,51.88
15385,RT @ humouraj Zindagi jhand kr di hai is club ne bhenchod Lodu Saale . Kisi din k nhi hai . Kola AMN Ozil these guys should play in sund …,0,RT @ humouraj Zindagi jhand kr di hai is club ne bhenchod Lodu Saale . Kisi din k nhi hai . Kola AMN Ozil these guys should play in sund …,negative,negative,80.06
1772,@ rsprasad Ravi shankar ji namaskar waise to sabhi jatiyo ne aapko vote diya kuchh ne nahi diya parantu kayasth ne 1… https // t . co / xkmoUtWVwx,0,@ rsprasad Ravi shankar ji namaskar waise to sabhi jatiyo ne aapko vote diya kuchh ne nahi diya parantu kayasth ne 1… // t . co / xkmoUtWVwx,negative,neutral,71.62
28110,Mamta banaji ko Jay seere ram sunne me kharap lagta hoga .... bt Muslim ko nahi ... har Muslim ijjat karte he Hindu ko … https // t . co / eTGt98QVwe,2,Mamta banaji ko Jay seere ram sunne me kharap lagta hoga .... bt Muslim ko nahi ... har Muslim ijjat karte he Hindu ko … // t . co / eTGt98QVwe,positive,negative,72.48
17715,@ iftikhar _ hyder @ KK _ Khalid _ H Very true . They dont even realise that what nonsense they say . Jhoot kay pawoun nahin … https // t . co / 49GJGA1B9V,0,@ iftikhar _ hyder @ KK _ Khalid _ H Very true . They dont even realise that what nonsense they say . Jhoot kay pawoun nahin … // t . co / 49GJGA1B9V,negative,negative,59.84
21209,@ being _ yogesh93 M tko cartoon lgti hun bc 😑,0,@ being _ yogesh93 M tko cartoon lgti hun bc 😑,negative,neutral,74.97
3510,I love Ambareesh Annaji . I miss you Annaji . https // t . co / btbNu1Z1R7,2,I love Ambareesh Annaji . I miss you Annaji . // t . co / btbNu1Z1R7,positive,positive,85.49
41950,RT @ Jr _ Shrrehman When bohemia Said “ Ek Tera Pyaar baki Duniya Beqaar ” I felt it .,1,RT @ Jr _ Shrrehman When bohemia Said “ Ek Tera Pyaar baki Duniya Beqaar ” I felt it .,neutral,neutral,68.74
40235,@ PiyushGoyal respected sir ji hamare is purshani ka tod nikaliye sir ji please Azamgarh se jalandhar city punjab t … https // t . co / EaudeRwqJL,2,@ PiyushGoyal respected sir ji hamare is purshani ka tod nikaliye sir ji please Azamgarh se jalandhar city punjab t … // t . co / EaudeRwqJL,positive,positive,58.07
35518,@ DesiStupides @ dhruv _ rathee Modi ka baap advani jisse modi rajniti sikja wo khud desh ka nahi hai aur 4 percent bra … https // t co / H5z5jO0oxa,0,@ DesiStupides @ dhruv _ rathee Modi ka baap advani jisse modi rajniti sikja wo khud desh ka nahi hai aur 4 percent bra … // t co / H5z5jO0oxa,negative,negative,80.78
11143,@ Aakash _ SRKian Hum log teachers ko pagal bana ke class se nikalte the ye log maa baap ka chutiya bana karke date pe nikalte hai 😂😭,1,@ Aakash _ SRKian Hum log teachers ko pagal bana ke class se nikalte the ye log maa baap ka chutiya bana karke date pe nikalte hai 😂😭,neutral,negative,80.83
11662,RT @ mohmaaya What the fuck !! https // t . co / FWSGetzZz2,1,RT @ mohmaaya What the fuck !! // t . co / FWSGetzZz2,neutral,negative,79.2
12636,@ myuiminya awwwie ❣️ anw good morning to beautiful swan minariing 😚✨,2,@ myuiminya a ❣️ anw good morning to beautiful swan minariing 😚✨,positive,positive,85.21
32365,@ myogiadityanath Sir ye Banda rec Azamgarh rec wale cancel hui vacancy ka paisa nahi lauta rahe hai . Kripya sgyan le .,1,@ myogiadityanath Sir ye Banda rec Azamgarh rec wale cancel hui vacancy ka paisa nahi lauta rahe hai . Kripya sgyan le .,neutral,neutral,69.56
19989,stream love thru the computer by gucci mane ft the prince of pop justin bieber,1,stream love thru the computer by gucci mane ft the prince of pop justin bieber,neutral,positive,85.03
27751,@ umashankarsingh Ek hii dil 💘 hai modi jii kitni baar jitoge 😉 https // t co / hsDhmcTDRP,1,@ umashankarsingh Ek hii dil 💘 hai modi jii kitni baar jitoge 😉 // t co / hsDhmcTDRP,neutral,positive,85.37
4554,RT @ ladybrockhard @ Jake _ Wiley14 good luck bud ! go be great and know we will be rootin for you all the way .,1,RT @ ladybrockhard @ Jake _ Wiley14 good luck bud ! go be great and know we will be rootin for you all the way .,neutral,positive,85.49
18815,Wo tumhe ye to zarur btayenge ki # Tajmahal Shah-jahan ne banwaya tha lekin ye kabhi nahi batayenge ki wo # Tajmahal … https // t . co / VNBww6yznc,1,Wo tumhe ye to zarur btayenge ki # Tajmahal Shah-jahan ne banwaya tha lekin ye kabhi nahi batayenge ki wo # Tajmahal … // t . co / VNBww6yznc,neutral,neutral,74.71
33689,@ ZubinaAhmd Aaj agar atal ji hote to bhut happy hote and hum sab bhi aur double happy hote .,2,@ ZubinaAhmd Aaj agar atal ji hote to bhut happy hote and hum sab bhi aur double happy hote .,positive,positive,85.45
42233,@ irobertvadra Chor ko jail jaane ka koi dar nahi rehtha hai na raabart ...😂😂 best of luck aane waala jail life !,1,@ irobertvadra Chor ko jail jaane ka koi dar nahi rehtha hai na raabart ...😂😂 best of luck aane waala jail life !,neutral,positive,71.54
25660,@ nonanaina90 @ erbmjha It's my pleasure Aap jo bhi tweet karati hai vo sab me padhata hu Ha ye baat jarur hai … https // tco / YiRf8IcZRL,1,@ nonanaina90 @ erbmjha It's my pleasure Aap jo bhi tweet karati hai vo sab me padhata hu Ha ye baat jarur hai … // tco / YiRf8IcZRL,neutral,positive,84.66
11946,@ narendramodi177 @ narendramodi @ kpsharmaoli Jis din Modiji pehli baar pm banethe tabhi Bharat ki disha badalne shur … https // t . co / ZjnhStGp2b,2,@ narendramodi177 @ narendramodi @ kpsharmaoli Jis din Modiji pehli baar pm banethe tabhi Bharat ki disha badalne shur … // t . co / ZjnhStGp2b,positive,positive,80.18
2674,cute ni chachi 😩 soon to be a mom ❤️,2,cute ni chachi 😩 soon to be a mom ❤️,positive,positive,84.97
24390,@ kardia I get you . It ’ s all so cute .,1,@ kardia I get you . It ’ s all so cute .,neutral,positive,85.46
15366,@ News18India Kya logo m jra bhi dayabhav nahi hai kya ... jo help karte .... ESA hona Sharmnak shame on those ppl who … https // t . co / R66XUsTkYY,0,@ News18India Kya logo m jra bhi dayabhav nahi hai kya ... jo help karte .... ESA hona Sharmnak shame on those ppl who … // t . co / R66XUsTkYY,negative,negative,80.74
14527,RT @ DeepaAthlete Social media is far less complicated with these guys around . Kabhi kabhi apne se choto se bhi seekhne ko milta hai . @ Spor …,2,RT @ DeepaAthlete Social media is far less complicated with these guys around . Kabhi kabhi apne se choto se bhi seekhne ko milta hai . @ Spor …,positive,neutral,74.3
14953,@ AnjaliR60814230 @ kanhaiyakumar Sun re saale ek thapd me Sula Dunga rajneeti mat kr baap ki aulad hai to Faridab … https // t . co / BIrAp9rCN7,0,@ AnjaliR60814230 @ kanhaiyakumar Sun re saale ek thapd me Sula Dunga rajneeti mat kr baap ki aulad hai to Faridab … // t . co / BIrAp9rCN7,negative,negative,80.82
20157,RT @ NCTsmtown _ 127 LA ! Long time no see haha and we have a new SUPERHUMAN tour bus !!! 🤩✊ Can ’ t wait to see all of our NCTzens this weekend …,1,RT @ NCTsmtown _ 127 LA ! Long time no see haha and we have a new SUPERHUMAN tour bus !!! 🤩✊ Can ’ t wait to see all of our NCTzens this weekend …,neutral,neutral,61.0
14441,@ ChampakDash @ Bollyhungama @ BeingSalmanKhan Ye automode kutta h gawar h use mtlb bi nhi pata h article ka B's is hi … https // t . co / WksCMgI4dg,0,@ ChampakDash @ Bollyhungama @ BeingSalmanKhan Ye automode kutta h gawar h use mtlb bi nhi pata h article ka B's is hi … // t . co / WksCMgI4dg,negative,negative,80.83
45035,india cricket team ko icc world cup 2019 ki bahut sari subhkamnaye,2,india cricket team ko icc world cup 2019 ki bahut sari subhkamnaye,positive,positive,85.5
21482,HAAAPPPPYYY SWEET 16th 😝🥳 it was vv fun w you today !!! Enjoy your daayy naa pakay utang chika ha wa ta ka chika rn … https // tco / e5EaKK9MIj,2,HAAAPPPPYYY SWEET 16th 😝🥳 it was vv fun w you today !!! Enjoy your daayy naa pakay utang chika ha wa ta ka chika rn … // tco / e5EaKK9MIj,positive,positive,85.39
37539,RT @ News13JaiHind # Payaltadvi Sucide case mai teeno aropi griftar # Police ne kal raat # hemaAhuja ko # arrest kiya 🎥 # watchvideo 👇🏻👇🏻 htt …,1,RT @ News13JaiHind # Payaltadvi Sucide case mai teeno aropi griftar # Police ne kal raat # hemaAhuja ko # arrest kiya 🎥 # watchvideo 👇🏻👇🏻 htt …,neutral,neutral,74.72
7106,RT @ EstherObiwuru I'm a visual artist . This is one of my recent works . I'm new on Twitter . Show me around 😊 Please help RT ! https // t . co /…,1,RT @ EstherObiwuru I'm a visual artist . This is one of my recent works . I'm new on Twitter . Show me around 😊 Please help RT ! // t . co /…,neutral,neutral,70.19
14426,@ ArvindKejriwal Please prove that ! and DJB me jo gotala hua kai karodo ka aapki sarkar me kai sarkari afsar hai unme aap to nahi ?,0,@ ArvindKejriwal Please prove that ! and DJB me jo gotala hua kai karodo ka aapki sarkar me kai sarkari afsar hai unme aap to nahi ?,negative,neutral,46.15
36730,@ BSonarika flop heroine Panauti . # ishqmeinmarjawan ka murder karke Indonesia me apna flop anarkali ka promotion me … https // t . co / VxwPHLQzWt,1,@ BSonarika flop heroine Panauti . # ishqmeinmarjawan ka murder karke Indonesia me apna flop anarkali ka promotion me … // t . co / VxwPHLQzWt,neutral,negative,72.69
34735,@ cricketaakash sir Ye ICC ke jyadatar events ENGLAND me hi kyu hote hai Jabki ye fix hota hai ki har dusra match … https // t co / HPnKMBtzex,1,@ cricketaakash sir Ye ICC ke jyadatar events ENGLAND me hi kyu hote hai Jabki ye fix hota hai ki har dusra match … // t co / HPnKMBtzex,neutral,neutral,74.79
3330,RT @ sumitinsan756 @ Nimmichopra77 @ Gurmeetramrahim Happy birthday Hasin vasiyo k rhne vale 🎂😘🎉✌🎊🎂😘🎉🎉 🐯 Piti Ji always blesssss u 👑👏 😍 Piti …,2,RT @ sumitinsan756 @ Nimmichopra77 @ Gurmeetramrahim Happy birthday Hasin vasiyo k rhne vale 🎂😘🎉✌🎊🎂😘🎉🎉 🐯 Piti Ji always blesssss u 👑👏 😍 Piti …,positive,positive,85.52
23754,@ kunalkamra88 @ Swamy39 Tu to Gaya Kunal the gaandu kaamra tune galat panga le Liya Abhi Ab teri swami band banayenge,0,@ kunalkamra88 @ Swamy39 Tu to Gaya Kunal the gaandu kaamra tune galat panga le Liya Abhi Ab teri swami band banayenge,negative,negative,80.78
13454,@ smartMalik15 Hahahahaha usse kaho jake tel leke aye take u ko tahl saku pakorey ki tarah 😂🤪😱😜🤣,0,@ smartMalik15 Hahahahaha usse kaho jake tel leke aye take u ko tahl saku pakorey ki tarah 😂🤪😱😜🤣,negative,neutral,74.47
24261,@ BiswapriyaMisra Good luck Biswa hope it all goes well,2,@ BiswapriyaMisra Good luck Biswa hope it all goes well,positive,positive,85.37
17663,Ye aadmi apna achcha Dost ban sakta https // t co / 0h7BI51vjK,2,Ye aadmi apna achcha Dost ban sakta // t co / 0h7BI51vjK,positive,neutral,68.91
2212,@ Bollyhungama @ iamsrk Fake news coz yrf itni badi galti ni krga .. # ShahRukhKhan ko ab action me psnd nhi krgi audie … https // t . co / JAgmdGrOtQ,1,@ Bollyhungama @ iamsrk Fake news coz yrf itni badi galti ni krga .. # ShahRukhKhan ko ab action me psnd nhi krgi audie … // t . co / JAgmdGrOtQ,neutral,negative,68.69
37709,@ GulBukhari Chutia Adil Abbasi .... isko pata hi nahin what he is talking to ... a paid troll,0,@ GulBukhari Chutia Adil Abbasi .... isko pata hi nahin what he is talking to ... a paid troll,negative,negative,80.7
29599,Anna ji ke andolan ko saphal kejriwalji ne hi banaya tha inke hatjane par aaj annaji kahan hain sabko pata hai https // t co / PGq3wFBV9T,1,Anna ji ke andolan ko saphal kejriwalji ne hi banaya tha inke hatjane par aaj annaji kahan hain sabko pata hai // t co / PGq3wFBV9T,neutral,neutral,73.55
13444,@ d _ dj _ rocks 😂😂😂😂🖕🖕🖕 meri darling itna mat karwaya karo ki Apne ap ko hinjdde se mard samjhne Lago Mahole ka kyun l … https // tco / 17PQseWq8w,0,@ d _ dj _ rocks 😂😂😂😂🖕🖕🖕 meri darling itna mat karwaya karo ki Apne ap ko hinjdde se mard samjhne Lago Mahole ka kyun l … // tco / 17PQseWq8w,negative,neutral,73.63
8921,RT @ ChelseaFC You can't not love @ nglkante ! 😍 https // t . co / seOEDadOvw,0,RT @ ChelseaFC You can't not love @ nglkante ! 😍 // t . co / seOEDadOvw,negative,neutral,71.36
34732,Outstanding looking bhau god bless you all the best 💥❤ https // t . co / qetrkp3cKS,2,Outstanding looking bhau god bless you all the best 💥❤ // t . co / qetrkp3cKS,positive,positive,85.5
15007,@ rishibagree Wish them all best luck hope to see some good work at least this 5 years warna band to pichle 5 salo me baji hi hai ....,2,@ rishibagree Wish them all best luck hope to see some good work at least this 5 years warna band to pichle 5 salo me baji hi hai ....,positive,positive,85.47
25972,Ketika kamu mencintai seseorang beranikan dirimu tuk mengungkapkan . Jika tidak beranikan juga dirimu tuk melihat dia dicintai orang lain,1,Ketika kamu mencintai seseorang beranikan dirimu tuk mengungkapkan . Jika tidak beranikan juga dirimu tuk melihat dia dicintai orang lain,neutral,neutral,73.87
26929,RT @ itx __ Bilal Bc har koi molana bana hua idr fitwe de rha teri baji nai bhagyi smja '( https // t . co / yjAQMtq0PA,0,RT @ itx __ Bilal Bc har koi molana bana hua idr fitwe de rha teri baji nai bhagyi smja '( // t . co / yjAQMtq0PA,negative,negative,80.8
14616,Wishing you a very happy birthday akka . @ ipravallika 💝💝💝 https // t . co / Wv1kogpIQd,2,Wishing you a very happy birthday akka . @ ipravallika 💝💝💝 // t . co / Wv1kogpIQd,positive,positive,85.44
12947,@ INCIndia @ ndtv @ aajtak remove rahul gandhi . Ab to samaj jaao congress waalo . Opposition me koi leader ni hoga to modi jitega .,0,@ INCIndia @ ndtv @ aajtak remove rahul gandhi . Ab to samaj jaao congress waalo . Opposition me koi leader ni hoga to modi jitega .,negative,neutral,58.47
16511,RT @ kimhanbintrash I don ’ t care about shit on loop bc SHE https // t co / 2ASryrRNl8,0,RT @ kimhanbintrash I don ’ t care about shit on loop bc SHE // t co / 2ASryrRNl8,negative,neutral,68.73
26563,@ Pratishtha _ xx02 @ Lavanyamurthy20 @ humourousjerk Ye log 60 sec ki game mein 7th aake hi khush ho sakte hai 🤣🤣 Baaki mein tho aukaat hai nahi !,0,@ Pratishtha _ xx02 @ Lavanyamurthy20 @ humourousjerk Ye log 60 sec ki game mein 7th aake hi khush ho sakte hai 🤣🤣 Baaki mein tho aukaat hai nahi !,negative,neutral,73.08
42479,RT @ mohitsaini7915 # UnlockYourInnerPower Good Mrng Pyare Papa @ Gurmeetramrahim ji Bless everyone with maximum sewa Simran Parmarth And Su …,1,RT @ mohitsaini7915 # UnlockYourInnerPower Good Mrng Pyare Papa @ Gurmeetramrahim ji Bless everyone with maximum sewa Simran Parmarth And Su …,neutral,positive,85.5
16320,RT @ archakp So true right from 2G to all Gs and even NH case Ram Setu Ram Mandir all taken up by @ Swamy39 alone @ BJP4India n …,1,RT @ archakp So true right from 2G to all Gs and even NH case Ram Setu Ram Mandir all taken up by @ Swamy39 alone @ BJP4India n …,neutral,neutral,74.85
32045,RT @ ranaritesh777 @ Gurmeetramrahim Ashirwad bnaye rkhna hmesa hum sabi pr papa ji # 60MillionStandWithMSG,2,RT @ ranaritesh777 @ Gurmeetramrahim Ashirwad bnaye rkhna hmesa hum sabi pr papa ji # 60MillionStandWithMSG,positive,positive,65.91
36252,@ AMROSHANSINGH Agar flop nhi Hui toh tu apne maa baap ka alsi beta nhi .. flop toh bhaiain tera account mein 10000 r … https // t . co / VSNx31HUaH,0,@ AMROSHANSINGH Agar flop nhi Hui toh tu apne maa baap ka alsi beta nhi .. flop toh bhaiain tera account mein 10000 r … // t . co / VSNx31HUaH,negative,negative,80.82
3374,@ meghara41735959 @ rssurjewala Nahi sudrega ye surjewala 🤦‍♂️ that ’ s congress didn ’ t even get opposition majority also ...,1,@ meghara41735959 @ rssurjewala Nahi sudrega ye surjewala 🤦‍♂️ that ’ s congress didn ’ t even get opposition majority also ...,neutral,negative,61.27
32403,@ arvindgunasekar Hehe hope is what keeps world alive Use to hum song from all time classic movie ‘ Jane Bh … https // t co / 5aj8nBfIU3,2,@ arvindgunasekar Hehe hope is what keeps world alive Use to hum song from all time classic movie ‘ Jane Bh … // t co / 5aj8nBfIU3,positive,positive,82.37
22764,@ Krutika202 Aap Jo jee rahe hain jeene mein bhi to Kisi Ki vajah Hai Kisi Ki Bhi tuba Jaise jee rahe hain yahi Ek b … https // t . co / 5lZykSdoie,2,@ Krutika202 Aap Jo jee rahe hain jeene mein bhi to Kisi Ki vajah Hai Kisi Ki Bhi tuba Jaise jee rahe hain yahi Ek b … // t . co / 5lZykSdoie,positive,neutral,73.88
11898,@ Its _ Badshah thanks for sab sahi hai bro 😍 💕 Ur ultimate ❤🙏🤗✌😘😍😊,1,@ Its _ Badshah thanks for sab sahi hai bro 😍 💕 Ur ultimate ❤🙏🤗✌😘😍😊,neutral,positive,85.34
2396,@ AmitShah I fully agree amitji but kaal aapki surat guj ki police ke 7 logo ne milke eak garib 4.5 lac ki chori ke … https // t . co / JMuULNdcWY,2,@ AmitShah I fully agree amitji but kaal aapki surat guj ki police ke 7 logo ne milke eak garib 4.5 lac ki chori ke … // t . co / JMuULNdcWY,positive,negative,45.64
16644,@ 7Days _ of _ Sunni I would invite you but I'm gna be with my wife and kids,2,@ 7Days _ of _ Sunni I would invite you but I'm gna be with my wife and kids,positive,neutral,56.03
24604,@ MamataOfficial Mamta didi aap nahi aoge ye sab ko malum tha Par aap apna twitter ek bar dekhiye koi v aap ko sup … https // t co / ZRCITCOlW4,1,@ MamataOfficial Mamta didi aap nahi aoge ye sab ko malum tha Par aap apna twitter ek bar dekhiye koi v aap ko sup … // t co / ZRCITCOlW4,neutral,neutral,75.2
25141,@ cmohry Sant rampal ke Andhbhakt sleeper cells ki tarah hai aisse pakhandi Andhbhakktonn ka illaj kariye jo pakhand … https // t . co / 70CSAlmCnn,0,@ cmohry Sant rampal ke Andhbhakt sleeper cells ki tarah hai aisse pakhandi Andhbhakktonn ka illaj kariye jo pakhand … // t . co / 70CSAlmCnn,negative,negative,79.24
5291,RT @ CallSignMujahid State of Pakistan is no Banana Republic .. the way Bilawal & Maryam Safdar still supporting 2 well known traitors @ mjdaw …,0,RT @ CallSignMujahid State of Pakistan is no Banana Republic .. the way Bilawal & Maryam Safdar still supporting 2 well known traitors @ mjdaw …,negative,negative,78.2
34879,@ narendramodi @ VNarayanasami Sir Aaj to party hai Mujhe kisi ne invite bhi nahi kiya Mana Sir fake news dal de … https // t co / inl0ZWW2Vh,1,@ narendramodi @ VNarayanasami Sir Aaj to party hai Mujhe kisi ne invite bhi nahi kiya Mana Sir fake news dal de … // t co / inl0ZWW2Vh,neutral,neutral,72.96
18281,Malum ye kaun si ladai ki baat kr RHA h ?????? Garmi me muffeler pahanne se ladai Raaste me kisi bhi vyakti se thapp … https // t . co / dI9SXoekgX,1,Malum ye kaun si ladai ki baat kr RHA h ?????? Garmi me muffeler pahanne se ladai Raaste me kisi bhi vyakti se thapp … // t . co / dI9SXoekgX,neutral,negative,61.69
22871,@ AmitShah @ mitalishah121 Bharat ki Aan Baan v Shaan Hamare PM Modiji ke netritva meh Desh Swarnim Yug ki or agrasar … https // t . co / OyYQ4n8Gap,1,@ AmitShah @ mitalishah121 Bharat ki Aan Baan v Shaan Hamare PM Modiji ke netritva meh Desh Swarnim Yug ki or agrasar … // t . co / OyYQ4n8Gap,neutral,positive,85.13
35432,@ sherryontopp CM banne ka khwab chodo . Tum so called Gandhi parivaar ke talwe chato . U lost a lot of respect from so many people .,0,@ sherryontopp CM banne ka khwab chodo . Tum so called Gandhi parivaar ke talwe chato . U lost a lot of respect from so many people .,negative,negative,80.85
8404,@ Utkarsh833 @ Jeevan _ Jena _ G1 @ Surbhiranaa Utkarsh chudail apni behen ko bol jake madarchod nahi to teri poori family … https // t . co / CoPCDyoLh2,0,@ Utkarsh833 @ Jeevan _ Jena _ G1 @ Surbhiranaa Utkarsh chudail apni behen ko bol jake madarchod nahi to teri poori family … // t . co / CoPCDyoLh2,negative,negative,79.44
15376,@ tarunjain9893 Btw maine pura article padha bit kise n lassi vikreta ko force nahi kiya ki ye particular cheeg mat … https // t . co / 5WavNlrU8X,1,@ tarunjain9893 Btw maine pura article padha bit kise n lassi vikreta ko force nahi kiya ki ye particular cheeg mat … // t . co / 5WavNlrU8X,neutral,negative,47.45
19400,@ iamsunnydeol bahoot bahoot mubrakh ho dear elder br . dunny g ... love u enough ... jai hind .,2,@ iamsunnydeol bahoot bahoot mubrakh ho dear elder br . dunny g ... love u enough ... jai hind .,positive,positive,85.49
44915,@ RahulGandhi Mr . Rahul Gandhi ji bura mat manna Desh ki surkchh ke jagh agr aap lgatar Desh ki arthvevsta ko gambhir … https // t . co / 4UOw15eFWB,1,@ RahulGandhi Mr . Rahul Gandhi ji bura mat manna Desh ki surkchh ke jagh agr aap lgatar Desh ki arthvevsta ko gambhir … // t . co / 4UOw15eFWB,neutral,neutral,70.45
25531,@ ammarmasood3 hahahha itna chutia tajzia kia hamare mohalay me pmln ka patwari jo phate pe beth ke gosht bachta ey … https // t . co / WY6o0brBSE,0,@ ammarmasood3 hahahha itna chutia tajzia kia hamare mohalay me pmln ka patwari jo phate pe beth ke gosht bachta ey … // t . co / WY6o0brBSE,negative,negative,80.84
39986,@ Dr _ priyaranjan _ @ htdelhi @ SheilaDikshit @ LambaAlka Yes it is very good idea . @ LambaAlka is vry competent leadr a … https // t . co / zWGv8MdZag,2,@ Dr _ priyaranjan _ @ htdelhi @ SheilaDikshit @ LambaAlka Yes it is very good idea . @ LambaAlka is vry competent leadr a … // t . co / zWGv8MdZag,positive,positive,84.25
15258,@ aajtak @ asadowaisi Kyunki Owaisi sir khud hate speech dekr violence faila rhe haiinhe bhi pm ki tarah sbka Vishwa … https // t co / fyLDn4hsd8,0,@ aajtak @ asadowaisi Kyunki Owaisi sir khud hate speech dekr violence faila rhe haiinhe bhi pm ki tarah sbka Vishwa … // t co / fyLDn4hsd8,negative,negative,80.41
30607,@ abpnewshindi Lo bhai yeh Pappu hai ki manta he nahi . Phir comedy suru kar diya isne . Are bhai Pappu ab bhi nahi sa … https // t . co / mkEGle1Oxv,1,@ abpnewshindi Lo bhai yeh Pappu hai ki manta he nahi . Phir comedy suru kar diya isne . Are bhai Pappu ab bhi nahi sa … // t . co / mkEGle1Oxv,neutral,neutral,70.36
748,🌺 Ekto aap log 😉 muskurate bhut ho ...... or sharmate 😆 bhi bhut ho ..... Dil to karta hi Aaplogon ko Eid pr bolaun ..… https // t . co / uWH4extxel,2,🌺 Ekto aap log 😉 muskurate bhut ho ...... or sharmate 😆 bhi bhut ho ..... Dil to karta hi Aaplogon ko Eid pr bolaun ..… // t . co / uWH4extxel,positive,positive,61.45
11028,@ NoemiSallum Good morning my dear Sister Happy Saturday and weekend Jay Shree Ram Jay Shree Bajrangbali Dada https // t . co / RiajYpBoBG,2,@ NoemiSallum Good morning my dear Sister Happy Saturday and weekend Jay Shree Ram Jay Shree Bajrangbali Dada // t . co / RiajYpBoBG,positive,positive,85.32
15339,@ DesiStupides @ dhruv _ rathee Apne pappu ki degree ka pata kr lo pehle thappad Wo to havard fail hai .. r agr padha bhi … https // t . co / ZTbtUCwv3N,0,@ DesiStupides @ dhruv _ rathee Apne pappu ki degree ka pata kr lo pehle thappad Wo to havard fail hai .. r agr padha bhi … // t . co / ZTbtUCwv3N,negative,negative,76.79
2523,My Brother in Law explaining me how Pakistain is just reliving the 92 world cup . He yar 92 mein WI is Pakistan p … https // t . co / Rzdj4216GP,0,My Brother in Law explaining me how Pakistain is just reliving the 92 world cup . He yar 92 mein WI is Pakistan p … // t . co / Rzdj4216GP,negative,neutral,75.23
1802,RT @ Jihoonie _ Kang Waah so cute 💞 https // t co / iNiTl3yAhl,2,RT @ Jihoonie _ Kang Waah so cute 💞 // t co / iNiTl3yAhl,positive,positive,84.17
40028,@ DrNehalVaidya Janath ka CM ho ya ... of India Ka PM ho ... Election jeetne ana chayiye by hook & crook kaam koi nahi d … https // t . co / Axe4TQRjyE,1,@ DrNehalVaidya Janath ka CM ho ya ... of India Ka PM ho ... Election jeetne ana chayiye by hook & crook kaam koi nahi d … // t . co / Axe4TQRjyE,neutral,negative,59.71
35671,Mat Ri Ye people around the globeeeeeee ...# EidMubarak # kosongkosong,1,Mat Ri Ye people around the globeeeeeee ...# EidMubarak # kosongkosong,neutral,positive,83.95
25719,Ma'm Inko Itna Arrogance Hai ke Haar Ko Pacha Nahi Paa rahe hai !! Jab Raja Ravan Ka Ghamand Nahi raha to Unke Samn … https // t co / ry6DuQesMq,0,Ma'm Inko Itna Arrogance Hai ke Haar Ko Pacha Nahi Paa rahe hai !! Jab Raja Ravan Ka Ghamand Nahi raha to Unke Samn … // t co / ry6DuQesMq,negative,neutral,71.13
14219,Rajasthan m Hindu ladki se rape uske bad usko mar diya gya police ne koi karwayi nhi ki kyonki wo log Muslim th … https // t co / swVyhMyb3L,0,Rajasthan m Hindu ladki se rape uske bad usko mar diya gya police ne koi karwayi nhi ki kyonki wo log Muslim th … // t co / swVyhMyb3L,negative,negative,51.22
36988,@ IqraAzizz Hae sadkayyyy bohat hi pyari ending hi hai drame ki 😍😍😍😍 bhola theek ho gaya 💗💗💗 very good very good 😍😍… https // t . co / Tj95t5lWMR,1,@ IqraAzizz Hae sadkayyyy bohat hi pyari ending hi hai drame ki 😍😍😍😍 bhola theek ho gaya 💗💗💗 very good very good 😍😍… // t . co / Tj95t5lWMR,neutral,positive,70.19
202,@ Itz _ aziz __ Congress ne ye nirnay liya hai ki anchor agar insaan ho to jae Bhokne wale kutte ho jaise ki Amish sad … https // t . co / uoplZP0NPo,0,@ Itz _ aziz __ Congress ne ye nirnay liya hai ki anchor agar insaan ho to jae Bhokne wale kutte ho jaise ki Amish sad … // t . co / uoplZP0NPo,negative,negative,80.73
32474,kuch yaadei behad khoobsurat hoti hai I LOVE YOU @ GautamGambhir thank u for all this beautiful memories ❤💞💞💞 https // t . co / yf5dB6McG1,2,kuch yaadei behad khoobsurat hoti hai I LOVE YOU @ GautamGambhir thank u for all this beautiful memories ❤💞💞💞 // t . co / yf5dB6McG1,positive,positive,85.53
3625,@ BBCHindi @ abhisar _ sharma @ abhisarji # govt to 5sal to sirf # jumla diya hum e Ye # bjp # sarkar # jumle K siwa aur k … https // t co / 1gLTD5bl6a,1,@ BBCHindi @ abhisar _ sharma @ abhisarji # govt to 5sal to sirf # jumla diya hum e Ye # bjp # sarkar # jumle K siwa aur k … // t co / 1gLTD5bl6a,neutral,neutral,74.84
30608,@ Dee _ licious __ Cheer up luv I don ’ t know why but someone else is far worse off than you Bella 😘,2,@ Dee _ licious __ Cheer up luv I don ’ t know why but someone else is far worse off than you Bella 😘,positive,neutral,73.62
4609,@ rjraunac Dekh bhai @ ImranKhanPTI subhkamnaye apni jagah par modi ji se jayda narmi ki umeed mat rkhna Ghr me gh … https // t co / E11SobtBbQ,2,@ rjraunac Dekh bhai @ ImranKhanPTI subhkamnaye apni jagah par modi ji se jayda narmi ki umeed mat rkhna Ghr me gh … // t co / E11SobtBbQ,positive,positive,85.17
19505,RT @ p _ darshi @ HardeepSPuri We wish Guru Nagri Sri Amritsar Sahib ji gives you strength to complete what you started . Jaypee voting conclud …,2,RT @ p _ darshi @ HardeepSPuri We wish Guru Nagri Sri Amritsar Sahib ji gives you strength to complete what you started . Jaypee voting conclud …,positive,positive,85.44
17964,RT @ ShrutiRedFm Ab lagta hai social media ki aabo hawa mei sudhar aayega # chunavkhatam apna kaam kare warna appraisal mei apke numbers zar …,1,RT @ ShrutiRedFm Ab lagta hai social media ki aabo hawa mei sudhar aayega # chunavkhatam apna kaam kare warna appraisal mei apke numbers zar …,neutral,neutral,72.94
24654,@ BC _ News _ Hindi @ Rajveer _ Khirja @ ManojTiwariMP He is gavaiya too . MP banne ki aukat nahi hai uski lekin modi raaj me … https // t . co / 8TDAqmbcpZ,0,@ BC _ News _ Hindi @ Rajveer _ Khirja @ ManojTiwariMP He is gavaiya too . MP banne ki aukat nahi hai uski lekin modi raaj me … // t . co / 8TDAqmbcpZ,negative,neutral,63.44
11903,@ waglenikhil Are u a fucking illiterate ? Chutiye ja apni dimak ka illage karwa . Dont bark like a mad dog .,0,@ waglenikhil Are u a fucking illiterate ? Chutiye ja apni dimak ka illage karwa . Dont bark like a mad dog .,negative,negative,80.83
20056,RT @_ Unique _ Lover Happy birthday sister @ ImPoojaInsan ji Saint Dr MSG Insan Ji bless you for Max Sewa Simran and Parmarth # LifeStyleTi …,2,RT @_ Unique _ Lover Happy birthday sister @ ImPoojaInsan ji Saint Dr MSG Insan Ji bless you for Max Sewa Simran and Parmarth # LifeStyleTi …,positive,positive,85.49
10588,Kya prediction hai aapki is world cup ko lekar ?? World Cup 2019 🏆 @ msdhoni & virat kohli If You Fan of B … https // t co / SOXHkmB1nE,1,Kya prediction hai aapki is world cup ko lekar ?? World Cup 2019 🏆 @ msdhoni & virat kohli If You Fan of B … // t co / SOXHkmB1nE,neutral,neutral,71.1
25171,@ Sadia _ Khan10 Ramadan Kareem mobarak aap ko Allah khoobsorat bnaya aap ko InshaAllah khoobsorat kaam bhi karti hogi … https // t co / m1ohbePAAU,2,@ Sadia _ Khan10 Ramadan Kareem mobarak aap ko Allah khoobsorat bnaya aap ko InshaAllah khoobsorat kaam bhi karti hogi … // t co / m1ohbePAAU,positive,positive,84.85
38152,@ Dream11 Apne aaj tk kisi winner ko nhi btaya aur dream11 wale khud apni team banaker khelte h jo players acha chlt … https // t co / 1uQH6IHhL5,1,@ Dream11 Apne aaj tk kisi winner ko nhi btaya aur dream11 wale khud apni team banaker khelte h jo players acha chlt … // t co / 1uQH6IHhL5,neutral,neutral,65.38
22093,@ BeingSalmanKhan # i mbharat love your mom and dad because . maa baap sabke kismat mai nhi hote hai jiski kismat Mai m … https // t . co / lHIYDRHuev,2,@ BeingSalmanKhan # i mbharat love your mom and dad because . maa baap sabke kismat mai nhi hote hai jiski kismat Mai m … // t . co / lHIYDRHuev,positive,positive,83.28
43518,Abb na Government Body pe bharosha raha nahi kisi Institution pe Vajah hi nahi he koi kyuki koi sunn ne wala nahi 🙏 https // t . co / 6P8YH9EKEe,0,Abb na Government Body pe bharosha raha nahi kisi Institution pe Vajah hi nahi he koi kyuki koi sunn ne wala nahi 🙏 // t . co / 6P8YH9EKEe,negative,negative,58.37
16643,Congrats Seng and Jao Factor ! Best Wishes 💞 https // t . co / cKIb3NGNUk,2,Congrats Seng and Jao Factor ! Best Wishes 💞 // t . co / cKIb3NGNUk,positive,positive,85.5
8940,RT @ JoshiJubin @ HumorouslyVipul @ one _ by _ two Sindhi se tum saans lene ki hawa nahi chura sakoge .... fans to duur ki baat hai .,2,RT @ JoshiJubin @ HumorouslyVipul @ one _ by _ two Sindhi se tum saans lene ki hawa nahi chura sakoge .... fans to duur ki baat hai .,positive,negative,79.87
35909,@ TechnicalGuruji # BoloGuruji Mera bass ekhi sawaal jo humesha puchta hu lakin pick kabhi nahi hoti umid hai aaj pic … https // t . co / 3nA5psNFQa,1,@ TechnicalGuruji # BoloGuruji Mera bass ekhi sawaal jo humesha puchta hu lakin pick kabhi nahi hoti umid hai aaj pic … // t . co / 3nA5psNFQa,neutral,neutral,75.24
36886,RT @ crazychic450 Jabtak talent ka baja jeb mei nahi hoga sapno ka music kabhi sunai nahi dega The dreams we see are innumerable but no …,2,RT @ crazychic450 Jabtak talent ka baja jeb mei nahi hoga sapno ka music kabhi sunai nahi dega The dreams we see are innumerable but no …,positive,neutral,70.05
2946,@ SushantBSinha That's the difference b / w khud ka dimag se bolna aur dusare k boli ko repeat karke bolna 😊,1,@ SushantBSinha That's the difference b / w khud ka dimag se bolna aur dusare k boli ko repeat karke bolna 😊,neutral,neutral,74.47
4217,@ sakshijoshii @ news24tvchannel @ syedzafarBJP Ye sirf mamta ko badnaam kar rahe hai sarkar aur vaha ke kuch log bhi … https // t . co / gwS7XR3UF3,0,@ sakshijoshii @ news24tvchannel @ syedzafarBJP Ye sirf mamta ko badnaam kar rahe hai sarkar aur vaha ke kuch log bhi … // t . co / gwS7XR3UF3,negative,negative,80.73
29068,Ye lagta hi najaiz h .. nikalo is kuty ko pak sar zaim se .. jis k munh ma jo ata h bhonk dayta h .. waja ? Koi nai … https // t . co / JerIdknMj3,0,Ye lagta hi najaiz h .. nikalo is kuty ko pak sar zaim se .. jis k munh ma jo ata h bhonk dayta h .. waja ? Koi nai … // t . co / JerIdknMj3,negative,negative,80.83
1756,Parang ako lang nung bata https // t . co / 3sdnZ1gA8l,2,Parang ako lang nung bata // t . co / 3sdnZ1gA8l,positive,neutral,73.43
29799,@ Shehzad _ Ind @ narendramodi Love to see the happiness on mothers face .... Parmatma aise khushi har maa-baap ko dae ..… https // t . co / 36pMT2vSt2,2,@ Shehzad _ Ind @ narendramodi Love to see the happiness on mothers face .... Parmatma aise khushi har maa-baap ko dae ..… // t . co / 36pMT2vSt2,positive,positive,85.46
38146,@ RoflGandhi _ @ ShayarImran Mere very very respected sir elder bhaijaaan i love u very very much sir i prayed to fod … https // t co / 6ZFJUxhPwP,2,@ RoflGandhi _ @ ShayarImran Mere very very respected sir elder bhaijaaan i love u very very much sir i prayed to fod … // t co / 6ZFJUxhPwP,positive,positive,85.52
3351,@ Ravneet75163731 White sahi rehega . skyblue ka koi bharosa nahi raha ab . Woh baljit ki friend skyblue pehan ke hi ga … https // t . co / Fiiixxlo3K,0,@ Ravneet75163731 White sahi rehega . skyblue ka koi bharosa nahi raha ab . Woh baljit ki friend skyblue pehan ke hi ga … // t . co / Fiiixxlo3K,negative,neutral,73.49
18455,Ram Ram Sabji Bhaiyo ko https // t . co / eLLpB6hKSG,1,Ram Ram Sabji Bhaiyo ko // t . co / eLLpB6hKSG,neutral,neutral,68.6
2146,@ Snowflake _ 3925 Kadi ninda is his hathi k daat for political correctness . He has done a brilliant job as HM so far,2,@ Snowflake _ 3925 Kadi ninda is his hathi k daat for political correctness . He has done a brilliant job as HM so far,positive,positive,85.04
38193,Kapil ji kuch esy bi jin ky pass farzi degree bi nai fir bi chal rehy h https // tco / ImKyObULLo,0,Kapil ji kuch esy bi jin ky pass farzi degree bi nai fir bi chal rehy h // tco / ImKyObULLo,negative,neutral,74.54
27364,@ munneb11 Family background ka keh ni sqtai cause kaee ldkiyan fake naam sai ids banati h n pics upload krti bina ghr walu ki ijazat k 😕😕,1,@ munneb11 Family background ka keh ni sqtai cause kaee ldkiyan fake naam sai ids banati h n pics upload krti bina ghr walu ki ijazat k 😕😕,neutral,neutral,60.5
880,Dil k khush krny ko ghalib khyal acha ha .... what a myth 😂 https // t . co / efnod8IjPj,1,Dil k khush krny ko ghalib khyal acha ha .... what a myth 😂 // t . co / efnod8IjPj,neutral,neutral,74.74
36835,@ Bajwas24 @ Abbasi20566201 mat badnaam krain pakistan karachi ko . yeah india main howa . utube par last december k hai,1,@ Bajwas24 @ Abbasi20566201 mat badnaam krain pakistan karachi ko . yeah india main howa . utube par last december k hai,neutral,negative,75.25
26444,It ’ s not a Mets game without Karen @ GoMets01 . I hope you are on the mend and feeling better each day ! We ’ ll be h … https // t . co / XzhdaL9dQT,2,It ’ s not a Mets game without Karen @ GoMets01 . I hope you are on the mend and feeling better each day ! We ’ ll be h … // t . co / XzhdaL9dQT,positive,positive,85.16
11297,BJP ko Election mein fayada hua perntu bahut saare kaaryakarta on ka nuksaan hua sadsya mare gaye aur abhi bhee … https // t . co / yiBhoCcTjI,1,BJP ko Election mein fayada hua perntu bahut saare kaaryakarta on ka nuksaan hua sadsya mare gaye aur abhi bhee … // t . co / yiBhoCcTjI,neutral,neutral,53.48
18453,@ PTIofficial @ MominaBasit1 Shame on ashrafia kitna maal jama keroge haram khoro Sab yahim chor ke mar jate ho lalac … https // t . co / 51Re1rW4pX,0,@ PTIofficial @ MominaBasit1 Shame on ashrafia kitna maal jama keroge haram khoro Sab yahim chor ke mar jate ho lalac … // t . co / 51Re1rW4pX,negative,negative,80.82
4391,you love to embarrass me like this im never forgiving you ever zaleel o ruswa kardiya hai humien kanjaron … https // t . co / yq1PVKXFMJ,0,you love to embarrass me like this im never forgiving you ever zaleel o ruswa kardiya hai humien kanjaron … // t . co / yq1PVKXFMJ,negative,positive,85.38
21042,Eid mubarak 2019 / eid mubarak whatsapp status new / eid ul fitr wishes ... https // t . co / zuvbnTtdD1 via @ YouTube,2,Eid mubarak 2019 / eid mubarak whatsapp status new / eid ul fitr wishes ... // t . co / zuvbnTtdD1 via @ YouTube,positive,positive,84.84
34795,@ TechnicalGuruji @ YouTubeIndia Guruji ki tech talk dekhe Bina toh neend hi Nahi aayi 🙂🤗😌😗😙😚😘😍🤩,1,@ TechnicalGuruji @ YouTubeIndia Guruji ki tech talk dekhe Bina toh neend hi Nahi aayi 🙂🤗😌😗😙😚😘😍🤩,neutral,neutral,74.5
29171,@ ASK7799 @ IbnKhayyam Ab in ki bkwas band ho gai ho gi or ya chup gay ho gay bed ka necha .....,0,@ ASK7799 @ IbnKhayyam Ab in ki bkwas band ho gai ho gi or ya chup gay ho gay bed ka necha .....,negative,neutral,61.64
33469,@ Shubham52778434 @ RahulGandhi @ INCIndia Wo isliye nahi pahuchayi qki uski apni popularity Kam ho jati aur yahi Kara … https // t . co / rAdISDKlBB,1,@ Shubham52778434 @ RahulGandhi @ INCIndia Wo isliye nahi pahuchayi qki uski apni popularity Kam ho jati aur yahi Kara … // t . co / rAdISDKlBB,neutral,negative,61.88
17975,Hum abhi tak tumse baat kar rahe hai . Bahar log yeh bhi nahi kar rahe honge ... Hum jaise sabhi tumpe hasenge .. por … https // t . co / lsXqqFFJ2i,1,Hum abhi tak tumse baat kar rahe hai . Bahar log yeh bhi nahi kar rahe honge ... Hum jaise sabhi tumpe hasenge .. por … // t . co / lsXqqFFJ2i,neutral,negative,80.59
17320,Purd bhumat se Vijay huye mere payare aadarniy pm Modiji hi badhai ho ram rajy agaya bhagva ek bar fir sunami bn kr … https // t . co / Q4Ckk88iyb,2,Purd bhumat se Vijay huye mere payare aadarniy pm Modiji hi badhai ho ram rajy agaya bhagva ek bar fir sunami bn kr … // t . co / Q4Ckk88iyb,positive,positive,85.52
28989,@ rasikbpatel22 @ Riteishd @ kamaalrkhan Are Tune Thik Se dekha nahi Bey .....!!! Ye tota nahi ... Presenting .... The R … https // t . co / p9i9cyrQvm,1,@ rasikbpatel22 @ Riteishd @ kamaalrkhan Are Tune Thik Se dekha nahi Bey .....!!! Ye tota nahi ... Presenting .... The R … // t . co / p9i9cyrQvm,neutral,neutral,70.86
28274,@ myanagha @ meenasingh1970 @ waglenikhil @ TVMohandasPai just mock him wherever u see sala urban naxal kahika,0,@ myanagha @ meenasingh1970 @ waglenikhil @ TVMohandasPai just mock him wherever u see sala urban naxal kahika,negative,negative,80.66
15178,@ kewat _ tejas @ rk1ziddy ha 13 ko mera chemistry ka paper tha aur 20 ko exam khatm hua miss ho gaya nahi to main atte … https // t co / EnOZ3PYrnp,1,@ kewat _ tejas @ rk1ziddy ha 13 ko mera chemistry ka paper tha aur 20 ko exam khatm hua miss ho gaya nahi to main atte … // t co / EnOZ3PYrnp,neutral,neutral,75.17
10187,@ 1420kunal @ N42121319 @ MsSanskriti @ TheHinduMag @ the _ hindu @ nathan _ archana bol lo waise bhi bhakto ko authentic degree waale raas nahi aate,1,@ 1420kunal @ N42121319 @ MsSanskriti @ TheHinduMag @ the _ hindu @ nathan _ archana bol lo waise bhi bhakto ko authentic degree waale raas nahi aate,neutral,neutral,68.53
11689,Skyping with my family like “ Look at my beautiful baby ” 😂 . . . # cat # kitty # chat # minou # miaou # meow #猫 #ねこ #ネコ… https // t . co / URsyrkitma,1,Skyping with my family like “ Look at my beautiful baby ” 😂 . . . # cat # kitty # chat # minou # miaou # meow #猫 #ねこ #ネコ… // t . co / URsyrkitma,neutral,positive,81.32
5859,RT @ BJYM Sabka Saath Sabka Vikas Sabka Vishwas # VijayiBharat @ poonam _ mahajan https // t co / l59zNY0W7x,2,RT @ BJYM Sabka Saath Sabka Vikas Sabka Vishwas # VijayiBharat @ poonam _ mahajan // t co / l59zNY0W7x,positive,positive,84.72
2432,@ Neha12992243 @ zainkaphankha @ Rajveer __ Singh Vo kainat ke pass nahi jaega but Saltanat dusre ke pass jaegi zaroon is looking so hurt n angry,2,@ Neha12992243 @ zainkaphankha @ Rajveer __ Singh Vo kainat ke pass nahi jaega but Saltanat dusre ke pass jaegi zaroon is looking so hurt n angry,positive,negative,61.94
3355,South Africa without Steyn be like hum Shareef keya hovey bangali badmash ban Gaye 330 for 6. Chase on # CWC19 # SAvBAN,2,South Africa without Steyn be like hum Shareef keya hovey bangali badmash ban Gaye 330 for 6. Chase on # CWC19 # SAvBAN,positive,neutral,72.06
41,Madarchod mulle ye mathura me Nahi dikha tha jab mullo ne Hindu ko iss liye mara ki vo lasse ki paise mag liye the … https // t . co / oxf8tr3bly,0,Madarchod mulle ye mathura me Nahi dikha tha jab mullo ne Hindu ko iss liye mara ki vo lasse ki paise mag liye the … // t . co / oxf8tr3bly,negative,negative,80.55
43757,@ squintneon @ divya _ katoch6 Ab har baar EVM ko blame karenge to log bore ho jaenge na 😂😂😂 Ye sb apni aatma ko shaant krne k totke hai,1,@ squintneon @ divya _ katoch6 Ab har baar EVM ko blame karenge to log bore ho jaenge na 😂😂😂 Ye sb apni aatma ko shaant krne k totke hai,neutral,neutral,47.2
13652,Hamare captain Shri @ dhaikilokatweet ko 15K hone ki shubhkamnaye Umar se nahi budhbak followers se . Waise umar ab 55 hai .,2,Hamare captain Shri @ dhaikilokatweet ko 15K hone ki shubhkamnaye Umar se nahi budhbak followers se . Waise umar ab 55 hai .,positive,positive,58.89
20380,@ A _ Zeeshan23 Aj ko Ch ö ren nechy kal or parsu ka dekhein,1,@ A _ Zeeshan23 Aj ko Ch ö ren nechy kal or parsu ka dekhein,neutral,neutral,72.27
17334,@ Amirasalaah74 Happy birthday ya 2mr w rbna ywf2k 💖💖,2,@ Amirasalaah74 Happy birthday ya 2mr w rbna ywf2k 💖💖,positive,positive,85.09
4545,@ pokershash @ bprerna Bawdi GA ... D Chutiya banati he public ko MC mulli,0,@ pokershash @ bprerna Bawdi GA ... D Chutiya banati he public ko MC mulli,negative,negative,80.84
39854,@ ashutosh83B Aise bikaaua media me kisi ko nhi jaana chahiye Kaaash Congress 2013 me Anna ko jail me daal deti t … https // t co / i24ZQNDL9f,0,@ ashutosh83B Aise bikaaua media me kisi ko nhi jaana chahiye Kaaash Congress 2013 me Anna ko jail me daal deti t … // t co / i24ZQNDL9f,negative,negative,73.97
34441,AGAR GALTI SE YE BHOSDIWALA TRUCK K NICHE AJATA TO AZADI KA RANDI RONA KRNE WALE AJATE BHOSDI K KI HUMARA BEKASOOR … https // t . co / TLPYdz5lXT,0,AGAR GALTI SE YE BHOSDIWALA TRUCK K NICHE AJATA TO AZADI KA RANDI RONA KRNE WALE AJATE BHOSDI K KI HUMARA BEKASOOR … // t . co / TLPYdz5lXT,negative,negative,77.92
16743,RT @ mohammadalyyy Jani hamare to koi larki tweets tak like nahi karti . https // t . co / mrCkqLjR3i,1,RT @ mohammadalyyy Jani hamare to koi larki tweets tak like nahi karti . // t . co / mrCkqLjR3i,neutral,neutral,63.59
4385,@ SuhaibBadshahhH Sorry not moulana iss kutte suwwar ka number hiske bhi pass hai do muje please its a humble request,0,@ SuhaibBadshahhH Sorry not moulana iss kutte suwwar ka number hiske bhi pass hai do muje please its a humble request,negative,negative,77.98
23574,Good luck to @ Billy and @ SmashingPumpkin as they kick off their European tour today ! https // t co / HPU2ilPcIF,2,Good luck to @ Billy and @ SmashingPumpkin as they kick off their European tour today ! // t co / HPU2ilPcIF,positive,positive,85.12
26842,@ MaryamNSharif Nawaz shareef sub accha hy app log shindh ke hukumranoo sy behter hain per Ap logoo ka kahna hy a … https // t co / flkrn0jRij,1,@ MaryamNSharif Nawaz shareef sub accha hy app log shindh ke hukumranoo sy behter hain per Ap logoo ka kahna hy a … // t co / flkrn0jRij,neutral,negative,75.47
2391,@ smritiirani @ TajinderBagga @ MODIfiedVikas Abse sab log sirf nahane ke baad hi jai shree ram ke nare lagayenge .. au … https // t . co / k4geuHt3By,1,@ smritiirani @ TajinderBagga @ MODIfiedVikas Abse sab log sirf nahane ke baad hi jai shree ram ke nare lagayenge .. au … // t . co / k4geuHt3By,neutral,neutral,68.81
4034,@ MirSahi13615940 @ ShanNayakk Haramzade hamare tukdo pe palta hai hamein aakh dikhata hai ... kutte tu pagal ho gaya … https // t . co / nRQ55gHy1h,0,@ MirSahi13615940 @ ShanNayakk Haramzade hamare tukdo pe palta hai hamein aakh dikhata hai ... kutte tu pagal ho gaya … // t . co / nRQ55gHy1h,negative,negative,80.84
42642,@ imtariq07 @ junedskhan87 arrey bahi hai behn lipika chipkali @ RubikaLiyaquat hai @ abpnewstv ka fake 2rupee dumb tonic wala anchor hai,2,@ imtariq07 @ junedskhan87 arrey bahi hai behn lipika chipkali @ RubikaLiyaquat hai @ abpnewstv ka fake 2rupee dumb tonic wala anchor hai,positive,negative,80.76
42611,@ RavishKumar _ @ RavishKumarBlog @ ravishndtv @ ndtvindia @ ndtv Ye TV vale ka bap bada harai kutta hai jab se bjp s … https // t co / BuxCEKbhVC,0,@ RavishKumar _ @ RavishKumarBlog @ ravishndtv @ ndtvindia @ ndtv Ye TV vale ka bap bada harai kutta hai jab se bjp s … // t co / BuxCEKbhVC,negative,negative,80.84
38353,@ rafiullahkakar @ Aliwazirna50 @ BBhuttoZardari Uska keera nikala ja raha ha Don't worry He'll be fine,1,@ rafiullahkakar @ Aliwazirna50 @ BBhuttoZardari Uska keera nikala ja raha ha Don't worry He'll be fine,neutral,neutral,73.74
666,@ TarekFatah Bas isse jyaada badi tumhari soch ho bhi nhi sakti jo kisi ko clothes se judge karte ho .... Shame on you Sir ... @ TarekFatah,0,@ TarekFatah Bas isse jyaada badi tumhari soch ho bhi nhi sakti jo kisi ko clothes se judge karte ho .... Shame on you Sir ... @ TarekFatah,negative,negative,80.68
37417,RT @ MisterHugotero I hate saying this but uhh I still love you,2,RT @ MisterHugotero I hate saying this but uhh I still love you,positive,positive,78.26
15635,RT @ Seems3r let's get ready for some tough decisions !!! India's new Home minister is @ AmitShah !!!! Kis kis ko chahiye aazadi ????,1,RT @ Seems3r let's get ready for some tough decisions !!! India's new Home minister is @ AmitShah !!!! Kis kis ko chahiye aazadi ????,neutral,neutral,71.39
4694,RT @ NupurSharmaBJP @ sambitswaraj With you Sambit You fought a hard election and you fought it well ! Congratulations on the spirited conte …,2,RT @ NupurSharmaBJP @ sambitswaraj With you Sambit You fought a hard election and you fought it well ! Congratulations on the spirited conte …,positive,positive,85.55
9581,Icc world cup ke joh warm up match hue hai ji woh bhaut interesting hue hai ji AMAZING Superstar Jai hind ji to … https // t co / oZF2zZKjpq,2,Icc world cup ke joh warm up match hue hai ji woh bhaut interesting hue hai ji AMAZING Superstar Jai hind ji to … // t co / oZF2zZKjpq,positive,positive,85.15
293,Bhai sree Narendra Modi ji aapko hamari or se bahot bahot badhai ab AAP ko mandir or Dhara 310 ka kaam karna he or … https // t co / hMrRyKZiBc,1,Bhai sree Narendra Modi ji aapko hamari or se bahot bahot badhai ab AAP ko mandir or Dhara 310 ka kaam karna he or … // t co / hMrRyKZiBc,neutral,positive,85.49
8223,@ iamkhalid __ a @ bjplao @ kavyakishan4 @ SanjayAzadSln to fir ye bhi afvaah hai ki inko peetne wale Hindu hain aur BJP … https // t . co / 3nEgG3ZPSi,0,@ iamkhalid __ a @ bjplao @ kavyakishan4 @ SanjayAzadSln to fir ye bhi afvaah hai ki inko peetne wale Hindu hain aur BJP … // t . co / 3nEgG3ZPSi,negative,negative,75.75
19405,@ shazz468 @ Bhar _ me _ jao Propose krna h to ghr ly k jao proposal 🙂 izzat do agli bndi ko dates marny ka na socho,2,@ shazz468 @ Bhar _ me _ jao Propose krna h to ghr ly k jao proposal 🙂 izzat do agli bndi ko dates marny ka na socho,positive,neutral,73.34
1476,@ ZarinaBano _ Bharat ka Musalman hamesha secular govt k liye vote karta raha hai karta rahega . Haar jeet 1 sikke k d … https // t . co / CsOiGgFeOR,2,@ ZarinaBano _ Bharat ka Musalman hamesha secular govt k liye vote karta raha hai karta rahega . Haar jeet 1 sikke k d … // t . co / CsOiGgFeOR,positive,positive,78.24
347,RT @ shirai _ io On sale today # NXTTakeOverXXV !! It ’ s my entrance mask . quality is very very nice 👍🏻 Even back side too . Coming soon @ WW …,2,RT @ shirai _ io On sale today # NXTTakeOverXXV !! It ’ s my entrance mask . quality is very very nice 👍🏻 Even back side too . Coming soon @ WW …,positive,positive,82.69
21115,@ AWGoraya Koi media confirm nahi kar raha par khabar gardesh kar raha he Kash etni jaldi na marey esi tarah onko … https // t co / CNOxtCKc76,1,@ AWGoraya Koi media confirm nahi kar raha par khabar gardesh kar raha he Kash etni jaldi na marey esi tarah onko … // t co / CNOxtCKc76,neutral,neutral,67.32
14679,@ chemc1990 @ imsabbah Ab isme kya trap .... sound pollution Ko to secular ( asli wala ) rehne diya jaye,1,@ chemc1990 @ imsabbah Ab isme kya trap .... sound pollution Ko to secular ( asli wala ) rehne diya jaye,neutral,negative,78.99
8201,Happy Birthday # Dabangg girl # sonakshisinha Wish you a many many happy returns of the day 🎊🎉🎂😘😘 https // t . co / 29SypyPgWW,2,Happy Birthday # Dabangg girl # sonakshisinha Wish you a many many happy returns of the day 🎊🎉🎂😘😘 // t . co / 29SypyPgWW,positive,positive,85.47
23737,@ sardanarohit Rohit ji ye @ ashutosh83B waqt congres ki tarafdari kyo krta hai Congres ashutosh ko kitna payment … https // t co / 3FfYrxi2dE,0,@ sardanarohit Rohit ji ye @ ashutosh83B waqt congres ki tarafdari kyo krta hai Congres ashutosh ko kitna payment … // t co / 3FfYrxi2dE,negative,neutral,74.06
29530,# KareenaKapoorKhan - Our Bebo beauty Queen comes back with a Bang in her ' Dance India Dance ' Show as The Super Judg … https // t . co / LdqapAr8Fv,1,# KareenaKapoorKhan - Our Bebo beauty Queen comes back with a Bang in her ' Dance India Dance ' Show as The Super Judg … // t . co / LdqapAr8Fv,neutral,positive,83.19
15210,alguien ya vio love death & robots ? ta bna ?,2,alguien ya vio love death & robots ? ta bna ?,positive,neutral,67.44
40673,@ AmitShah @ narendramodi @ TajinderBagga 2014 and 2019 ke elections jo ki aur tough the BJP ke against sab mil ke l … https // t co / wnWML4blNp,1,@ AmitShah @ narendramodi @ TajinderBagga 2014 and 2019 ke elections jo ki aur tough the BJP ke against sab mil ke l … // t co / wnWML4blNp,neutral,neutral,71.94
23090,@ Sr _ DME _ CW _ ALD @ drmrnc @ RailwaySeva @ crsechgser @ drmncrald Besharmi ke sath gate theek nahi hua hope you people wi … https // t . co / cbXTHB1Y0m,1,@ Sr _ DME _ CW _ ALD @ drmrnc @ RailwaySeva @ crsechgser @ drmncrald Besharmi ke sath gate theek nahi hua hope you people wi … // t . co / cbXTHB1Y0m,neutral,neutral,74.31
41804,@ DubeyAbhayRofl Bharat Mata Ki Jai Jai Shri Ram Mandir Wahi banaenge Modi hai to mumkin hai Abki bar Firse Modi Sar … https // t . co / iWb7IZvr1Y,1,@ DubeyAbhayRofl Bharat Mata Ki Jai Jai Shri Ram Mandir Wahi banaenge Modi hai to mumkin hai Abki bar Firse Modi Sar … // t . co / iWb7IZvr1Y,neutral,neutral,64.28
32301,RT @ Kaalateetham This is how they infiltrate our system . This is why we want # FCRA to be cancelled altogether . We are today a trillion $…,1,RT @ Kaalateetham This is how they infiltrate our system . This is why we want # FCRA to be cancelled altogether . We are today a trillion $…,neutral,negative,75.74
9264,RT @ mansh _ manish # SiddhuQuitPolitics seems it ’ s been two days in a row this hashtag has been trending .. kuch to lihaz kar lo .. baatein to aa …,1,RT @ mansh _ manish # SiddhuQuitPolitics seems it ’ s been two days in a row this hashtag has been trending .. kuch to lihaz kar lo .. baatein to aa …,neutral,neutral,73.43
21818,Good morning kyu . Don't forget to breakfast . Hv a nice day * gaemgyu,2,Good morning kyu . Don't forget to breakfast . Hv a nice day * gaemgyu,positive,positive,85.14
43867,Wedding Dream Of Teena Liyanage Decors WOW Photography Sandun Wijesinghe Venue Suriya Resort Special Thanks … https // t . co / jdYWMMQEzR,2,Wedding Dream Of Teena Liyanage Decors WOW Photography Sandun Wijesinghe Venue Suriya Resort Special Thanks … // t . co / jdYWMMQEzR,positive,positive,70.51
22077,RT @ RishiKapoorFC1 Sweet memories Raj Saab with lil # RanbirRajKapoor n Riddhima Sahni . Thank you @ NeileshBhatt https // t . co / OoqHQnSuNR,2,RT @ RishiKapoorFC1 Sweet memories Raj Saab with lil # RanbirRajKapoor n Riddhima Sahni . Thank you @ NeileshBhatt // t . co / OoqHQnSuNR,positive,positive,85.44
21278,@ billy _ ope My meme partner ! Happy birthday O G Age with Grace !! Here is a gift for your birthday !! 👇 https // t co / X8lUvzAmCu,2,@ billy _ ope My meme partner ! Happy birthday O G Age with Grace !! Here is a gift for your birthday !! 👇 // t co / X8lUvzAmCu,positive,positive,85.31
22624,@ Uriddhi3190 Acp khud case 321ko leke presan h bechara dar dar bhtk rha hai 😜 Ab to mn kr rha h adu ko udaipur jake … https // t . co / 5vY9js0dNo,1,@ Uriddhi3190 Acp khud case 321ko leke presan h bechara dar dar bhtk rha hai 😜 Ab to mn kr rha h adu ko udaipur jake … // t . co / 5vY9js0dNo,neutral,neutral,69.39
37499,Jab se khan SAHAB ne hamare mulk ko chalane ka theeka uthaya he tab se BIJLI ki load shedding mein bhi had se ziyad … https // t . co / d6UPICUJBF,1,Jab se khan SAHAB ne hamare mulk ko chalane ka theeka uthaya he tab se BIJLI ki load shedding mein bhi had se ziyad … // t . co / d6UPICUJBF,neutral,neutral,69.13
20210,@ shameenyusafzai Aaj ye soch kar bheja k last day hai vacation task melay ga lakin kambakhti ne vacation hi nahi di,0,@ shameenyusafzai Aaj ye soch kar bheja k last day hai vacation task melay ga lakin kambakhti ne vacation hi nahi di,negative,neutral,75.28
43193,@ shomraturi @ asadowaisi Chup baitho be ullu to Tom log ho modi chor ko satta me baitha diye pagalo dekho Kya haal k … https // t co / aVRB6PgAne,1,@ shomraturi @ asadowaisi Chup baitho be ullu to Tom log ho modi chor ko satta me baitha diye pagalo dekho Kya haal k … // t co / aVRB6PgAne,neutral,negative,80.82
910,@ ZeeNews @ asadowaisi One more thing ... think before you talk ... becoz tenants have to pay rent ... Aur aap se to abh … https // t . co / OwLy2IXi8J,1,@ ZeeNews @ asadowaisi One more thing ... think before you talk ... becoz tenants have to pay rent ... Aur aap se to abh … // t . co / OwLy2IXi8J,neutral,neutral,73.69
29680,@ MamataOfficial didi aap ko Jai Shree Ram me fasa k apna mota bhai @ AmitShah Bengal jeetne ki taiyari me lag gaya … https // t . co / aOhmPn65cI,1,@ MamataOfficial didi aap ko Jai Shree Ram me fasa k apna mota bhai @ AmitShah Bengal jeetne ki taiyari me lag gaya … // t . co / aOhmPn65cI,neutral,neutral,68.77
7583,@ SanjayAzadSln Ye jo peet rahe hai unke thopade pe likha hai vo BJP ke hai ?? Ya tujhey specially aa kar bataya hai … https // t . co / PW7H5uHz7P,0,@ SanjayAzadSln Ye jo peet rahe hai unke thopade pe likha hai vo BJP ke hai ?? Ya tujhey specially aa kar bataya hai … // t . co / PW7H5uHz7P,negative,negative,66.26
19955,@ DrKumarVishwas Aap bhi nikle the lekin halaat yeh hai aaj kal dhobhi ka kutta na ghar ka na ghaat ka Or jinke k … https // tco / OrocI0K110,1,@ DrKumarVishwas Aap bhi nikle the lekin halaat yeh hai aaj kal dhobhi ka kutta na ghar ka na ghaat ka Or jinke k … // tco / OrocI0K110,neutral,negative,73.82
20852,@ GulzarBaig5 Tashadud ke sat malvi ka neeyat bi kharab horah tah bachey per,0,@ GulzarBaig5 Tashadud ke sat malvi ka neeyat bi kharab horah tah bachey per,negative,negative,52.43
2353,@ Rabiaa _ here ghr waly chor deny hen life style badal lena hai lekin Thori minnatain nahi krni Ego hurt hoti he maharaaniyon ki !,0,@ Rabiaa _ here ghr waly chor deny hen life style badal lena hai lekin Thori minnatain nahi krni Ego hurt hoti he maharaaniyon ki !,negative,negative,80.44
5584,Wazeer Azam Hind Modi sab aur unki kabeena ko tahe DIL se Mubarakbad pesh karta Hun https // t . co / SbNK8Ix3C2,2,Wazeer Azam Hind Modi sab aur unki kabeena ko tahe DIL se Mubarakbad pesh karta Hun // t . co / SbNK8Ix3C2,positive,positive,84.1
301,I hope I see my baby this weekend but highly doubt it 🥺 ugh,1,I hope I see my baby this weekend but highly doubt it 🥺 ugh,neutral,positive,58.59
14324,@ KDPatelboss @ PrajapatiNick2 Sir yahan pe hindu aur muslim ki baat nahi haiinsaaniyat mar gayi hai logon mein aise … https // t . co / 8FJdeRyhUR,0,@ KDPatelboss @ PrajapatiNick2 Sir yahan pe hindu aur muslim ki baat nahi haiinsaaniyat mar gayi hai logon mein aise … // t . co / 8FJdeRyhUR,negative,negative,76.1
27716,@ narendramodi my father big fan of Ur PM Modi ji isliye apke sapath grahan 26/5/2014 or now 30/5/2019 ke subh aw … https // t co / teE332TPaM,1,@ narendramodi my father big fan of Ur PM Modi ji isliye apke sapath grahan 26/5/2014 or now 30/5/2019 ke subh aw … // t co / teE332TPaM,neutral,positive,82.69
10626,@ narendramodi Sir Atalji is always with us Aapko bahut bahut subhkamnaaye prabhu aapko aur jyada shakti pradan … https // t co / g5n2efM0yd,2,@ narendramodi Sir Atalji is always with us Aapko bahut bahut subhkamnaaye prabhu aapko aur jyada shakti pradan … // t co / g5n2efM0yd,positive,positive,85.53
6904,@ AnjumHassaan lekin ALLAH ny dosru ki islah ka zaroor hukam diya hai . Agr koi galt kr rha ho aur hum usko roky naw … https // t . co / 8VpAH4cTgJ,1,@ AnjumHassaan lekin ALLAH ny dosru ki islah ka zaroor hukam diya hai . Agr koi galt kr rha ho aur hum usko roky naw … // t . co / 8VpAH4cTgJ,neutral,positive,79.63
36300,@ Nayanesh16 Ekdm sahi kha tumne dipika ki chut ka jo grm mut hoga uska mza hi alg hoga aur huma ki bdi gori lal ched vali gand se nikala mal,0,@ Nayanesh16 Ekdm sahi kha tumne dipika ki chut ka jo grm mut hoga uska mza hi alg hoga aur huma ki bdi gori lal ched vali gand se nikala mal,negative,negative,80.85
34451,@ PiyushGoyal sir ji mai vikas tiwari meri taraf se aap ko namste dishtik bhadhohi tahsil aurai uttarpradeh ke madha … https // t co / mAzVpftp79,1,@ PiyushGoyal sir ji mai vikas tiwari meri taraf se aap ko namste dishtik bhadhohi tahsil aurai uttarpradeh ke madha … // t co / mAzVpftp79,neutral,positive,84.61
23167,@ aajtak @ sardanarohit Sahi kiya midia me sirf 1 ko Desbhakt dikhana hai baki jo BJP se nahi juda wo desdrohi hai y … https // t co / NB9V4yEwPT,1,@ aajtak @ sardanarohit Sahi kiya midia me sirf 1 ko Desbhakt dikhana hai baki jo BJP se nahi juda wo desdrohi hai y … // t co / NB9V4yEwPT,neutral,negative,72.96
22468,@ AishaDilnashin1 @ iamsrk @ SRKsZahiba @ Khanmuj33950878 How sweet yr tm such mein bhut achi Ho Thank you janu,2,@ AishaDilnashin1 @ iamsrk @ SRKsZahiba @ Khanmuj33950878 How sweet yr tm such mein bhut achi Ho Thank you janu,positive,positive,85.47
27579,@ sakshi _ 995 .. what a joke sharam nahi ati ??? Just bc WE are Hindu and follow the rules doesn ’ t mean the world has … https // t . co / SiHc04qKfS,0,@ sakshi _ 995 .. what a joke sharam nahi ati ??? Just bc WE are Hindu and follow the rules doesn ’ t mean the world has … // t . co / SiHc04qKfS,negative,negative,74.83
13708,@ sardanarohit TV debates se sirf logon ke dimag me tatti bhari jaati hai journalists BJP ke anchor ban jaate hain … https // t co / 9W84jm6Hhu,0,@ sardanarohit TV debates se sirf logon ke dimag me tatti bhari jaati hai journalists BJP ke anchor ban jaate hain … // t co / 9W84jm6Hhu,negative,neutral,72.07
22163,Jind Jaan - Official Trailer | Rajvir Jawanda Sara Sharmaa Upasana Singh Jaswinder Bhalla best songs hd songs … https // t . co / mF9Gd2QXy9,2,Jind Jaan - Official Trailer | Rajvir Jawanda Sara Sharmaa Upasana Singh Jaswinder Bhalla best songs hd songs … // t . co / mF9Gd2QXy9,positive,positive,77.92
31743,RT @ mn80450449 Shoaib Akhtar ko just aj ki generation Hero & Legend maanti jis ne iss ka career dekha he ni hai .. He was indisciplined …,0,RT @ mn80450449 Shoaib Akhtar ko just aj ki generation Hero & Legend maanti jis ne iss ka career dekha he ni hai .. He was indisciplined …,negative,neutral,62.5
39517,RT @ kiara _ mehta # ParmarthiDiwasWithBloodDonation Wish you all a very happy Parmarth Diwas @ Gurmeetramrahim https // t co / GvyCef0BgX,2,RT @ kiara _ mehta # ParmarthiDiwasWithBloodDonation Wish you all a very happy Parmarth Diwas @ Gurmeetramrahim // t co / GvyCef0BgX,positive,positive,85.4
14391,@ IndiaToday Ye temple aur isme jo paisa h ye kya tumhara baap rakh kr gya h Why don't you give money from your p … https // t . co / yQB5n81ra0,0,@ IndiaToday Ye temple aur isme jo paisa h ye kya tumhara baap rakh kr gya h Why don't you give money from your p … // t . co / yQB5n81ra0,negative,negative,80.15
25574,@ ifOnlyKewal Jiske naam pe filme chlti thi na wo usse desh nhi chla wps industry chla gya aur ab industry me bhi nh … https // t . co / XEfzk6f0nO,1,@ ifOnlyKewal Jiske naam pe filme chlti thi na wo usse desh nhi chla wps industry chla gya aur ab industry me bhi nh … // t . co / XEfzk6f0nO,neutral,negative,74.28
30967,@ drakesis _ @ Shirin _ Afruj @ ritz _ roop Me tera dil kese tod skta 😌😌,2,@ drakesis _ @ Shirin _ Afruj @ ritz _ roop Me tera dil kese tod skta 😌😌,positive,neutral,72.88
21579,@ mani _ 410 @ Iamben27 SA sabhi WC me semi final toh khelti but iss baar toh vo bhi nahi hoga . BB11 ke time kisko predict kiya tha ? Hina ?,1,@ mani _ 410 @ Iamben27 SA sabhi WC me semi final toh khelti but iss baar toh vo bhi nahi hoga . BB11 ke time kisko predict kiya tha ? Hina ?,neutral,neutral,75.17
9039,@ waglenikhil @ TVMohandasPai Block karane walo Mai dum nahi hota bhagode hote hai Jab jawab nahi de sakate to block Kara dete hai,0,@ waglenikhil @ TVMohandasPai Block karane walo Mai dum nahi hota bhagode hote hai Jab jawab nahi de sakate to block Kara dete hai,negative,negative,66.68
15073,@ global _ ajit Wo gunda gandhi jisaka beta musalaman bana kya gandhi murkh gadaha tha jo etihash nahi padha tha jo m … https // t . co / rJJseniwkt,0,@ global _ ajit Wo gunda gandhi jisaka beta musalaman bana kya gandhi murkh gadaha tha jo etihash nahi padha tha jo m … // t . co / rJJseniwkt,negative,negative,80.5
28990,Happy Birthday @ hobiotics !!! 🎈🎂🎁 Hope you have a wonderful day and many many more filled with lots of BTS and JHop … https // t . co / zTqra87yBZ,1,Happy Birthday @ hobiotics !!! 🎈🎂🎁 Hope you have a wonderful day and many many more filled with lots of BTS and JHop … // t . co / zTqra87yBZ,neutral,positive,85.49
43094,@ yadavakhilesh Babuya kya karoge aab OBC aur Sac ST ke dialogue bhi kaam nahi kar raha No Modi will ban caste sys … https // t co / o4fkiGmbLJ,1,@ yadavakhilesh Babuya kya karoge aab OBC aur Sac ST ke dialogue bhi kaam nahi kar raha No Modi will ban caste sys … // t co / o4fkiGmbLJ,neutral,negative,61.36
5659,@ thewirehindi Bsdk maafi hi to mangi thi atleast angrejo k sath baith kr dinner to nahi kiye .,1,@ thewirehindi Bsdk maafi hi to mangi thi atleast angrejo k sath baith kr dinner to nahi kiye .,neutral,neutral,51.28
20264,A little try of the song khoyi khoyi yadein sang by Shreya ji 🥰🥰 @ shreyaghoshal https // t co / H06Kf7HLI1,1,A little try of the song khoyi khoyi yadein sang by Shreya ji 🥰🥰 @ shreyaghoshal // t co / H06Kf7HLI1,neutral,positive,50.76
30145,@ Sreeja _ Smiles Ahahahhaa .... those days feeling nostalgic .... Well Indian advertising industry has evolved over th … https // t . co / K5TSyNgo8X,2,@ Sreeja _ Smiles Ahahahhaa .... those days feeling nostalgic .... Well Indian advertising industry has evolved over th … // t . co / K5TSyNgo8X,positive,positive,77.31
25158,@ zartajgulwazir @ tas _ butt Pakistan ma kya apki hi sister ne ki hai PHD ? shame on u jis waja se hum ne imran ko vot … https // t . co / wj7bgzYluq,0,@ zartajgulwazir @ tas _ butt Pakistan ma kya apki hi sister ne ki hai PHD ? shame on u jis waja se hum ne imran ko vot … // t . co / wj7bgzYluq,negative,negative,80.74
30362,@ dasannann Mainey baba key Mangal aarti key samay inhein Dekha hai Subah subah padhtey huye vishwanath Mandir mein … https // t co / CziLgfY5ht,1,@ dasannann Mainey baba key Mangal aarti key samay inhein Dekha hai Subah subah padhtey huye vishwanath Mandir mein … // t co / CziLgfY5ht,neutral,neutral,61.93
3321,@ AHfoodie00 😂😂😂 @ tusi _ kon ya bi ak song lover hy 🙊,2,@ AHfoodie00 😂😂😂 @ tusi _ kon ya bi ak song lover hy 🙊,positive,neutral,50.35
9329,@ munirahmedap Ye Qanoon - e-Fitrat hai Social System jo Khuda n design kiya is m Mard ko hi agay chalna hai wo dun … https // t co / zllhJbml0n,2,@ munirahmedap Ye Qanoon - e-Fitrat hai Social System jo Khuda n design kiya is m Mard ko hi agay chalna hai wo dun … // t co / zllhJbml0n,positive,neutral,72.01
25706,@ rufaroboity @ tariwemadimples Hahaha love is not for us veduwe,2,@ rufaroboity @ tariwemadimples Hahaha love is not for us veduwe,positive,neutral,74.31
3369,@ anjanaomkashyap feku ne 5 sal jo wade 2014 me kiye the tumne kitne programm un wado pr kiye h jo wo kbhi pura hi n … https // t . co / QBZXvAeRmx,1,@ anjanaomkashyap feku ne 5 sal jo wade 2014 me kiye the tumne kitne programm un wado pr kiye h jo wo kbhi pura hi n … // t . co / QBZXvAeRmx,neutral,neutral,72.09
32328,You realize yet ... ain ’ t nobody showed you “ real ” love like mines ... smh yoo fr # mood,1,You realize yet ... ain ’ t nobody showed you “ real ” love like mines ... smh yoo fr # mood,neutral,neutral,73.09
5114,@ sabtv Sir Alladin ke jariye aap ne Hume bachpan yaad dilaya hai thanks for that but story me kabhi kabhi th … https // t co / 0btCbEyuYw,1,@ sabtv Sir Alladin ke jariye aap ne Hume bachpan yaad dilaya hai thanks for that but story me kabhi kabhi th … // t co / 0btCbEyuYw,neutral,positive,84.98
22190,@ Warrior _ K9 _ Mujhe bhi i love aalo tikki 🤤 Vegetables khaya kr ..😒,1,@ Warrior _ K9 _ Mujhe bhi i love aalo tikki 🤤 Vegetables khaya kr ..😒,neutral,positive,84.69
11709,RT @ kch _ mat _ kaho Dil se to nahi ho or wese shakal ka to mjhe pata nahi but aesa kch matter nahi krta 😛 https // t . co / wt1UGn42OS,1,RT @ kch _ mat _ kaho Dil se to nahi ho or wese shakal ka to mjhe pata nahi but aesa kch matter nahi krta 😛 // t . co / wt1UGn42OS,neutral,neutral,73.44
19510,RT @ yoginisd Reason #100045 why @ INCIndia lost . They think MPs job is to get you out off a traffic ticket or get that Tatkal ticket . With …,1,RT @ yoginisd Reason #100045 why @ INCIndia lost . They think MPs job is to get you out off a traffic ticket or get that Tatkal ticket . With …,neutral,neutral,47.3
42417,RT @ AKShalmeen24 @ Saj _ PakPassion Drugs leta he BC dope test karao 4 sal k lye bahir hoga .,0,RT @ AKShalmeen24 @ Saj _ PakPassion Drugs leta he BC dope test karao 4 sal k lye bahir hoga .,negative,negative,80.74
43982,@ Gurmeetramrahim @ derasachasauda # love _ u _ meet _ papa # dhan _ dhan _ satguru _ tera _ hi _ aasra Gud morning satgur maula bless … https // t co / Ut79Cz5Oy1,2,@ Gurmeetramrahim @ derasachasauda # love _ u _ meet _ papa # dhan _ dhan _ satguru _ tera _ hi _ aasra Gud morning satgur maula bless … // t co / Ut79Cz5Oy1,positive,positive,85.45
13935,RT @ V _ Basilio08 Happy Birthday @ SimplyGlyzz 🎉💘 I miss you ( have a blast and stay gorg mwa ! see u soon > 0 kwento kana haaa iloveyous …,2,RT @ V _ Basilio08 Happy Birthday @ SimplyGlyzz 🎉💘 I miss you ( have a blast and stay gorg mwa ! see u soon > 0 kwento kana haaa iloveyous …,positive,positive,85.48
28159,@ Sheenokhan938 @ Ali _ MuhammadPTI Mard ka baita aisa hota hay ? He is doing his best to proxy govt .,0,@ Sheenokhan938 @ Ali _ MuhammadPTI Mard ka baita aisa hota hay ? He is doing his best to proxy govt .,negative,neutral,46.64
16096,@ SehranKhan14 @ HerNameIs _ Bea Iske zimmedar wo harami maulana aur algaowadi neta h jo apne bacchon ko foreign mein p … https // t co / SfHsfCnrbn,0,@ SehranKhan14 @ HerNameIs _ Bea Iske zimmedar wo harami maulana aur algaowadi neta h jo apne bacchon ko foreign mein p … // t co / SfHsfCnrbn,negative,negative,80.65
4701,RT @__ sqbans __ @ 75sabiha Congrats aapi 😍 for 11K followers 😊 Allah kare jis trah ap yhan achi batein bta rahi usi trah Allah apko or h …,1,RT @__ sqbans __ @ 75sabiha Congrats aapi 😍 for 11K followers 😊 Allah kare jis trah ap yhan achi batein bta rahi usi trah Allah apko or h …,neutral,positive,85.46
6459,RT @ JanaBendov Great question and great answer from @ Yanni see https // t . co / kExQHjgxFT https // t . co / yAnaYcs5uI,2,RT @ JanaBendov Great question and great answer from @ Yanni see // t . co / kExQHjgxFT // t . co / yAnaYcs5uI,positive,positive,78.74
7330,@ fatima _ says _ Yr wo English ka paper lhr me postpone hogaya tha wo 4 ko ha,1,@ fatima _ says _ Yr wo English ka paper lhr me postpone hogaya tha wo 4 ko ha,neutral,neutral,75.14
31866,RT @ viewsini Aslam o alikum jumma Mubarak statusRamzan ka last jumma Alvida Ramzan ka ... https // t . co / Rx03DcuXcT via @ YouTube,2,RT @ viewsini Aslam o alikum jumma Mubarak statusRamzan ka last jumma Alvida Ramzan ka ... // t . co / Rx03DcuXcT via @ YouTube,positive,neutral,59.27
24087,@ AskAnshul Anshul vaiya ek educational problem hai pehle main khud try karta ho solve karne k liye agar Nahi hua to … https // t . co / Wo1YP43mnL,1,@ AskAnshul Anshul vaiya ek educational problem hai pehle main khud try karta ho solve karne k liye agar Nahi hua to … // t . co / Wo1YP43mnL,neutral,neutral,74.97
25266,@ dsanjeebkumar @ IndiaPatriot01 Bhai ye dekh kar to lgta hai aap Yogi Ji ke rste chl rahe ho 😜,2,@ dsanjeebkumar @ IndiaPatriot01 Bhai ye dekh kar to lgta hai aap Yogi Ji ke rste chl rahe ho 😜,positive,neutral,73.38
8191,@ StarBharat @ OfficialHelly7 Confession chaiye but milegi nahi pata hai mujhe 😤😤😤 writers itne meharban nahi hone wal … https // t . co / SnHI0OS7Mx,2,@ StarBharat @ OfficialHelly7 Confession chaiye but milegi nahi pata hai mujhe 😤😤😤 writers itne meharban nahi hone wal … // t . co / SnHI0OS7Mx,positive,neutral,74.98
4877,@ imtspai @ Swamy39 Jai italy ne bs jebloty aur kuch nahi kiya agar opposition itni nikammi aur Hindu virodhi na h … https // t co / FlX8QRsRZw,1,@ imtspai @ Swamy39 Jai italy ne bs jebloty aur kuch nahi kiya agar opposition itni nikammi aur Hindu virodhi na h … // t co / FlX8QRsRZw,neutral,negative,77.82
25172,@ HardikPatel _ In sab ke bad bhi modi ne purn Bahumat sesarkar bnai . Sochne ki jrurt hai tum jaise brast netao ko . J … https // t . co / 9DEHgWcCvU,0,@ HardikPatel _ In sab ke bad bhi modi ne purn Bahumat sesarkar bnai . Sochne ki jrurt hai tum jaise brast netao ko . J … // t . co / 9DEHgWcCvU,negative,negative,78.36
37422,@ varnishant Mc tere ko abhi bhi koi sharam nahi aati na hrami dalle roz gaali khata hai logon se ab to tera Khana … https // t . co / b6d0GCAIzz,0,@ varnishant Mc tere ko abhi bhi koi sharam nahi aati na hrami dalle roz gaali khata hai logon se ab to tera Khana … // t . co / b6d0GCAIzz,negative,negative,80.85
26100,RT @ profpaVarghese I love you brute Hindu majority # Bharatd world's torch bearer of tolerance & d beacon of peace & non violence . Your sons &…,2,RT @ profpaVarghese I love you brute Hindu majority # Bharatd world's torch bearer of tolerance & d beacon of peace & non violence . Your sons &…,positive,positive,85.56
743,@ EkAbhijeet @ Bollyhungama @ akshaykumar @ vidya _ balan Monday bakri eid h wom badia hua toh 💯 kr skti .. 15-20mint ka role h shyd sir ka,2,@ EkAbhijeet @ Bollyhungama @ akshaykumar @ vidya _ balan Monday bakri eid h wom badia hua toh 💯 kr skti .. 15-20mint ka role h shyd sir ka,positive,neutral,68.35
20406,RT @ TechnicalGuruji Good Morning Dosto ... Aap ke liye seedha @ realmemobiles factory se ekdum fresh smartphones ... Kya kehte ho ?? https // t . c …,1,RT @ TechnicalGuruji Good Morning Dosto ... Aap ke liye seedha @ realmemobiles factory se ekdum fresh smartphones ... Kya kehte ho ?? // t . c …,neutral,neutral,59.8
21961,@ ChMSarwar Achi sooch hai sir .. Allah kry continue rhy .,2,@ ChMSarwar Achi sooch hai sir .. Allah kry continue rhy .,positive,positive,85.12
40799,@ icedtea28 @ tapasya _ s @ BJP4India Why does BJP have to punish him ? They just have to ensure that they dont interfere … https // t . co / RWofymJuWp,1,@ icedtea28 @ tapasya _ s @ BJP4India Why does BJP have to punish him ? They just have to ensure that they dont interfere … // t . co / RWofymJuWp,neutral,negative,59.2
232,Jab tak Ramji k charno me girkar mangoge nahi paoge nhi ! Bhole baba ne hath khde kar liye Main unke khne pe nhi … https // t co / fMEP7RdPbS,0,Jab tak Ramji k charno me girkar mangoge nahi paoge nhi ! Bhole baba ne hath khde kar liye Main unke khne pe nhi … // t co / fMEP7RdPbS,negative,neutral,71.01
19791,@ MrsFeku @ ektaravikapoor Ab yeh to afva nahi hai ke pappu ke pichhwade pe laat maar key eh TULSI ne ukhad fenk diya … https // t . co / LXqpLN7w2M,0,@ MrsFeku @ ektaravikapoor Ab yeh to afva nahi hai ke pappu ke pichhwade pe laat maar key eh TULSI ne ukhad fenk diya … // t . co / LXqpLN7w2M,negative,negative,80.77
12642,@ SRKsHarry Tottenham ... Liverpool ko support nhi h Liverpool ka kismat nhi h ... BC dekhunga hi nhi 😂🙏,0,@ SRKsHarry Tottenham ... Liverpool ko support nhi h Liverpool ka kismat nhi h ... BC dekhunga hi nhi 😂🙏,negative,negative,68.34
20339,💖 Good morning my sweet sweet papa @ Gurmeetramrahim ji 💖 🌲 Plz bless me & my family more sewa sumiran pa … https // t . co / VryclP34aK,1,💖 Good morning my sweet sweet papa @ Gurmeetramrahim ji 💖 🌲 Plz bless me & my family more sewa sumiran pa … // t . co / VryclP34aK,neutral,positive,85.52
33539,RT @ abhisingh3091 Went nostalgic seeing this old episode of # laughterchallenge .. mazza aagaya @ KapilSharmaK9 paaji the journey from this s …,1,RT @ abhisingh3091 Went nostalgic seeing this old episode of # laughterchallenge .. mazza aagaya @ KapilSharmaK9 paaji the journey from this s …,neutral,positive,61.75
822,@ RajivBrar1810 @ addatoday @ ajaydevgn @ Rakulpreet Bhai plz bhagwan kre # Bharat acchi movie ho qki # dedepyarde jitna … https // t co / bAac04J8Yo,1,@ RajivBrar1810 @ addatoday @ ajaydevgn @ Rakulpreet Bhai plz bhagwan kre # Bharat acchi movie ho qki # dedepyarde jitna … // t co / bAac04J8Yo,neutral,positive,74.37
22452,@ narendramodi @ Azali _ officiel Greatest person modi ji aapko jeet ki bahut bahut badhai pr sath m ek request h ki ku … https // t co / OZR1B5b2f1,2,@ narendramodi @ Azali _ officiel Greatest person modi ji aapko jeet ki bahut bahut badhai pr sath m ek request h ki ku … // t co / OZR1B5b2f1,positive,positive,85.49
30310,@ fatwaman _ return Abe pagal ho kya Kuon Islam Ko Badnaam kar rahe ho Kahan Karachi aur Kahan Ranchi ... Ranchi is nam … https // t . co / ZTBolem0Oi,0,@ fatwaman _ return Abe pagal ho kya Kuon Islam Ko Badnaam kar rahe ho Kahan Karachi aur Kahan Ranchi ... Ranchi is nam … // t . co / ZTBolem0Oi,negative,negative,80.69
1425,RT @ empireofthekop WE CAN'T PUT INTO WORDS HOW MUCH WE LOVE THIS MAN ! NO ONE HAS EVER DESERVED ANYTHING MORE ! # LFC ❤️ https // t . co / SYN9vnY …,1,RT @ empireofthekop WE CAN'T PUT INTO WORDS HOW MUCH WE LOVE THIS MAN ! NO ONE HAS EVER DESERVED ANYTHING MORE ! # LFC ❤️ // t . co / SYN9vnY …,neutral,positive,85.52
3940,@ SushantBSinha HA sahi suna h 1988 ke email jaisa . Pehle khud ka system toh update kr lo . Bahut saare virus h sinha babu .,0,@ SushantBSinha HA sahi suna h 1988 ke email jaisa . Pehle khud ka system toh update kr lo . Bahut saare virus h sinha babu .,negative,neutral,74.81
29396,I love you with all my heart 💜💜 https // t . co / ltP1VMLyo6,2,I love you with all my heart 💜💜 // t . co / ltP1VMLyo6,positive,positive,85.46
24658,@ manakgupta Bol na ki Rahul Gandhi zimmedar hai ... Opposition ne achchi policies nahi banayi ..! . Gobhi inka baap … https // t . co / 0hNHgO9pQX,2,@ manakgupta Bol na ki Rahul Gandhi zimmedar hai ... Opposition ne achchi policies nahi banayi ..! . Gobhi inka baap … // t . co / 0hNHgO9pQX,positive,negative,80.75
6990,I kicked my best friend bcoz I'm sexy https // t co / lTtMd3zPty,1,I kicked my best friend bcoz I'm sexy // t co / lTtMd3zPty,neutral,positive,84.85
27980,RT @ DeepakU98464903 Modi ji aapko bahot bahot badhai ho ki aap hamary desh ky fir dobara mp bny aap agy bhi esa kam kriyega hamy aapsy yah …,2,RT @ DeepakU98464903 Modi ji aapko bahot bahot badhai ho ki aap hamary desh ky fir dobara mp bny aap agy bhi esa kam kriyega hamy aapsy yah …,positive,positive,85.54
15931,@ ShAhZad8787 @ Rabipirzada Jo cheez 3000 ki 350 me mily kitna pesa save hoga ... jo video me api ne kaha .. kesi ki help ho jai gi us se,2,@ ShAhZad8787 @ Rabipirzada Jo cheez 3000 ki 350 me mily kitna pesa save hoga ... jo video me api ne kaha .. kesi ki help ho jai gi us se,positive,neutral,75.3
6101,@ narendramodi Modi ji ko Pranaam aap jarrurr lijiye Ashirwaad aur Kashi bhi jaaiye lekin saath hi saatha hamaare S … https // t . co / VgeZRVn6AP,2,@ narendramodi Modi ji ko Pranaam aap jarrurr lijiye Ashirwaad aur Kashi bhi jaaiye lekin saath hi saatha hamaare S … // t . co / VgeZRVn6AP,positive,positive,84.99
1179,Manmohan Singh being considered for party presidents post Ek chuppi hazaar baton se behtar hai usse badhiya udaharan nahi ho sakta,1,Manmohan Singh being considered for party presidents post Ek chuppi hazaar baton se behtar hai usse badhiya udaharan nahi ho sakta,neutral,neutral,73.41
9535,@ Afreen __ 10 Execept Mother Har Larki ki Mohabbat Halat ke sath hoti hai Insan se nahen Agar aaaj halat sahe nqhi … https // t co / pspeLjq9Ds,0,@ Afreen __ 10 Execept Mother Har Larki ki Mohabbat Halat ke sath hoti hai Insan se nahen Agar aaaj halat sahe nqhi … // t co / pspeLjq9Ds,negative,positive,85.22
28629,@ RahulGandhi @ INCIndia Tu to ab sb ko congratulations hi bolta rheo tujai to koi bolai ga nhi chutiya sala bhaut bo … https // t co / lGvNczGgyO,0,@ RahulGandhi @ INCIndia Tu to ab sb ko congratulations hi bolta rheo tujai to koi bolai ga nhi chutiya sala bhaut bo … // t co / lGvNczGgyO,negative,negative,79.73
6478,@ iamsrk @ narendramodi @ BJP4India congratulations to prime minister ( adarana pradhan mantri ) NERANDRA MODI ji won th … https // t . co / Ta0dk14mzB,2,@ iamsrk @ narendramodi @ BJP4India congratulations to prime minister ( adarana pradhan mantri ) NERANDRA MODI ji won th … // t . co / Ta0dk14mzB,positive,positive,85.47
2721,Ya girl is wala nang balak mag enroll,0,Ya girl is wala nang balak mag enroll,negative,neutral,74.74
24563,RT @ Mitesh _ Engr Loss hua koi baat nahi .. Pakistan 105 me all out ho gaya dekh ke achha laga ..😂,2,RT @ Mitesh _ Engr Loss hua koi baat nahi .. Pakistan 105 me all out ho gaya dekh ke achha laga ..😂,positive,neutral,73.99
32379,@ muirtheimhne Oh wow that's fabulous happy birthday Mammy MacCraith 🎂,1,@ muirtheimhne Oh wow that's fabulous happy birthday Mammy MacCraith 🎂,neutral,positive,85.43
19074,@ RahulGandhi Rahul ji mp ki sarkar hum govt college ke Aatithi Vidwan guest contractual Assistant proffesor ko vach … https // t . co / INWiUE22zU,2,@ RahulGandhi Rahul ji mp ki sarkar hum govt college ke Aatithi Vidwan guest contractual Assistant proffesor ko vach … // t . co / INWiUE22zU,positive,neutral,73.72
42600,@ TheRealPCB yeh Sarfraz ko samjhao ke throw pe wicket pe aya karay bara aya nawab ka bacha @ SarfarazA _ 54 insan ban ke wickey keeping kar .,0,@ TheRealPCB yeh Sarfraz ko samjhao ke throw pe wicket pe aya karay bara aya nawab ka bacha @ SarfarazA _ 54 insan ban ke wickey keeping kar .,negative,neutral,46.93
5654,@ iam _ Amit _ ray BJP ka kaam hi hamara prachar hai . Ham kabhibhi rukenge nahi . Modiji se jyada jimmedari karyakartao k … https // t . co / nfV4YcK1k1,2,@ iam _ Amit _ ray BJP ka kaam hi hamara prachar hai . Ham kabhibhi rukenge nahi . Modiji se jyada jimmedari karyakartao k … // t . co / nfV4YcK1k1,positive,positive,68.81
14570,RT @ Sweetrthenhoney @ Smiley _ Facee97 You ’ re so cute Hawa 😂😍 miss you so much !,2,RT @ Sweetrthenhoney @ Smiley _ Facee97 You ’ re so cute Hawa 😂😍 miss you so much !,positive,positive,85.48
7221,RT @_ LoveLike _ JESUS . GOD creates GOD loves GOD hears GOD helps GOD heals GOD saves GOD speaks GOD blesses GOD teaches GOD watches GOD ans …,2,RT @_ LoveLike _ JESUS . GOD creates GOD loves GOD hears GOD helps GOD heals GOD saves GOD speaks GOD blesses GOD teaches GOD watches GOD ans …,positive,positive,85.33
28520,@ TheRealPCB In abnormals ko sirf short balls khilao bc Or bowlers ko sirf yorkers ki practice karwao bs,1,@ TheRealPCB In abnormals ko sirf short balls khilao bc Or bowlers ko sirf yorkers ki practice karwao bs,neutral,neutral,52.65
1685,@ TarekFatah Mota bhai @ AmitShah we have so much expectations from you .. pls band karo this gunda gardi,1,@ TarekFatah Mota bhai @ AmitShah we have so much expectations from you .. pls band karo this gunda gardi,neutral,negative,46.38
13764,@ narendramodi Namastey Sir 🙏🙏🙏 Heartily Congratulations on your 2nd Swearing-in Ceremony ... Arun Kanduri from Visakhapatnam ..🙏🙏🙏,2,@ narendramodi Namastey Sir 🙏🙏🙏 Heartily Congratulations on your 2nd Swearing-in Ceremony ... Arun Kanduri from Visakhapatnam ..🙏🙏🙏,positive,positive,85.49
42944,Congratulations to our most beloved Cheif Minister of Andhra Pradesh YS Jagan Mohan Reddy @ ysjagan God bless richly and abundantly,2,Congratulations to our most beloved Cheif Minister of Andhra Pradesh YS Jagan Mohan Reddy @ ysjagan God bless richly and abundantly,positive,positive,85.53
34521,@___ Tinka Yes shit I ’ m going through one,1,@___ Tinka Yes shit I ’ m going through one,neutral,neutral,75.29
42797,@_ YogendraYadav Aap itne krantikari Dimaag k hai to pls thoda gyaan ka Prakash @ INCIndia m bhariye .. AAP ka kya haa … https // t . co / 7nLG1wnm3c,1,@_ YogendraYadav Aap itne krantikari Dimaag k hai to pls thoda gyaan ka Prakash @ INCIndia m bhariye .. AAP ka kya haa … // t . co / 7nLG1wnm3c,neutral,positive,67.45
32889,@ girirajsinghbjp Congrats Sir . We need your help to see our country to get new heights in your pashupaalan ministry … https // t . co / 4ernmccAeX,1,@ girirajsinghbjp Congrats Sir . We need your help to see our country to get new heights in your pashupaalan ministry … // t . co / 4ernmccAeX,neutral,positive,85.48
12518,@ narendramodi I love u Modi ji .... maine kavi netaji ko nehi dekha ... aaap ho mera Netaji ... bharat ka Netaji ....… https // t . co / qr5QaIVWXM,2,@ narendramodi I love u Modi ji .... maine kavi netaji ko nehi dekha ... aaap ho mera Netaji ... bharat ka Netaji ....… // t . co / qr5QaIVWXM,positive,positive,85.5
30257,ShaitAn To My Best Friend 👇 https // t co / ZnUXUgFUBI,1,ShaitAn To My Best Friend 👇 // t co / ZnUXUgFUBI,neutral,neutral,59.45
12805,@ Ayeshakhan3651 Waalakum us Salam same to you with prayers khosh Rahan,2,@ Ayeshakhan3651 Waalakum us Salam same to you with prayers khosh Rahan,positive,positive,85.31
27225,@ BhootSantosh @ paree7861 4 is best km kharcha full charcha,2,@ BhootSantosh @ paree7861 4 is best km kharcha full charcha,positive,neutral,59.29
40621,@ Aviyaan _ S @ RafiqAl76235547 @ bittusempire @ narendramodi BJP ki kissi bhi rally mein bheed nahi thi to vote kisne di … https // t . co / ToOrxPOjP0,1,@ Aviyaan _ S @ RafiqAl76235547 @ bittusempire @ narendramodi BJP ki kissi bhi rally mein bheed nahi thi to vote kisne di … // t . co / ToOrxPOjP0,neutral,neutral,70.11
15115,@ nita _ notambani James harden ko dadi katne ko mat bolo warna adha American dadi catlega,1,@ nita _ notambani James harden ko dadi katne ko mat bolo warna adha American dadi catlega,neutral,neutral,53.76
8886,@ priyanka _ dear Hmmm aap mera mobile recharge karva do we can be best friends 😍😍😍,1,@ priyanka _ dear Hmmm aap mera mobile recharge karva do we can be best friends 😍😍😍,neutral,positive,84.01
5721,@ kaaficonscious Sir Kuchh logo ke question poochhne ka tareeqa ka samajh nahi ata . Condescending sa laga . Jaise a … https // t . co / T1kXhqxm6z,1,@ kaaficonscious Sir Kuchh logo ke question poochhne ka tareeqa ka samajh nahi ata . Condescending sa laga . Jaise a … // t . co / T1kXhqxm6z,neutral,neutral,66.54
27961,@ MaryamNSharif Karai key tatwon ko Paisey dey ker vedio bananey sey tumara hisab baraber nahi ho jaiga ! Tum our tum … https // t . co / GMhcOxtKLG,1,@ MaryamNSharif Karai key tatwon ko Paisey dey ker vedio bananey sey tumara hisab baraber nahi ho jaiga ! Tum our tum … // t . co / GMhcOxtKLG,neutral,negative,80.51
29884,Oh ! I also got a picture with the cool kids . Damn it's fun to keep up with this energy . @ ans _ dhar @ vibamohan _… https // t . co / uChVnc3ETy,2,Oh ! I also got a picture with the cool kids . Damn it's fun to keep up with this energy . @ ans _ dhar @ vibamohan _… // t . co / uChVnc3ETy,positive,positive,85.39
35533,# Pathan Ki Girlfriend Ne Usy Message Kya I Miss You Buhat Dair Sochne K Bad # Pathan Ne Jawab Diya Ok Muje Manzor He I Student You !,2,# Pathan Ki Girlfriend Ne Usy Message Kya I Miss You Buhat Dair Sochne K Bad # Pathan Ne Jawab Diya Ok Muje Manzor He I Student You !,positive,neutral,74.85
27272,Good morning Mujhe Khushi Hai Zomato partner Bankar delivery Dene Ke Baad aum public key Khushi dekhne ko milti hai … https // t co / F0EuqKOqwu,2,Good morning Mujhe Khushi Hai Zomato partner Bankar delivery Dene Ke Baad aum public key Khushi dekhne ko milti hai … // t co / F0EuqKOqwu,positive,positive,78.6
4556,@ zoo _ bear @ Atheist _ Krishna Isme bhi cheating .. Aur kitna large public ko bewakoof banaoge ? These edited video well p … https // t . co / xXnpQM6F2T,0,@ zoo _ bear @ Atheist _ Krishna Isme bhi cheating .. Aur kitna large public ko bewakoof banaoge ? These edited video well p … // t . co / xXnpQM6F2T,negative,negative,80.77
19357,Shukar h Dateya Tera Shukar h @ Gurmeetramrahim Mehar bnayi rkhi My cute bro hua h maama ji k ghar pe mehar krna … https // t . co / WQWLAsPSS2,2,Shukar h Dateya Tera Shukar h @ Gurmeetramrahim Mehar bnayi rkhi My cute bro hua h maama ji k ghar pe mehar krna … // t . co / WQWLAsPSS2,positive,positive,84.82
16846,@ narendramodi Great modi jii hum aapse request karte hai ki west Bengal balatkar me pure india se aage toh kuch kij … https // t . co / ZvBjC8ijfH,2,@ narendramodi Great modi jii hum aapse request karte hai ki west Bengal balatkar me pure india se aage toh kuch kij … // t . co / ZvBjC8ijfH,positive,neutral,62.42
44715,@ narendramodi @ SE _ Rajoelina Maira Modi ji se nivedan he ye appki jeet ke sath bhagwan Shri Ram ke bhi jeet he Modi … https // t co / eNpx6Skm0B,2,@ narendramodi @ SE _ Rajoelina Maira Modi ji se nivedan he ye appki jeet ke sath bhagwan Shri Ram ke bhi jeet he Modi … // t co / eNpx6Skm0B,positive,positive,84.83
36756,@ anjanaomkashyap har har modi 😂😍 bhool gaye @ rajnathsingh bhi koe hain aaj PM modi hain vo the rajnath sabse ladkr … https // t . co / wVfBTPS8UY,1,@ anjanaomkashyap har har modi 😂😍 bhool gaye @ rajnathsingh bhi koe hain aaj PM modi hain vo the rajnath sabse ladkr … // t . co / wVfBTPS8UY,neutral,positive,82.18
20613,RT @ Desiismybae Brown moms are the most extra moms ever Me * spills juice * Mom shabash beta aur karo,1,RT @ Desiismybae Brown moms are the most extra moms ever Me * spills juice * Mom shabash beta aur karo,neutral,positive,56.83
32932,@ Rangoli _ A Kitna bi bol le ...# MentalHaiKya to flop hi hogi 😹😹 Fake # metoo exposed . Victim card nhi chlega ab,0,@ Rangoli _ A Kitna bi bol le ...# MentalHaiKya to flop hi hogi 😹😹 Fake # metoo exposed . Victim card nhi chlega ab,negative,negative,53.08
15865,@ Mm92592004 @ SAMBIT _ PATRAg Madechod itohas delh ish desh ka ghuspathiye ... ye halala wala desh nahi hai ... Ammi ka h … https // t . co / ryKx2dm19G,0,@ Mm92592004 @ SAMBIT _ PATRAg Madechod itohas delh ish desh ka ghuspathiye ... ye halala wala desh nahi hai ... Ammi ka h … // t . co / ryKx2dm19G,negative,neutral,62.93
29319,@ salmanian43 2011 wc mai india ke jeetne ka main factor no4 yuvi hi tha .. Bhut right balance tha us time ka toh ..… https // t . co / 1omC8eXvg1,1,@ salmanian43 2011 wc mai india ke jeetne ka main factor no4 yuvi hi tha .. Bhut right balance tha us time ka toh ..… // t . co / 1omC8eXvg1,neutral,positive,82.86
14558,RT @ Sahir _ Dhoom PRK 208 india bhikaari level aur 26M overseas chillar highest vaala fake star Bahut jhooth spread kiye isne pre socia …,0,RT @ Sahir _ Dhoom PRK 208 india bhikaari level aur 26M overseas chillar highest vaala fake star Bahut jhooth spread kiye isne pre socia …,negative,negative,79.69
31760,@ aanvindersingh Incredibly love & respect to you myhh Bewafaa SarDaaR Jiii 💖💖😍,2,@ aanvindersingh Incredibly love & respect to you myhh Bewafaa SarDaaR Jiii 💖💖😍,positive,positive,85.52
29092,@ KhanMubeenAhmad @ Mmohsinshahzad @ ZaidZamanHamid Sekh mujeeb nayla kadri jindawad Indian army jindawad jay hind 🇮🇳🇮🇳🇮🇳🇮🇳🇮🇳🇮🇳🇮🇳🇮🇳🇮🇳🇮🇳🇮🇳🇮🇳,2,@ KhanMubeenAhmad @ Mmohsinshahzad @ ZaidZamanHamid Sekh mujeeb nayla kadri jindawad Indian army jindawad jay hind 🇮🇳🇮🇳🇮🇳🇮🇳🇮🇳🇮🇳🇮🇳🇮🇳🇮🇳🇮🇳🇮🇳🇮🇳,positive,positive,84.28
5790,@ zoo _ bear BJP chutiya banaya hai desh ko logo Ko aur vote Ka pehele army Ko lekr politics Kiya vote Pana Ka liya,0,@ zoo _ bear BJP chutiya banaya hai desh ko logo Ko aur vote Ka pehele army Ko lekr politics Kiya vote Pana Ka liya,negative,negative,80.82
35171,watching this picture a song comes to my mind from # MainAzaadHoon Itne baazu itne sarr gin le dushman dhyaan se ha … https // t . co / S9nmZCtpnQ,1,watching this picture a song comes to my mind from # MainAzaadHoon Itne baazu itne sarr gin le dushman dhyaan se ha … // t . co / S9nmZCtpnQ,neutral,neutral,66.08
4763,@ NalotSunil Spirituality is not dangerous ... it is very simple ... gar samjh ke implement kiya to 😊,1,@ NalotSunil Spirituality is not dangerous ... it is very simple ... gar samjh ke implement kiya to 😊,neutral,neutral,48.45
11159,@ ArkanPalany @ saragardii Hahahaha na baba bas amazha ba nawi sha3irakay bka tkaya 😂 Ba awa haday mn bi lo tu kaka 😂,1,@ ArkanPalany @ saragardii Hahahaha na baba bas amazha ba nawi sha3irakay bka tkaya 😂 Ba awa haday mn bi lo tu kaka 😂,neutral,neutral,74.73
1888,WISATA HALAL TERPOPULER 2019 . 10 Nominasi yang masuk adalah ; . 1. Baayun Maulid - Prov . Kalimantan SelatanAPI 4A 2… https // t . co / SITEaFFat3,1,WISATA HALAL TERPOPULER 2019 . 10 Nominasi yang masuk adalah ; . 1. Baayun Maulid - Prov . Kalimantan SelatanAPI 4A 2… // t . co / SITEaFFat3,neutral,neutral,74.31
7320,@ Nehr _ who @ one _ by _ two Kyonki inke piche Modi Ji ka Naam tha . Baki to samajh aa hi gya hoga .,1,@ Nehr _ who @ one _ by _ two Kyonki inke piche Modi Ji ka Naam tha . Baki to samajh aa hi gya hoga .,neutral,neutral,74.85
942,@ Gurmeetramrahim good morning pita ji thanks for the new day pls bless me sewa sumrin and parmarth bakso ji … https // t co / WxsE6tR8F5,1,@ Gurmeetramrahim good morning pita ji thanks for the new day pls bless me sewa sumrin and parmarth bakso ji … // t co / WxsE6tR8F5,neutral,positive,85.52
36931,Aik to in so called celeb Ka Randi rone khtm ni hote 😕,0,Aik to in so called celeb Ka Randi rone khtm ni hote 😕,negative,neutral,44.59
2485,# Shayad # shair Jinke dil acche hote hai ... Unki kismat kharaab hoti hai ... Hume kissi se koi shikaayat nahi ... Shaya … https // t . co / 22G2K6L7Cj,1,# Shayad # shair Jinke dil acche hote hai ... Unki kismat kharaab hoti hai ... Hume kissi se koi shikaayat nahi ... Shaya … // t . co / 22G2K6L7Cj,neutral,neutral,73.79
31121,RT @ peeyush _ 834 # ENGvPAK Ye england k samne khelenge . saloo ko english bolni nahi aati . These gays can only abuse others but can't speak e …,0,RT @ peeyush _ 834 # ENGvPAK Ye england k samne khelenge . saloo ko english bolni nahi aati . These gays can only abuse others but can't speak e …,negative,negative,80.81
29535,RT @ Asli _ Jacqueline Dubai here we come ! Cant wait to perform for u all with Team Dabangg ❤❤️# OrbitEventsDubai # SunglowEntertainment # Khalee …,2,RT @ Asli _ Jacqueline Dubai here we come ! Cant wait to perform for u all with Team Dabangg ❤❤️# OrbitEventsDubai # SunglowEntertainment # Khalee …,positive,positive,83.65
2696,RT @ Kaushal _ shah191 @ chitraaum aaye padhare hamare aagan me ...!!! Itni garmi me app itne logo k sath ...!!! Nice to see you in Ahmadabad .…,0,RT @ Kaushal _ shah191 @ chitraaum aaye padhare hamare aagan me ...!!! Itni garmi me app itne logo k sath ...!!! Nice to see you in Ahmadabad .…,negative,neutral,63.1
1512,@ SatyaHindi @ ashutosh83B Desh aaghe baad raha hai ye religion ke naam pe bakwas karna baand karo .. aur tumhare AAP bhaiyon ko bhi shikhao ..,2,@ SatyaHindi @ ashutosh83B Desh aaghe baad raha hai ye religion ke naam pe bakwas karna baand karo .. aur tumhare AAP bhaiyon ko bhi shikhao ..,positive,negative,80.76
24719,RT @ KapilSh53407399 @ ravimla1857 adarniya ravi bhai sahab aap ko bjp ki jeet par bahut bahut subhkamnaye Ab vesno devi mai ke darsan kar …,2,RT @ KapilSh53407399 @ ravimla1857 adarniya ravi bhai sahab aap ko bjp ki jeet par bahut bahut subhkamnaye Ab vesno devi mai ke darsan kar …,positive,positive,85.49
43714,Ek kaan say sun kar doosray say nikaal laina is always better than dono kaan say sun kar DIL par lay laina . 😍,2,Ek kaan say sun kar doosray say nikaal laina is always better than dono kaan say sun kar DIL par lay laina . 😍,positive,neutral,73.95
42353,@ ashokgehlot51 Are jo exam pending hai wo clear karao sir July August tak,1,@ ashokgehlot51 Are jo exam pending hai wo clear karao sir July August tak,neutral,neutral,75.07
1366,It ’ s so nice seeing the glow-up of people after May-hem 😍 Congrats guys 👌🏻 wohooo !!! Bbye Tired Year !!!,2,It ’ s so nice seeing the glow-up of people after May-hem 😍 Congrats guys 👌🏻 wohooo !!! Bbye Tired Year !!!,positive,positive,85.51
43252,@ AmitAgarwal9 @ TajinderBagga Maa se badkar es duniya mai koi guru nahi hai maa our pita ji ek dharti hai toh … https // t co / NORPdWFs3C,2,@ AmitAgarwal9 @ TajinderBagga Maa se badkar es duniya mai koi guru nahi hai maa our pita ji ek dharti hai toh … // t co / NORPdWFs3C,positive,neutral,71.11
4221,@ KoThotchi > You always call big spoon ! > Not ghat I mind though I just inew you wrre gonna say that . > Predicatable and adorable 💕,1,@ KoThotchi > You always call big spoon ! > Not ghat I mind though I just inew you wrre gonna say that . > Predicatable and adorable 💕,neutral,positive,81.13
28901,RT @ ayepazham To be happy is our choice . Some smile for 3.5 some cry for 3.95. Whatever it is may Allah ease . Congrats everyoneeee,2,RT @ ayepazham To be happy is our choice . Some smile for 3.5 some cry for 3.95. Whatever it is may Allah ease . Congrats everyoneeee,positive,positive,85.52
20652,@_ YogendraYadav Modi sarkar ko pichhade vargne pm banaya hai . 1947 ke bad abi gav me bijali pohchi hai . Toilet bane … https // t . co / QlvPWRTrjg,2,@_ YogendraYadav Modi sarkar ko pichhade vargne pm banaya hai . 1947 ke bad abi gav me bijali pohchi hai . Toilet bane … // t . co / QlvPWRTrjg,positive,negative,79.35
12948,@ cricketaakash I m Very Curious to See Tomorrow's news Paper And Eager for # RamizSpeaks for # WIvsPAK 😂😂😂😂😂😂 Pakista … https // t . co / 7G5Kbj33g1,2,@ cricketaakash I m Very Curious to See Tomorrow's news Paper And Eager for # RamizSpeaks for # WIvsPAK 😂😂😂😂😂😂 Pakista … // t . co / 7G5Kbj33g1,positive,positive,82.43
39998,RT @ SRKianKARAN _ Chal Chaiyaan Chaiyaan My Fav Dance Track Lil Bit On This @ iamsrk Hope So U love this 😍 Love you Sir https // t co …,2,RT @ SRKianKARAN _ Chal Chaiyaan Chaiyaan My Fav Dance Track Lil Bit On This @ iamsrk Hope So U love this 😍 Love you Sir // t co …,positive,positive,85.5
41168,RT @ ANI4Bjp Congress Spoke person Rajiv Tyagi on the question For Rahul Gandhi Set down Dekhiye ye bhadve media vale dalle Rahul ji ko g …,0,RT @ ANI4Bjp Congress Spoke person Rajiv Tyagi on the question For Rahul Gandhi Set down Dekhiye ye bhadve media vale dalle Rahul ji ko g …,negative,negative,80.21
16998,@_ BTCB _ Ramadan Mubarak my friend ! Wishing you and your family all the blessings through this holy month Jazak Allah Khair !,2,@_ BTCB _ Ramadan Mubarak my friend ! Wishing you and your family all the blessings through this holy month Jazak Allah Khair !,positive,positive,85.53
22068,@ lwt _ honey Haha thank you so much 💛,2,@ lwt _ honey Haha thank you so much 💛,positive,positive,85.2
23888,@ narendramodi Bs uska job uski dilwa dijia ni to o zindangi zee ni paiga . Jish kam ko apne 10 years dia h use o lad … https // t . co / AInMfj9lLT,1,@ narendramodi Bs uska job uski dilwa dijia ni to o zindangi zee ni paiga . Jish kam ko apne 10 years dia h use o lad … // t . co / AInMfj9lLT,neutral,neutral,57.6
24551,@ javedlatifmna Chutiya insaan yea manika nahi hea ..😉😉😉😉 Lanat Teri shakeel per do number insaan https // t . co / 607z6QVkRt,0,@ javedlatifmna Chutiya insaan yea manika nahi hea ..😉😉😉😉 Lanat Teri shakeel per do number insaan // t . co / 607z6QVkRt,negative,negative,80.86
14418,@ vjeetratoniya @_ YogendraYadav Good Morning Sir Kabhi Delhi Me Ghumty Ho Aap ..? Karty Ho Modi PM - Modi PM ...,1,@ vjeetratoniya @_ YogendraYadav Good Morning Sir Kabhi Delhi Me Ghumty Ho Aap ..? Karty Ho Modi PM - Modi PM ...,neutral,positive,85.28
22669,@ nadeemNBT ji Maine wo din hi kaha tha na aapse BJP Ko Anya pichda jaati ka dalit aur Yadav ka chor ke bohot backup … https // t . co / 6FRg6Gt7u7,0,@ nadeemNBT ji Maine wo din hi kaha tha na aapse BJP Ko Anya pichda jaati ka dalit aur Yadav ka chor ke bohot backup … // t . co / 6FRg6Gt7u7,negative,negative,68.87
34064,RT @ MADANIinfo # Ramzan Ka Aakhri # Jumma Mubarak Ho #جمعة_الوداع # jummatulwida # JummahMubarak https // t . co / ena7J1ZHM8,2,RT @ MADANIinfo # Ramzan Ka Aakhri # Jumma Mubarak Ho #جمعة_الوداع # jummatulwida # JummahMubarak // t . co / ena7J1ZHM8,positive,positive,84.21
28568,@ IndiaToday @ asadowaisi @ kamaljitsandhu Agar aisa hota toh aap otne araam se India mein reh nai pate .. bcoz this go … https // t . co / avDdE2QJti,0,@ IndiaToday @ asadowaisi @ kamaljitsandhu Agar aisa hota toh aap otne araam se India mein reh nai pate .. bcoz this go … // t . co / avDdE2QJti,negative,neutral,73.0
3756,# RT @ EducationMV RT @ HoadedhdhooS End of Term 1 - 2019. We wish enjoyable holidays . Eid mubaarak to all the par … https // t . co / U8IM0R44RA,2,# RT @ EducationMV RT @ HoadedhdhooS End of Term 1 - 2019. We wish enjoyable holidays . Eid mubaarak to all the par … // t . co / U8IM0R44RA,positive,positive,85.44
37637,Vote de diya Modi ji ko jeeta diya Aur @ AmitShah ko Grah mantri bhi bana diya Ab tera kya hoga keju … https // t . co / 4Rs4cDEp9r,0,Vote de diya Modi ji ko jeeta diya Aur @ AmitShah ko Grah mantri bhi bana diya Ab tera kya hoga keju … // t . co / 4Rs4cDEp9r,negative,neutral,68.76
3711,@ IncBidar1 . aurad taluka me congress party fund keun nahi diya gaya congress party ek na … https // t . co / jSwD4wJo4a,1,@ IncBidar1 . aurad taluka me congress party fund keun nahi diya gaya congress party ek na … // t . co / jSwD4wJo4a,neutral,neutral,68.52
29996,@ radderthanrad @ gaywonk @ SteveTomJohn “ Boo hoo the US is so horrible with all the racist white people ! It ’ s so hor … https // t . co / ZnPoLRYwqR,0,@ radderthanrad @ gaywonk @ SteveTomJohn “ Boo hoo the US is so horrible with all the racist white people ! It ’ s so hor … // t . co / ZnPoLRYwqR,negative,negative,80.82
13587,@ sweetsoul _ 117 @ DumpedGuay @ khaman _ Dhoklaa @ Sanyaa _ B @_ lol _ life @ Found _ Soul _ @ lefty __ here @ ayesha917 @ VibhutiRaina … https // t . co / oBMHM9DJup,1,@ sweetsoul _ 117 @ DumpedGuay @ khaman _ Dhoklaa @ Sanyaa _ B @_ lol _ life @ Found _ Soul _ @ lefty __ here @ ayesha917 @ VibhutiRaina … // t . co / oBMHM9DJup,neutral,neutral,74.71
17932,@ PGauriTiwari1 😂😂😂 isne shehla ke sath mil ke mujra hi kiya he lekin vo bhi iske kam nahi aa rha he vaise jo sawa … https // t . co / rgE3zN8dQj,0,@ PGauriTiwari1 😂😂😂 isne shehla ke sath mil ke mujra hi kiya he lekin vo bhi iske kam nahi aa rha he vaise jo sawa … // t . co / rgE3zN8dQj,negative,negative,60.6
37182,@ MaryamNSharif Wo jahil ourat makkah may oic ki confrence ho rahy thy . Jo b muslman makkah ata hai osay Umrah krna … https // t . co / bKTDt5pGm6,2,@ MaryamNSharif Wo jahil ourat makkah may oic ki confrence ho rahy thy . Jo b muslman makkah ata hai osay Umrah krna … // t . co / bKTDt5pGm6,positive,neutral,64.24
28839,@ imSandy _ Ind @ rssurjewala Modi ji needs only 6 Engineers to Temper EVM from Israel to win Any Election 130 Crore i … https // t . co / REoGmLZFrC,1,@ imSandy _ Ind @ rssurjewala Modi ji needs only 6 Engineers to Temper EVM from Israel to win Any Election 130 Crore i … // t . co / REoGmLZFrC,neutral,neutral,74.9
19084,Samarthan | समर्थन | New Lok Dohori Song 2076 By Taranath Acharya / Niru ... https // t . co / DQ7Kdf8RT4 via @ YouTube,1,Samarthan | समर्थन | New Lok Dohori Song 2076 By Taranath Acharya / Niru ... // t . co / DQ7Kdf8RT4 via @ YouTube,neutral,neutral,71.21
37917,@ DrSJaishankar congratulations sir Hamare bharat ki shan badhane k liye aap bilkul sahi hai . Aapki personality me … https // t . co / 5EuxlEMiJ0,2,@ DrSJaishankar congratulations sir Hamare bharat ki shan badhane k liye aap bilkul sahi hai . Aapki personality me … // t . co / 5EuxlEMiJ0,positive,positive,85.53
44728,तेलों के देवता ne prediction Kiya hai ki Bangladesh world cup jeetegi — Thank God unke prediction mein India nahi … https // t co / fxplxXvPhA,1,तेलों के देवता ne prediction Kiya hai ki Bangladesh world cup jeetegi — Thank God unke prediction mein India nahi … // t co / fxplxXvPhA,neutral,neutral,68.24
8009,@ Gopal _ Raftaar @ MamataOfficial Abe sale tujhse jyada mere andar Desh bhakti hai dekh le sale mera tweet ... Tu jai … https // t . co / eVmQAf5TlJ,0,@ Gopal _ Raftaar @ MamataOfficial Abe sale tujhse jyada mere andar Desh bhakti hai dekh le sale mera tweet ... Tu jai … // t . co / eVmQAf5TlJ,negative,negative,80.83
26182,@ anuragspparty sidhe kyn ni khtey ki gaddar leaders ko fir se inpire kr rhe ho shame on you ...,0,@ anuragspparty sidhe kyn ni khtey ki gaddar leaders ko fir se inpire kr rhe ho shame on you ...,negative,negative,80.84
61,@ AAPVed @ Ankita _ Shah8 Bhadve ye photo elections se pehle ki he .. jyada gyan mat baat,0,@ AAPVed @ Ankita _ Shah8 Bhadve ye photo elections se pehle ki he .. jyada gyan mat baat,negative,negative,74.05
42237,# ICCWorldCup2019 me # Pakistan # Bangladesh # Afghanistan # SriLanka aur Kedar Jadhav Sirf England ghumne gaye hain,1,# ICCWorldCup2019 me # Pakistan # Bangladesh # Afghanistan # SriLanka aur Kedar Jadhav Sirf England ghumne gaye hain,neutral,neutral,74.34
38318,@ kamalmdu Kuch log bjp ki chaplusi krne me inna gir chuke hai ki kisi 19 saal ke ldke ki suicide pr bhi jooth faila … https // t co / W8CBvcb8Zb,0,@ kamalmdu Kuch log bjp ki chaplusi krne me inna gir chuke hai ki kisi 19 saal ke ldke ki suicide pr bhi jooth faila … // t co / W8CBvcb8Zb,negative,negative,80.87
19997,Ye pani koi na khareeday ye zehrila pani ha khud ko or bachon ko bachao plz or illegal water plants band karwao .… https // t . co / 8ANAganukz,0,Ye pani koi na khareeday ye zehrila pani ha khud ko or bachon ko bachao plz or illegal water plants band karwao .… // t . co / 8ANAganukz,negative,negative,80.78
22518,RT @ AmitBadwaikAB Amit Shah gets home ministry another .@ ArvindKejriwal said you so moment .. May god save India ..!!! https // t . co / ThLdE …,1,RT @ AmitBadwaikAB Amit Shah gets home ministry another .@ ArvindKejriwal said you so moment .. May god save India ..!!! // t . co / ThLdE …,neutral,positive,84.69
42514,@ aapkadharam Lots of love to you Dharam ji !!! You are a true ICON of NEVER DYING SPIRIT . SON of soil and always a … https // t . co / mvXiDsr7Bh,2,@ aapkadharam Lots of love to you Dharam ji !!! You are a true ICON of NEVER DYING SPIRIT . SON of soil and always a … // t . co / mvXiDsr7Bh,positive,positive,85.55
9941,@ chitraaum Mam Aap jase best Anchors jahan rahoge chanal number #1 to hoga hi Congrats 👏 👏 💐,2,@ chitraaum Mam Aap jase best Anchors jahan rahoge chanal number #1 to hoga hi Congrats 👏 👏 💐,positive,positive,85.51
12335,@ TimesNow Aur @ MamataOfficial ne kya Religion ko ' Ivanka card ' ki tarah use kar rahi thi aaj tak ?? Matlab hypocrisy ki bhi hadd hoti hai 🙄,1,@ TimesNow Aur @ MamataOfficial ne kya Religion ko ' Ivanka card ' ki tarah use kar rahi thi aaj tak ?? Matlab hypocrisy ki bhi hadd hoti hai 🙄,neutral,negative,78.95
42851,@ rajiv375 @ IPSinghSp Ye shatriye nahi talwe chaatne wale badhwe hai kewal uch nich jaat paat aur tushtikaran kisi b … https // t . co / dsrCMIBU2J,0,@ rajiv375 @ IPSinghSp Ye shatriye nahi talwe chaatne wale badhwe hai kewal uch nich jaat paat aur tushtikaran kisi b … // t . co / dsrCMIBU2J,negative,negative,80.81
590,@ niraj __ dwivedi @ yogrishiramdev arre baawle teri hi aankhein band thi lagta hai 2 saal se ... twiitter check kar le b … https // t . co / tcy2MP5wjv,1,@ niraj __ dwivedi @ yogrishiramdev arre baawle teri hi aankhein band thi lagta hai 2 saal se ... twiitter check kar le b … // t . co / tcy2MP5wjv,neutral,negative,69.34
42179,@ rssurjewala @ INCIndia 1 month ke liye hi kyu hamesha ke liye band kijiye kyuki us se aapka koi fayada nahi hai is … https // t . co / 2V785q9VS8,1,@ rssurjewala @ INCIndia 1 month ke liye hi kyu hamesha ke liye band kijiye kyuki us se aapka koi fayada nahi hai is … // t . co / 2V785q9VS8,neutral,neutral,71.03
40962,@ ThinkTankPmlN7 Admin tera par Lanat and all PMLN par Lanat Kanjars,0,@ ThinkTankPmlN7 Admin tera par Lanat and all PMLN par Lanat Kanjars,negative,neutral,70.57
43973,@ SureshChavhanke Sureshji jayeda se jayeda Pead laye wo bi neem ke taki mousam me tandak rahe or ye govt ki hi nhi … https // t . co / klbKgPVgor,2,@ SureshChavhanke Sureshji jayeda se jayeda Pead laye wo bi neem ke taki mousam me tandak rahe or ye govt ki hi nhi … // t . co / klbKgPVgor,positive,neutral,71.58
37157,RT @ No __ Ray Thora aqal ka istamal kr lain agar koi bacha btamizi krta hai to usko tameez seekhai jati hai na k uski batmizi ko promote kia …,0,RT @ No __ Ray Thora aqal ka istamal kr lain agar koi bacha btamizi krta hai to usko tameez seekhai jati hai na k uski batmizi ko promote kia …,negative,negative,74.63
15540,RT @ Abdulkhaaliq ✨ * Duaa Goldmine !*✨ * Dua during the last hour of Friday is accepted !* * Dua of the fasting person is accepted !* You * CA …,1,RT @ Abdulkhaaliq ✨ * Duaa Goldmine !*✨ * Dua during the last hour of Friday is accepted !* * Dua of the fasting person is accepted !* You * CA …,neutral,positive,55.2
27380,@ DimpleK55849317 @ RaviGup84157681 happy birthday ji 🎂. or cake kilane ki kripa kijiye .😆,2,@ DimpleK55849317 @ RaviGup84157681 happy birthday ji 🎂. or cake kilane ki kripa kijiye .😆,positive,positive,61.17
1397,@ Payal _ Rohatgi Mam ap jese logo ki desh ko kafi zaroorat hai apke pass adhik gyan bhi hai mujhe lagta hai apko des … https // t . co / KRaakX5Wdr,2,@ Payal _ Rohatgi Mam ap jese logo ki desh ko kafi zaroorat hai apke pass adhik gyan bhi hai mujhe lagta hai apko des … // t . co / KRaakX5Wdr,positive,positive,81.76
42474,Islam Ka Dehshat Gardi Se Koi Talluq Nahi OIC Kashmir or Palestine K Awam Ka Sath Day Muslim Dunya K Khilaf Mazali … https // t . co / QiRnFD6Qz6,1,Islam Ka Dehshat Gardi Se Koi Talluq Nahi OIC Kashmir or Palestine K Awam Ka Sath Day Muslim Dunya K Khilaf Mazali … // t . co / QiRnFD6Qz6,neutral,positive,65.56
13932,@ yadavakhilesh was a fool to trust Mayawati ! Shukr hai BJP ko 300 seats as gayee nahi toh yeh bua sabse pahle bhagt … https // t . co / lqnb23Tpps,0,@ yadavakhilesh was a fool to trust Mayawati ! Shukr hai BJP ko 300 seats as gayee nahi toh yeh bua sabse pahle bhagt … // t . co / lqnb23Tpps,negative,negative,80.77
43085,RT @ iempress _ 1 📣 INDIA's GEN NEXT WANTS MODI ⤴ Unarguably NAMO Commands Immense Good Will amongst IND's Youth ⤴ Youth connect way better w …,2,RT @ iempress _ 1 📣 INDIA's GEN NEXT WANTS MODI ⤴ Unarguably NAMO Commands Immense Good Will amongst IND's Youth ⤴ Youth connect way better w …,positive,positive,84.75
29827,@ Ptiislamabad1 Ye jahalat nahi to aur kiya hy masoom bachon ko bhi Adis horahi hy HIV vaba ki shakl akhtiar kar chu … https // t co / B7eTnDjG2y,1,@ Ptiislamabad1 Ye jahalat nahi to aur kiya hy masoom bachon ko bhi Adis horahi hy HIV vaba ki shakl akhtiar kar chu … // t co / B7eTnDjG2y,neutral,negative,80.22
15700,@ zainabsikander Iske liye bhi reservation ko blame krege ?.. khair muslim log khud reservation ke against ha aapse kya umeed,1,@ zainabsikander Iske liye bhi reservation ko blame krege ?.. khair muslim log khud reservation ke against ha aapse kya umeed,neutral,negative,76.26
20574,@ Shailes97816231 @ Jansatta Jinhone NSSO ki report election ki wajah se 6 mahine tak release nahin hone di wo desh k … https // t . co / 0837Rr7mTM,1,@ Shailes97816231 @ Jansatta Jinhone NSSO ki report election ki wajah se 6 mahine tak release nahin hone di wo desh k … // t . co / 0837Rr7mTM,neutral,neutral,73.37
30601,Sarfaraz Ramzan main 1 run 70 k barabar hota hay ... Humne to runs thek he bnaye thay ab goron ko nahi pata to hum kia karen 😁😁😁,2,Sarfaraz Ramzan main 1 run 70 k barabar hota hay ... Humne to runs thek he bnaye thay ab goron ko nahi pata to hum kia karen 😁😁😁,positive,neutral,72.66
23815,and i consoled myself by taking us to eat seekh kababs naan and bubbly 7up at zakir ... so i was happy so happy … https // t . co / vZ3tJtXPHY,1,and i consoled myself by taking us to eat seekh kababs naan and bubbly 7up at zakir ... so i was happy so happy … // t . co / vZ3tJtXPHY,neutral,positive,85.4
19694,@ narendramodi Modi ji bohot bohot bohot shubhakamanyen . Aapane sach main poori nishtha aur IMANDARI se desh ki aur … https // t . co / 81EL7wOQDX,2,@ narendramodi Modi ji bohot bohot bohot shubhakamanyen . Aapane sach main poori nishtha aur IMANDARI se desh ki aur … // t . co / 81EL7wOQDX,positive,positive,85.54
12798,RT @ AbdulkhaliqGop1 @ AhsankhanIqbal @ Asad _ Umar @ SHABAZGIL @ UsmanAKBuzdar Ye to apke sth galt ho rhakis trah ka deptment h ye,1,RT @ AbdulkhaliqGop1 @ AhsankhanIqbal @ Asad _ Umar @ SHABAZGIL @ UsmanAKBuzdar Ye to apke sth galt ho rhakis trah ka deptment h ye,neutral,neutral,63.08
11127,@ saimasadeek @ Irumkhan40 @ MaryamNSharif Sister buri baat aysa nahi boltey kisi ko chor taber . . . . . . . Pori bat … https // t . co / aALDxHw879,1,@ saimasadeek @ Irumkhan40 @ MaryamNSharif Sister buri baat aysa nahi boltey kisi ko chor taber . . . . . . . Pori bat … // t . co / aALDxHw879,neutral,negative,80.8
33317,@ nehakhan44684 phir theek hai angry bird ko dekh ker khayaal aya tha kay khairiat to hai na main samjha pak team ka ghussa hai 😆😆,2,@ nehakhan44684 phir theek hai angry bird ko dekh ker khayaal aya tha kay khairiat to hai na main samjha pak team ka ghussa hai 😆😆,positive,neutral,49.53
17228,@ PiyushGoyal @ narendramodi @ sureshpprabhu Apko bahut bahut badhaiyaan @ PiyushGoyal jee we hope kee hame traino me … https // t . co / TSlca4pNwl,2,@ PiyushGoyal @ narendramodi @ sureshpprabhu Apko bahut bahut badhaiyaan @ PiyushGoyal jee we hope kee hame traino me … // t . co / TSlca4pNwl,positive,positive,85.48
44608,As salam walekum ... ramadan kareem to our new CM state Andhra Pradesh ... with lots of love and affection from kingdom of Saudi Arabia 🇸🇦🇮🇳,2,As salam walekum ... ramadan kareem to our new CM state Andhra Pradesh ... with lots of love and affection from kingdom of Saudi Arabia 🇸🇦🇮🇳,positive,positive,85.38
36663,Tiwari bhai Abhi ye itna bada nahi hua hai ki iski hatya kare koi iski aukat thappad khane tak hi simit hai https // tco / wsIsBj2mKO,0,Tiwari bhai Abhi ye itna bada nahi hua hai ki iski hatya kare koi iski aukat thappad khane tak hi simit hai // tco / wsIsBj2mKO,negative,negative,78.28
44079,Jitni siddat se log women's day Mother's day father's day parents day daughter's day brother's day aur pata na … https // t . co / Q1UAPDNQYu,1,Jitni siddat se log women's day Mother's day father's day parents day daughter's day brother's day aur pata na … // t . co / Q1UAPDNQYu,neutral,neutral,74.88
8209,@ Anurudd07356679 @ yadavakhilesh Are bjp to haar jaati lekin tum logo ne usse jitaya he Itna kichd uchhala ki kama … https // t co / I8wdCKipUm,0,@ Anurudd07356679 @ yadavakhilesh Are bjp to haar jaati lekin tum logo ne usse jitaya he Itna kichd uchhala ki kama … // t co / I8wdCKipUm,negative,negative,80.86
22225,@ aX3 _ tw0 In Shaa Allah bas dua ap ke pass amaanat hai . Mere Allah ji se kahein meri duain jaldi se qabool karein … https // t . co / jSftsEPVNM,2,@ aX3 _ tw0 In Shaa Allah bas dua ap ke pass amaanat hai . Mere Allah ji se kahein meri duain jaldi se qabool karein … // t . co / jSftsEPVNM,positive,positive,83.64
27277,@ Atheist _ Krishna @ narendramodi Kejri ka invitation photo shop karlo khud k Naam pe kejru toh thappad khaana hai vo vaha laga rahega,0,@ Atheist _ Krishna @ narendramodi Kejri ka invitation photo shop karlo khud k Naam pe kejru toh thappad khaana hai vo vaha laga rahega,negative,neutral,70.4
35407,RT @ Sukhjaykumar1 # BeWise _ ChooseRight @ Gurmeetramrahim Good morning guru g Bless us and give us power 2 do more nd more Sewa Simran and …,2,RT @ Sukhjaykumar1 # BeWise _ ChooseRight @ Gurmeetramrahim Good morning guru g Bless us and give us power 2 do more nd more Sewa Simran and …,positive,positive,85.5
12929,RT @ imVkohli Fun times with the boys 😎💪🤙 https // t . co / f3vAuYiRWQ,1,RT @ imVkohli Fun times with the boys 😎💪🤙 // t . co / f3vAuYiRWQ,neutral,positive,84.07
8470,@ yours _ SamSK @ dipokbarman @ TrickBolly 21 ko show hi 3 see start hue te .. fake ss ki b hadd hty he,1,@ yours _ SamSK @ dipokbarman @ TrickBolly 21 ko show hi 3 see start hue te .. fake ss ki b hadd hty he,neutral,neutral,70.13
30845,Jai Shri Ram @ narendramodi ! May Maa Durga usher all her grace on you give you all strength and power to serve h … https // t co / oXbSIcXMPq,2,Jai Shri Ram @ narendramodi ! May Maa Durga usher all her grace on you give you all strength and power to serve h … // t co / oXbSIcXMPq,positive,positive,85.52
19528,@ MuradSaeedPTI PTI ko chahiye Sindh mey Govt banaye nahi to PPP sindh ko Khaa jayegi q k PPP chor party hy ....,0,@ MuradSaeedPTI PTI ko chahiye Sindh mey Govt banaye nahi to PPP sindh ko Khaa jayegi q k PPP chor party hy ....,negative,negative,74.81
9142,@ N42182951 @ MamataOfficial Jai Hind - Jai Bharat . 🙏 Jis din hamare Bharat desh me ye naara har baccha - baccha bo … https // t . co / UlJnt6o0Wv,1,@ N42182951 @ MamataOfficial Jai Hind - Jai Bharat . 🙏 Jis din hamare Bharat desh me ye naara har baccha - baccha bo … // t . co / UlJnt6o0Wv,neutral,positive,79.25
40825,@ TechnicalGuruji Guruji mera to dimak pak gya bar bar bohi ads koi bhi video dekho .....,2,@ TechnicalGuruji Guruji mera to dimak pak gya bar bar bohi ads koi bhi video dekho .....,positive,neutral,74.9
9450,@ ImranKhanPTI pakistan me hindu ladkiyo ki kidnapping aur jabran nikah pe koi kuch nahi kar sakta . lekin pakisan ke … https // t . co / KiDNh94K4h,0,@ ImranKhanPTI pakistan me hindu ladkiyo ki kidnapping aur jabran nikah pe koi kuch nahi kar sakta . lekin pakisan ke … // t . co / KiDNh94K4h,negative,negative,67.13
1550,RT @ smithmaheshwari * Me as a father * Son - Papa aaj main night study ke liye jau ga Me - kitne baje Son - 10 baje tak Me - Haan …,1,RT @ smithmaheshwari * Me as a father * Son - Papa aaj main night study ke liye jau ga Me - kitne baje Son - 10 baje tak Me - Haan …,neutral,neutral,72.7
12664,@ margallass Aray nhe Nawaz sharif sala dulla hara walay ka pota hy tmhay kisi nay ghalat batya hy . Waisay bhe kapta … https // t . co / YCw9dvUXpV,0,@ margallass Aray nhe Nawaz sharif sala dulla hara walay ka pota hy tmhay kisi nay ghalat batya hy . Waisay bhe kapta … // t . co / YCw9dvUXpV,negative,negative,80.84
14549,@ smritiirani EVM ka kamal hai ye sab Warna BJP ke beete 5 saal se desh ki janta parsshan hai . unemployment 45 yea … https // t . co / xP3qHS2BvK,0,@ smritiirani EVM ka kamal hai ye sab Warna BJP ke beete 5 saal se desh ki janta parsshan hai . unemployment 45 yea … // t . co / xP3qHS2BvK,negative,neutral,71.42
17072,@ AcharyaPramodk And from this unfortunate incident you only got Hindu Musalman point . Shame . If this analog … https // t . co / Qa53x3JVf1,0,@ AcharyaPramodk And from this unfortunate incident you only got Hindu Musalman point . Shame . If this analog … // t . co / Qa53x3JVf1,negative,negative,80.43
27398,@ sagarikaghose 😂😂😂 Tum exception ho tjm bula lo us @ rssurjewala ko jinhe janta ne laat maar ke lagbhag hata hi diya hai desh se,0,@ sagarikaghose 😂😂😂 Tum exception ho tjm bula lo us @ rssurjewala ko jinhe janta ne laat maar ke lagbhag hata hi diya hai desh se,negative,negative,80.72
9367,Kuch seekho ... ye attitude chaiyai agar world cup jeetna hay https // t . co / v2of5CS5xJ,2,Kuch seekho ... ye attitude chaiyai agar world cup jeetna hay // t . co / v2of5CS5xJ,positive,neutral,57.55
28720,Good morning ! 😀 Don't let piddly things get you down Show up in life like you own it ! God gave us authority and do … https // t co / N4jN6UDYZO,2,Good morning ! 😀 Don't let piddly things get you down Show up in life like you own it ! God gave us authority and do … // t co / N4jN6UDYZO,positive,positive,66.54
15537,“ Due to high prices “ bhadwe sabse sasta public transport hai Teri maa ki https // t . co / sSGWBwfC8p,0,“ Due to high prices “ bhadwe sabse sasta public transport hai Teri maa ki // t . co / sSGWBwfC8p,negative,neutral,71.93
12090,@ sumit _ wonder Agar Chapters on @ traders82 ID pe pade hote toh shaayad Yeh Nahi Puchte ...🙏🙏,2,@ sumit _ wonder Agar Chapters on @ traders82 ID pe pade hote toh shaayad Yeh Nahi Puchte ...🙏🙏,positive,neutral,74.7
23594,@ komalaaziz @ Alhabibi _ xx Nahi . Dekha he meny log cigarettes ki wajha sy weak zaroor hoty hn lekin itni jldi nahi marty,1,@ komalaaziz @ Alhabibi _ xx Nahi . Dekha he meny log cigarettes ki wajha sy weak zaroor hoty hn lekin itni jldi nahi marty,neutral,neutral,45.35
7483,@ TariqRana _ G _ 55 @ GoldenFish0O Hindustan Mein Hindu Muslim Ek dusre Ke Dushman Kabhi Nahi the ye To kuch political p … https // t . co / VfTb7WCwNe,2,@ TariqRana _ G _ 55 @ GoldenFish0O Hindustan Mein Hindu Muslim Ek dusre Ke Dushman Kabhi Nahi the ye To kuch political p … // t . co / VfTb7WCwNe,positive,neutral,65.39
4006,Ye h bjp ka bharstachar uttarakhand me Bord lava diya kam khatam hisab puchne se ko jwab nahi deta CM portel par si … https // t . co / 0tKv6k78rF,0,Ye h bjp ka bharstachar uttarakhand me Bord lava diya kam khatam hisab puchne se ko jwab nahi deta CM portel par si … // t . co / 0tKv6k78rF,negative,negative,73.56
12497,Ye madar chod molla hamare shamaaj me Hindu bhaiyo ko jene Nahi de raha hai aisi hi ghatna up se hai hi jo ek Hind … https // t co / 98oGQjiFgj,0,Ye madar chod molla hamare shamaaj me Hindu bhaiyo ko jene Nahi de raha hai aisi hi ghatna up se hai hi jo ek Hind … // t co / 98oGQjiFgj,negative,negative,80.7
12661,@ javedchudhry @ AhsanIqbalMNA Aur Pakistani Media per nach gana bhi band hona chahiye . Raat 12 bajey tamam TV channels band honey chahiye .,0,@ javedchudhry @ AhsanIqbalMNA Aur Pakistani Media per nach gana bhi band hona chahiye . Raat 12 bajey tamam TV channels band honey chahiye .,negative,neutral,64.53
33250,@ arihantp Nice thoughts . The reality though might be that Modi's heart is in prachaar . And he couldn't care less ab … https // t . co / WLsiYd56VP,2,@ arihantp Nice thoughts . The reality though might be that Modi's heart is in prachaar . And he couldn't care less ab … // t . co / WLsiYd56VP,positive,neutral,54.1
5346,It ’ s Audrey ’ s birthday 🎂 let ’ s wish her a happy birthday 💥 # bunphotography # jesa # photograghy # babiesarethebest … https // t co / XL9KbzurOn,2,It ’ s Audrey ’ s birthday 🎂 let ’ s wish her a happy birthday 💥 # bunphotography # jesa # photograghy # babiesarethebest … // t co / XL9KbzurOn,positive,positive,85.03
11874,Happy Birthday to my brother @ ainias _ smith can ’ t wait to watch boys ball out 💯,2,Happy Birthday to my brother @ ainias _ smith can ’ t wait to watch boys ball out 💯,positive,positive,83.96
7597,@ aimim _ national @ asadowaisi @ BJP4India Ye kutta bhi bahut bhonkta tha fir ekdin Patel ji ne kaan me kuch Kaha is ni … https // t . co / bRbQREInH8,0,@ aimim _ national @ asadowaisi @ BJP4India Ye kutta bhi bahut bhonkta tha fir ekdin Patel ji ne kaan me kuch Kaha is ni … // t . co / bRbQREInH8,negative,negative,79.44
1856,RT @ GKBHAGAT1 @ htTweets @ RahulGandhi @ Naveen _ Odisha MAIN EK PAKKA CONGRESSI HUN MUJHE LOG PUCHTE HAI KI AAP BJP MAIN KION NAHI J …,1,RT @ GKBHAGAT1 @ htTweets @ RahulGandhi @ Naveen _ Odisha MAIN EK PAKKA CONGRESSI HUN MUJHE LOG PUCHTE HAI KI AAP BJP MAIN KION NAHI J …,neutral,neutral,72.0
17231,@ Tejasvi _ Surya ye h bjp ke umidwar jo jit k baad phla Nara Bharat mata ki Jai lgate h Hats off to Surya You really mean it,2,@ Tejasvi _ Surya ye h bjp ke umidwar jo jit k baad phla Nara Bharat mata ki Jai lgate h Hats off to Surya You really mean it,positive,neutral,64.87
32265,RT @ tanfezkarzai @ irfanjunejo is bar ka sabse mehenga eidi ka aapka reply .. Thanks alot for your good wishes Guruji 😊,1,RT @ tanfezkarzai @ irfanjunejo is bar ka sabse mehenga eidi ka aapka reply .. Thanks alot for your good wishes Guruji 😊,neutral,positive,85.37
6315,@ usmankh93810765 @ abhinavraj1607 ye hoti bewakoof o ki nisani .. india m toilet coverage 93% hain ..... pak m 58 %... muj … https // t . co / 3bEyImiKVt,0,@ usmankh93810765 @ abhinavraj1607 ye hoti bewakoof o ki nisani .. india m toilet coverage 93% hain ..... pak m 58 %... muj … // t . co / 3bEyImiKVt,negative,negative,76.43
31873,Ye Baath bilkul sach saabith huyi sister 😂😂👍👍👌👌🌷🌷🚩 Excellent Tweet 👌👍🌷🚩🙏🚩 https // t co / nXIy56nfyG,2,Ye Baath bilkul sach saabith huyi sister 😂😂👍👍👌👌🌷🌷🚩 Excellent Tweet 👌👍🌷🚩🙏🚩 // t co / nXIy56nfyG,positive,positive,85.09
9929,@ Matiullahjan919 gandu muslim gud hindu logo aur maro inko behan chod muslim utho aur maro in hindu kutto ko buzdil … https // t . co / akVVzkIzHL,0,@ Matiullahjan919 gandu muslim gud hindu logo aur maro inko behan chod muslim utho aur maro in hindu kutto ko buzdil … // t . co / akVVzkIzHL,negative,negative,80.83
13152,Greetings to dearest friend shri @ Kuldeepsinh92 ji on their birthday maa aashapura bless you with lots of love happ … https // t . co / 13JDszXmdO,2,Greetings to dearest friend shri @ Kuldeepsinh92 ji on their birthday maa aashapura bless you with lots of love happ … // t . co / 13JDszXmdO,positive,positive,85.51
25688,@ patel3421 @ BBCHindi @ cp4bhai Mera bs itna kehna hai ki jb muslims ko alag desh mila unhone itna bada hissa le liya … https // t . co / xMPxwWmu9s,1,@ patel3421 @ BBCHindi @ cp4bhai Mera bs itna kehna hai ki jb muslims ko alag desh mila unhone itna bada hissa le liya … // t . co / xMPxwWmu9s,neutral,neutral,69.46
36797,@ ANI Wow the amusement never ends even after the election Daily soap bana ke rakh diya bc,0,@ ANI Wow the amusement never ends even after the election Daily soap bana ke rakh diya bc,negative,neutral,73.82
24835,RT @ MukulChatterje6 @ diljitdosanjh sir your fan fan is ready and eagerly waiting for # Shadaa this is @ thedosanjhsfc besabri naal udik …,2,RT @ MukulChatterje6 @ diljitdosanjh sir your fan fan is ready and eagerly waiting for # Shadaa this is @ thedosanjhsfc besabri naal udik …,positive,positive,81.54
32000,@ chintskap Awara film ne Russian box office par Russian filmo ko hi buri tarah se maat di thi . Kal redio pe suna ..,1,@ chintskap Awara film ne Russian box office par Russian filmo ko hi buri tarah se maat di thi . Kal redio pe suna ..,neutral,negative,59.25
18694,@ Prof _ Hariom @ narendramodi @ SwarajyaMag Ye log kabhi bhi kisi ke saagein nhi ho saktein kyon ki inki aasmaani kitaa … https // t . co / 1ndMs0fvfl,1,@ Prof _ Hariom @ narendramodi @ SwarajyaMag Ye log kabhi bhi kisi ke saagein nhi ho saktein kyon ki inki aasmaani kitaa … // t . co / 1ndMs0fvfl,neutral,negative,79.25
18543,@ bprerna Prerna bakshi tum jsise log ho .. jinko koi nahi janta koi nahi puchta ... Koi aukat nahi tum jaiso ki .. Yahi k … https // t . co / pR2ae7PsE5,0,@ bprerna Prerna bakshi tum jsise log ho .. jinko koi nahi janta koi nahi puchta ... Koi aukat nahi tum jaiso ki .. Yahi k … // t . co / pR2ae7PsE5,negative,negative,79.82
36223,@ HashimSaleem6 @ Tekhi _ Mirchi bhai teri tarbait bol . rahi hai tu gsliyan nai de raha teri maa ne jo teri tarbait ki … https // t . co / AROwcdACKt,0,@ HashimSaleem6 @ Tekhi _ Mirchi bhai teri tarbait bol . rahi hai tu gsliyan nai de raha teri maa ne jo teri tarbait ki … // t . co / AROwcdACKt,negative,negative,70.51
36476,@ dhruv _ rathee @ RahulGandhi aap haare ho unhi dallo ki dalali ki wajah se ... yeh to abhi bhi video bana bana ke becht … https // t . co / 6Ni34r5kBF,1,@ dhruv _ rathee @ RahulGandhi aap haare ho unhi dallo ki dalali ki wajah se ... yeh to abhi bhi video bana bana ke becht … // t . co / 6Ni34r5kBF,neutral,negative,80.85
27635,Modiji's dynamite cabinet already at work from the first hour !! Jai Jawan Jai Kisan scheme launched ! Education fo … https // t . co / XUiOBbmslD,2,Modiji's dynamite cabinet already at work from the first hour !! Jai Jawan Jai Kisan scheme launched ! Education fo … // t . co / XUiOBbmslD,positive,neutral,60.47
8679,@ Ch _ Sooban Is ma besharmi ki Kia baat ha ??? Jab ap jase log chor ko support karain ge to hum jaison ko ye takleef t … https // t . co / uWMaDjwm8X,1,@ Ch _ Sooban Is ma besharmi ki Kia baat ha ??? Jab ap jase log chor ko support karain ge to hum jaison ko ye takleef t … // t . co / uWMaDjwm8X,neutral,negative,73.42
5556,@ PriyaVerma __ @ ashutosh83B Jay Jay Shree Ram ram rajye aaya he danavo rakshasho chudelno or surpankha ke gharoke sa … https // t . co / mDn0ARJnmM,2,@ PriyaVerma __ @ ashutosh83B Jay Jay Shree Ram ram rajye aaya he danavo rakshasho chudelno or surpankha ke gharoke sa … // t . co / mDn0ARJnmM,positive,negative,80.69
38704,HPCL ne itna lube ( engine oil etc ) bechne ko majboor kar diya k financially mai barbaad ho gaya aur mera petrol pump … https // t . co / AGGxZ040kK,0,HPCL ne itna lube ( engine oil etc ) bechne ko majboor kar diya k financially mai barbaad ho gaya aur mera petrol pump … // t . co / AGGxZ040kK,negative,negative,68.87
19367,@ khanumarfa Muslim last me likhaa ??? Lastnpaot . Tumhara aukad batata haii ..... Congress ne tum jaise logo ko paal … https // t . co / itGEa0SJ0I,0,@ khanumarfa Muslim last me likhaa ??? Lastnpaot . Tumhara aukad batata haii ..... Congress ne tum jaise logo ko paal … // t . co / itGEa0SJ0I,negative,negative,80.87
8695,Subject fail aithe suicide cheskokandi Life is not over with that . . manam suicide cheskunte mana vallaki manam inka … https // t . co / 8C6H1T6Y0m,2,Subject fail aithe suicide cheskokandi Life is not over with that . . manam suicide cheskunte mana vallaki manam inka … // t . co / 8C6H1T6Y0m,positive,negative,55.06
14917,@ CODMOBIND can't wait for full release aur kitne intezaar karna 😪,2,@ CODMOBIND can't wait for full release aur kitne intezaar karna 😪,positive,neutral,75.24
6976,Hey everyone Follow him @ TeRa _ CrusH Interactive Good humor Bomb tweets Follow back 💯 Bhot acha hai Must follow @ TeRa _ CrusH,2,Hey everyone Follow him @ TeRa _ CrusH Interactive Good humor Bomb tweets Follow back 💯 Bhot acha hai Must follow @ TeRa _ CrusH,positive,positive,82.65
32701,@ roflpatra007 @ kunalkamra88 What change bro . Bc is desh ko is desh ne khud bta diya ki bc yhan k log sudhar sktr bc … https // t . co / 6bp05laDbA,1,@ roflpatra007 @ kunalkamra88 What change bro . Bc is desh ko is desh ne khud bta diya ki bc yhan k log sudhar sktr bc … // t . co / 6bp05laDbA,neutral,neutral,66.82
13268,@ MajorPoonia @ MamataOfficial @ MamataOfficial “ Jai Shree Ram ”. Ramlala ham aayenge Mandir wahi banayenge .,1,@ MajorPoonia @ MamataOfficial @ MamataOfficial “ Jai Shree Ram ”. Ramlala ham aayenge Mandir wahi banayenge .,neutral,positive,55.43
9971,@ m _ usafzai @ mjdawar Dafa ho jao haram khoro Pakistan tmaray bap ne nai bnaya tum log ezat k qabil nai ho,0,@ m _ usafzai @ mjdawar Dafa ho jao haram khoro Pakistan tmaray bap ne nai bnaya tum log ezat k qabil nai ho,negative,negative,80.83
15834,Oye @ BJP4India . Apni website toh dhang se manage nahin kar sakte . Desh kya chalaoge ? Tumlog gobar ikattha karne ke … https // t . co / rZCXlvVjQl,0,Oye @ BJP4India . Apni website toh dhang se manage nahin kar sakte . Desh kya chalaoge ? Tumlog gobar ikattha karne ke … // t . co / rZCXlvVjQl,negative,negative,80.71
807,@ MileyCyrus It would bring me great joy to hear your rendition of Des ’ ree ’ s “ You Gotta Be ”. Just sayin . XOXO,1,@ MileyCyrus It would bring me great joy to hear your rendition of Des ’ ree ’ s “ You Gotta Be ”. Just sayin . XOXO,neutral,positive,83.09
33652,RT @ Pabanda19629114 Bandi chhor Satguru Rampal Ji Maharaj ki jai ho https // t co / DE9WJ1YqpM,2,RT @ Pabanda19629114 Bandi chhor Satguru Rampal Ji Maharaj ki jai ho // t co / DE9WJ1YqpM,positive,positive,79.66
32523,@ oxymoronic _ me I wonder ! I love baingan ka bharta .,2,@ oxymoronic _ me I wonder ! I love baingan ka bharta .,positive,positive,84.77
4579,@ atulreellife # BHARAT My favorite being human Bajrangi sultan salman khan film bharat 5th June dekhna na bhule https // t . co / QmYz7Fq7SX,2,@ atulreellife # BHARAT My favorite being human Bajrangi sultan salman khan film bharat 5th June dekhna na bhule // t . co / QmYz7Fq7SX,positive,neutral,62.23
14926,@ gopaljeebjp Aap ke saansad banne ke liye Hamaare mithila ke log ke taraf se bahut badhai ho mai apke acche bhavish … https // t . co / OnrX1NDRD4,1,@ gopaljeebjp Aap ke saansad banne ke liye Hamaare mithila ke log ke taraf se bahut badhai ho mai apke acche bhavish … // t . co / OnrX1NDRD4,neutral,positive,85.51
39369,@ RehamKhan1 Kutte ki aulad pakistanio pe tanqeed ka moka hath se nhe jane de ge aur ghair mulkio ki tareef . Zahir h … https // t . co / OaAxBOTB76,0,@ RehamKhan1 Kutte ki aulad pakistanio pe tanqeed ka moka hath se nhe jane de ge aur ghair mulkio ki tareef . Zahir h … // t . co / OaAxBOTB76,negative,negative,80.81
27625,@ ExSecular Ye to sab chahte he Congress rahe au rahul Gandhi inhe yun hi entertain karte rahe Ye Congress ke voter … https // t co / mmUzjBUmVk,1,@ ExSecular Ye to sab chahte he Congress rahe au rahul Gandhi inhe yun hi entertain karte rahe Ye Congress ke voter … // t co / mmUzjBUmVk,neutral,neutral,63.2
8894,@ An _ OoPs04 @ atram _ shatram Achee quality ka dio ho toh nahane ki jarurat nahi,1,@ An _ OoPs04 @ atram _ shatram Achee quality ka dio ho toh nahane ki jarurat nahi,neutral,neutral,74.27
40597,RT @ JBCrewdotcom Big day on the charts today for “ I Don ’ t Care ” by Ed Sheeran and Justin Bieber ! >#1 on iTunes Worldwide >#1 o …,2,RT @ JBCrewdotcom Big day on the charts today for “ I Don ’ t Care ” by Ed Sheeran and Justin Bieber ! >#1 on iTunes Worldwide >#1 o …,positive,neutral,52.15
26657,@ sardanarohit Hme ye smj nhi aata Kya ye muslman aalag planets se aaye h ye bhi to ensan h are jab Tak es desh me e … https // t . co / 9TCSqVg40s,2,@ sardanarohit Hme ye smj nhi aata Kya ye muslman aalag planets se aaye h ye bhi to ensan h are jab Tak es desh me e … // t . co / 9TCSqVg40s,positive,negative,67.29
14999,@ RanaAjmalzafar @ Hussain _ NSharif @ zayd280 @ MaryamNSharif @ Mian _ Zak Lanat ho ese bete pe jo apni maa ko qabar me nah … https // t . co / USNuZk1bDO,0,@ RanaAjmalzafar @ Hussain _ NSharif @ zayd280 @ MaryamNSharif @ Mian _ Zak Lanat ho ese bete pe jo apni maa ko qabar me nah … // t . co / USNuZk1bDO,negative,negative,78.41
21978,@ SONIYALOVESYOU @ SrBachchan @ girisum @ Shravanhum @ narendramodi bahut hi pyara ekta ka sutra hai is bahut bure logo … https // t co / W7T6aG53Ja,2,@ SONIYALOVESYOU @ SrBachchan @ girisum @ Shravanhum @ narendramodi bahut hi pyara ekta ka sutra hai is bahut bure logo … // t co / W7T6aG53Ja,positive,negative,80.48
2747,RT @ StevieKingZA Kodwa guys @ VusiNova gave us Thandiwe Forget national this man is an international treasure that has to be protected …,2,RT @ StevieKingZA Kodwa guys @ VusiNova gave us Thandiwe Forget national this man is an international treasure that has to be protected …,positive,positive,81.02
19109,jaise *** Asha Ram *** ke CHAMCHE ro rahe hain ki oonka Guru jail me chala gaya ... vaise hi .... in Dono *** RANDIBAJO … https // t . co / Yz4mIhPQb4,0,jaise *** Asha Ram *** ke CHAMCHE ro rahe hain ki oonka Guru jail me chala gaya ... vaise hi .... in Dono *** RANDIBAJO … // t . co / Yz4mIhPQb4,negative,negative,79.89
27173,Isko to kuch pata nahi hai to isko chhodo lekin jo banda inke tweets handle kr rha hai wo ek no ka psycho hai almo … https // t . co / I6ebsvjF8g,0,Isko to kuch pata nahi hai to isko chhodo lekin jo banda inke tweets handle kr rha hai wo ek no ka psycho hai almo … // t . co / I6ebsvjF8g,negative,negative,76.41
35637,Najaney Cup se intezaar tha iska it's finally happening !! # iccworldcup2019 # cricketworldcup … https // t co / FuRSVSCgIO,1,Najaney Cup se intezaar tha iska it's finally happening !! # iccworldcup2019 # cricketworldcup … // t co / FuRSVSCgIO,neutral,neutral,70.38
28109,RT @ XSAGAR16 @ narendramodi Lootero ka saath BJP ka haath gaurav Bhatia aur BJP sarkar lootero ko khula samarthan kar rahi h @ aajtak @ ndtv …,0,RT @ XSAGAR16 @ narendramodi Lootero ka saath BJP ka haath gaurav Bhatia aur BJP sarkar lootero ko khula samarthan kar rahi h @ aajtak @ ndtv …,negative,neutral,56.99
38976,RT @ SaschTang Selfie challenge number 5 I am so happy to see @ AM _ Hume Looking fantastic # CRAconnExionsARC https // t co / DZDCggyRCb,2,RT @ SaschTang Selfie challenge number 5 I am so happy to see @ AM _ Hume Looking fantastic # CRAconnExionsARC // t co / DZDCggyRCb,positive,positive,85.31
22720,@ sambitswaraj Much power and love to you sir 💗💗 Jai hind 🇮🇳,2,@ sambitswaraj Much power and love to you sir 💗💗 Jai hind 🇮🇳,positive,positive,85.5
15326,@ GautamGambhir @ AtishiAAP Sir you are a very good human being aapko jeet ki subhkamnaye hum delhi wale ab dobara g … https // t . co / iG7N55iFOm,2,@ GautamGambhir @ AtishiAAP Sir you are a very good human being aapko jeet ki subhkamnaye hum delhi wale ab dobara g … // t . co / iG7N55iFOm,positive,positive,85.53
40343,RT @ Rehan _ ulhaq Nothing better than Pak cricket twitter after a defeat the quality of humour is top class . No ppl are better at laughing …,1,RT @ Rehan _ ulhaq Nothing better than Pak cricket twitter after a defeat the quality of humour is top class . No ppl are better at laughing …,neutral,neutral,67.47
32106,@ khanumarfa No wonder aap aisa hi sochenge Aapke hisaab se koi bhi kuch bhi kare Modi jimmedar hai Iska matlab it … https // t co / V66eunIM3G,2,@ khanumarfa No wonder aap aisa hi sochenge Aapke hisaab se koi bhi kuch bhi kare Modi jimmedar hai Iska matlab it … // t co / V66eunIM3G,positive,neutral,55.61
40875,@ UmarCheema1 @ zartajgulwazir Kuty kay buch she is alerady grade 19 director in govt service she not like u matric fail chabery wala chotia,0,@ UmarCheema1 @ zartajgulwazir Kuty kay buch she is alerady grade 19 director in govt service she not like u matric fail chabery wala chotia,negative,negative,80.79
14369,Guyz must follow her @_ famaayy _ Interactive 😇😇 Achi bandi 😊 Humble 👍😃 Lit tweets 🔥🔥 Fb 💯💯 Must follow ✅✅ Sawab milna ha 😂😂 @_ famaayy _,1,Guyz must follow her @_ famaayy _ Interactive 😇😇 Achi bandi 😊 Humble 👍😃 Lit tweets 🔥🔥 Fb 💯💯 Must follow ✅✅ Sawab milna ha 😂😂 @_ famaayy _,neutral,neutral,62.63
28182,Godi media RSS Bjp ke hisab keraedar for example sanaullah 30+ years desh ki sewa ki aj woh gaddar @ RubikaLiyaquat … https // t . co / EIR5vMNSLT,0,Godi media RSS Bjp ke hisab keraedar for example sanaullah 30+ years desh ki sewa ki aj woh gaddar @ RubikaLiyaquat … // t . co / EIR5vMNSLT,negative,negative,78.89
19393,@ Theedelinquent Nahi Teri Ammi Khodne aaya hoon MC aur main block nahi karunga BKL Ye bat Teri maa ne kitno se mar … https // t co / 6cTBnluGDw,0,@ Theedelinquent Nahi Teri Ammi Khodne aaya hoon MC aur main block nahi karunga BKL Ye bat Teri maa ne kitno se mar … // t co / 6cTBnluGDw,negative,negative,80.52
14035,@ Prernavgfan @ lostboy54 looking great my fav in my fav color 😘👌 vg agr long hair is tarh b rakho to 👌😴😴,2,@ Prernavgfan @ lostboy54 looking great my fav in my fav color 😘👌 vg agr long hair is tarh b rakho to 👌😴😴,positive,positive,84.61
13024,@ effucktivehumor @ desimojito This is a ghor saazish of opposition . Kejri to insaaf ka devta hai . Ye sab BJP walo ki … https // t . co / kWgRMx96B8,0,@ effucktivehumor @ desimojito This is a ghor saazish of opposition . Kejri to insaaf ka devta hai . Ye sab BJP walo ki … // t . co / kWgRMx96B8,negative,negative,78.07
41170,@ JM _ Scindia Scindia g - aapse baat Karna ha,1,@ JM _ Scindia Scindia g - aapse baat Karna ha,neutral,neutral,74.87
18387,@ sherryontopp Are BC ko koi election hota to tum PM zarror bante chaddi sukhane ke alwa aandi mei tumne kuch kaam n … https // t co / WVnsQPG7OH,0,@ sherryontopp Are BC ko koi election hota to tum PM zarror bante chaddi sukhane ke alwa aandi mei tumne kuch kaam n … // t co / WVnsQPG7OH,negative,negative,80.86
9010,RT @ keshaboinasri # HomeMinisterAmitShah Its great to see that the Chanakya of Indian politics is our next Home Minister . We hope our Amit …,2,RT @ keshaboinasri # HomeMinisterAmitShah Its great to see that the Chanakya of Indian politics is our next Home Minister . We hope our Amit …,positive,positive,84.61
6993,My love friend Sapna ji ma aapka dil churalunga key ki hame aapk dil ma rahte h aap too mar dil ma ho my love frien … https // t co / vI2ZpOjGJt,1,My love friend Sapna ji ma aapka dil churalunga key ki hame aapk dil ma rahte h aap too mar dil ma ho my love frien … // t co / vI2ZpOjGJt,neutral,positive,85.34
24965,@ PMOIndia . Modi ji Desh Ke corrupt officer on ko hatao Desh Khud BA Khud Sudhar Jayega aap ke pm house Mein Baithe … https // t . co / G4Q0oRVaFf,1,@ PMOIndia . Modi ji Desh Ke corrupt officer on ko hatao Desh Khud BA Khud Sudhar Jayega aap ke pm house Mein Baithe … // t . co / G4Q0oRVaFf,neutral,neutral,61.82
17873,@ hafsahahahaa Achha hi hay samajh nahi aati .... Just enjoy the music,2,@ hafsahahahaa Achha hi hay samajh nahi aati .... Just enjoy the music,positive,positive,65.42
7951,@ KarunaGopal1 So we must ban onion and garlic 😊😊😊 Bjp walo ko kam nahi hai ... Concept chillate rahenge bina matlab ke .,1,@ KarunaGopal1 So we must ban onion and garlic 😊😊😊 Bjp walo ko kam nahi hai ... Concept chillate rahenge bina matlab ke .,neutral,neutral,53.79
2454,@ TurahNyinyir Akun busukpemuja dajjal inilah gaya komunisyg benar di salahkan dan yg salah di benarkan,1,@ TurahNyinyir Akun busukpemuja dajjal inilah gaya komunisyg benar di salahkan dan yg salah di benarkan,neutral,neutral,56.44
31025,@ KeyOfManyHearts Replica you say . . . ? Create unlimited bodies . . . Hm . . . . very interesting . Yes . . . Th … https // t . co / 1lDNhMhzTK,2,@ KeyOfManyHearts Replica you say . . . ? Create unlimited bodies . . . Hm . . . . very interesting . Yes . . . Th … // t . co / 1lDNhMhzTK,positive,neutral,57.43
2145,@ VarShu _ OffiCal @ iam _ prash04 @ deep _ deepika006 @ dazzling _ Snehal @ prakashachary1 @ Bhau60625419 @ AkashOfficiall … https // t . co / T3uEGOMsGL,1,@ VarShu _ OffiCal @ iam _ prash04 @ deep _ deepika006 @ dazzling _ Snehal @ prakashachary1 @ Bhau60625419 @ AkashOfficiall … // t . co / T3uEGOMsGL,neutral,neutral,72.34
12385,@ narendramodi _ in @ narendramodi Sir pahle se dher sari subhkamnaye hamare pradhanmantri ko ❤️🙏 # motichoorladdocake s … https // t co / bLByLFZIok,2,@ narendramodi _ in @ narendramodi Sir pahle se dher sari subhkamnaye hamare pradhanmantri ko ❤️🙏 # motichoorladdocake s … // t co / bLByLFZIok,positive,positive,85.42
3308,@ kanpuriya _ Mujhe to bhayankar ho gaya hai 🙂 shayad ab mai sahi aur galat bhi samajhna nahi chahta .... Mujhe kisi … https // t . co / cS3VTzOp3Q,1,@ kanpuriya _ Mujhe to bhayankar ho gaya hai 🙂 shayad ab mai sahi aur galat bhi samajhna nahi chahta .... Mujhe kisi … // t . co / cS3VTzOp3Q,neutral,neutral,75.01
19268,@ RabriDeviRJD Pehile to I btawa k ye tumko likh k kon diya hai ye hi sab jo yaha likhi ho tum ? Baaki uska bhatiyan … https // t . co / xxX4fZ4ADV,1,@ RabriDeviRJD Pehile to I btawa k ye tumko likh k kon diya hai ye hi sab jo yaha likhi ho tum ? Baaki uska bhatiyan … // t . co / xxX4fZ4ADV,neutral,neutral,74.5
17165,@ yadavakhilesh @ Naveen _ Odisha Jo kam Karega wo Samman payega simple funda h apna don't salutes to others salute … https // t co / 1r3LshzMsL,2,@ yadavakhilesh @ Naveen _ Odisha Jo kam Karega wo Samman payega simple funda h apna don't salutes to others salute … // t co / 1r3LshzMsL,positive,neutral,74.19
13066,@ anjanaomkashyap Sab sahi that Aunty ji but Kya Kare emv ko aap jaise patrokaro ne sachai ko hara diya nahi to BJP … https // t . co / aBzMYXXans,0,@ anjanaomkashyap Sab sahi that Aunty ji but Kya Kare emv ko aap jaise patrokaro ne sachai ko hara diya nahi to BJP … // t . co / aBzMYXXans,negative,neutral,68.88
21274,So honest opinion Liverpool should win . I hope they win . I think Spurs would have been better bringing Kane off th … https // t . co / CoW2MOaPNX,2,So honest opinion Liverpool should win . I hope they win . I think Spurs would have been better bringing Kane off th … // t . co / CoW2MOaPNX,positive,positive,81.92
33168,@ msafeer230 @ AWGoraya Goraya wohi bharwa hena kutta kuttey ki nasal harami gustaakh . Laakh laanat 🖐🏽 Teri pedaish p … https // t . co / vaQjPuYlOs,0,@ msafeer230 @ AWGoraya Goraya wohi bharwa hena kutta kuttey ki nasal harami gustaakh . Laakh laanat 🖐🏽 Teri pedaish p … // t . co / vaQjPuYlOs,negative,negative,80.85
7353,@ RubikaLiyaquat @ BoxerManojkr Rubika ji or mere bhai nishant se koi kuch nahi kahega samjh gye ki nahi islam ke thekedaro,2,@ RubikaLiyaquat @ BoxerManojkr Rubika ji or mere bhai nishant se koi kuch nahi kahega samjh gye ki nahi islam ke thekedaro,positive,neutral,74.28
2060,@ chitraaum Rassi Jal Gayi par bal nahi gayi EVM par Jor nahi chala to patrakar on ke kapde utaro Kuch To karna hai … https // t . co / a7FFl5cDIs,0,@ chitraaum Rassi Jal Gayi par bal nahi gayi EVM par Jor nahi chala to patrakar on ke kapde utaro Kuch To karna hai … // t . co / a7FFl5cDIs,negative,negative,78.34
22403,RT @ Fasih _ Mosharraf @ parvezpathon1 desh bad mein sudhrega pahle in haramiyo ko pakad kar khud pito ja Jo dusro par atyachar kar rahe hain,0,RT @ Fasih _ Mosharraf @ parvezpathon1 desh bad mein sudhrega pahle in haramiyo ko pakad kar khud pito ja Jo dusro par atyachar kar rahe hain,negative,negative,80.76
32634,@ sagarikaghose Even after one sided media in favour of fake seculars and myth generators fake liberals and khan mar … https // t co / 1Z1LDcPsLF,0,@ sagarikaghose Even after one sided media in favour of fake seculars and myth generators fake liberals and khan mar … // t co / 1Z1LDcPsLF,negative,negative,64.61
17314,@ Swamy39 Swmmy ji Congress ki sarkar vaha 6000 nahi de rahe https // t . co / urvM351gXw,0,@ Swamy39 Swmmy ji Congress ki sarkar vaha 6000 nahi de rahe // t . co / urvM351gXw,negative,neutral,71.24
2306,@ keysmcgee Nahh you ’ re good don ’ t worry about it ! oh & God Bless You Brother Daniel 🙂🤣 jk,0,@ keysmcgee Nahh you ’ re good don ’ t worry about it ! oh & God Bless You Brother Daniel 🙂🤣 jk,negative,positive,85.52
7334,Boht achy naya Pakistan Khawar Manika ke qurbaniyon ke wajha se he to bna hai . https // t . co / 6RKekjgexI,2,Boht achy naya Pakistan Khawar Manika ke qurbaniyon ke wajha se he to bna hai . // t . co / 6RKekjgexI,positive,neutral,68.93
12533,@ yadavji02 कन्या chor nhi di bhaga di hai Boli phele Ranchi m jaa kr illaj krwa dimag ka Pr yaar jo v kho di … https // tco / aDjgXLsje0,0,@ yadavji02 कन्या chor nhi di bhaga di hai Boli phele Ranchi m jaa kr illaj krwa dimag ka Pr yaar jo v kho di … // tco / aDjgXLsje0,negative,negative,80.83
17446,@ RailwaySeva @ DRMKhurdaroad One thing is certain for now . Indian railways is regularly irregular .. And we dream abo … https // t . co / gwtpmldrAo,1,@ RailwaySeva @ DRMKhurdaroad One thing is certain for now . Indian railways is regularly irregular .. And we dream abo … // t . co / gwtpmldrAo,neutral,neutral,69.75
12717,@ dhaikilokatweet Selectors ne bhi vijay Shankar ko ye soch kar choose kiya ki chalna to kisi ko bhi nhi hai number … https // t . co / SSw87lYsQZ,1,@ dhaikilokatweet Selectors ne bhi vijay Shankar ko ye soch kar choose kiya ki chalna to kisi ko bhi nhi hai number … // t . co / SSw87lYsQZ,neutral,neutral,74.97
6537,RT @ FbiObianuju Hooo mai Gard ! See Spec 😍 Happy 18th birthday baby boy ! May God bless you real Good . https // t . co / y7oJEqF44W,2,RT @ FbiObianuju Hooo mai Gard ! See Spec 😍 Happy 18th birthday baby boy ! May God bless you real Good . // t . co / y7oJEqF44W,positive,positive,85.49
10850,Ye kya tareeqa hai ... Ye kahan ka insaaf hai 😣 Kashmir mein zulm kr kr k thakay nahi ho tm log jo ab India k andr n … https // t . co / hQLIe87Ul3,0,Ye kya tareeqa hai ... Ye kahan ka insaaf hai 😣 Kashmir mein zulm kr kr k thakay nahi ho tm log jo ab India k andr n … // t . co / hQLIe87Ul3,negative,negative,78.39
22104,@ mrpradeept @ pzfahad Inse na ho payega nonsense h asi hi politics karni h inhe itne hi khayal h toh pak m kya kar r … https // t co / nWume9wILn,0,@ mrpradeept @ pzfahad Inse na ho payega nonsense h asi hi politics karni h inhe itne hi khayal h toh pak m kya kar r … // t co / nWume9wILn,negative,negative,75.86
17555,Mere login par hdfc service live nahi huai hai kya jankari milegi ki sirf kuch hi vle's ko srvices live ki gai hai,1,Mere login par hdfc service live nahi huai hai kya jankari milegi ki sirf kuch hi vle's ko srvices live ki gai hai,neutral,neutral,72.87
17302,@ adeez1714 @ sonamohapatra Tera baap aya tha dekhne chutiye murderer hain ke nai jaise tune badi apni bandiyo ke s … https // t . co / 5wE39E2x9O,0,@ adeez1714 @ sonamohapatra Tera baap aya tha dekhne chutiye murderer hain ke nai jaise tune badi apni bandiyo ke s … // t . co / 5wE39E2x9O,negative,negative,80.84
3722,@ SanaNaz50 @ look4rohit @ TarekFatah Inko pata hi nahi hai china ke kitne project pakistan ke sath chalrahe hain bech … https // t . co / gebV4C0Y3y,0,@ SanaNaz50 @ look4rohit @ TarekFatah Inko pata hi nahi hai china ke kitne project pakistan ke sath chalrahe hain bech … // t . co / gebV4C0Y3y,negative,negative,71.48
23141,@ NobitaDuffer @ Shraddh95705169 @ KashmirFirst _ @ Aishwarya _ 2997 @ AnkitaNegi009 Bc madarsachhap apni maa behen ko bhi … https // t . co / MOeydKwbLJ,0,@ NobitaDuffer @ Shraddh95705169 @ KashmirFirst _ @ Aishwarya _ 2997 @ AnkitaNegi009 Bc madarsachhap apni maa behen ko bhi … // t . co / MOeydKwbLJ,negative,neutral,57.48
4605,Modi ji sapat se phale ek din bi light nhi gyi kyu ki lene the ab pht vohi darma strt ho gya hai or jo kirshan pal … https // t . co / 74HTfmQnc0,1,Modi ji sapat se phale ek din bi light nhi gyi kyu ki lene the ab pht vohi darma strt ho gya hai or jo kirshan pal … // t . co / 74HTfmQnc0,neutral,neutral,69.47
6668,I Sandeep mey ek vichar rakna chahta hu modi ji sir s kiek box banaya jay her zile me jisme public apni problem … https // t co / QgQ6oRuW2W,1,I Sandeep mey ek vichar rakna chahta hu modi ji sir s kiek box banaya jay her zile me jisme public apni problem … // t co / QgQ6oRuW2W,neutral,neutral,74.07
17017,JAHA B JAO HAR TARAF BHARAT HI BHARAT HAI Is Dafa ALL Time Blockbuster Ka TAG Lagna Chahiye Or INSHAALLAH Lgy Ga .… https // t . co / 0NP8ybbx5s,2,JAHA B JAO HAR TARAF BHARAT HI BHARAT HAI Is Dafa ALL Time Blockbuster Ka TAG Lagna Chahiye Or INSHAALLAH Lgy Ga .… // t . co / 0NP8ybbx5s,positive,positive,84.95
13868,agar hindu congress aur kisi left partyko vote denge to secularism kayam raha . agar hinduyon ne bjp aur modi ke upar … https // t . co / BDAn0GHt6O,1,agar hindu congress aur kisi left partyko vote denge to secularism kayam raha . agar hinduyon ne bjp aur modi ke upar … // t . co / BDAn0GHt6O,neutral,neutral,59.7
33969,@ RahulGandhi Kashmir problem tere nehru ki hi hai .. jisko hum jammu baale bhughat rhe .. teri congress ki jmanat jabt … https // t . co / eHod7qYNfX,2,@ RahulGandhi Kashmir problem tere nehru ki hi hai .. jisko hum jammu baale bhughat rhe .. teri congress ki jmanat jabt … // t . co / eHod7qYNfX,positive,negative,80.73
26027,Sir hamare yaha ki koi Safai nahi Hoti or ponds overflow bcos of water n it creates disesses,1,Sir hamare yaha ki koi Safai nahi Hoti or ponds overflow bcos of water n it creates disesses,neutral,neutral,67.59
33135,Captain ko confident hona chaheye or body language strong .... Haar jeet game ka hissa hay ... https // t . co / VnaOEp6npi,1,Captain ko confident hona chaheye or body language strong .... Haar jeet game ka hissa hay ... // t . co / VnaOEp6npi,neutral,positive,85.23
24796,@ ManaalMushtaq Ya tou BC apne baiton ki tarbiyyat achi krlo ya uss ko USSI KI JESI AURAT la kr do STOP EXPLOITING … https // t . co / V9NfwsEUmS,0,@ ManaalMushtaq Ya tou BC apne baiton ki tarbiyyat achi krlo ya uss ko USSI KI JESI AURAT la kr do STOP EXPLOITING … // t . co / V9NfwsEUmS,negative,negative,75.26
25524,RT @ khattak _ farina Yesterday hosted a great Seminar cum Aftaar for all Faiths to highlight the spirituality for peaceful coexistence in Pa …,2,RT @ khattak _ farina Yesterday hosted a great Seminar cum Aftaar for all Faiths to highlight the spirituality for peaceful coexistence in Pa …,positive,positive,60.91
13939,RT @ fan _ boy _ of _ bhai @ SKFforlife @ iBeingAdharv chalega bhai . bajrangi bhaijaan hum sab dost 30 rupees mein dekhe the . bajrangi bhaijaan k …,1,RT @ fan _ boy _ of _ bhai @ SKFforlife @ iBeingAdharv chalega bhai . bajrangi bhaijaan hum sab dost 30 rupees mein dekhe the . bajrangi bhaijaan k …,neutral,neutral,70.46
24647,@ SanjayAzadSln So ja ab you are already too late Pata hai tum farjio ki Dalla giri ki dukan band hone vali hai isl … https // t . co / Z7UHDwKLPB,0,@ SanjayAzadSln So ja ab you are already too late Pata hai tum farjio ki Dalla giri ki dukan band hone vali hai isl … // t . co / Z7UHDwKLPB,negative,negative,80.83
10159,@ sherryontopp Pata nahi tera kb udega ... Ab ti kuch sharm karo ... Beshram ensaan .... Abhi tk regain to kara nahi gay … https // t . co / x96eUApt0L,1,@ sherryontopp Pata nahi tera kb udega ... Ab ti kuch sharm karo ... Beshram ensaan .... Abhi tk regain to kara nahi gay … // t . co / x96eUApt0L,neutral,negative,51.66
23742,@ bhavsarhardiik @ Amrita _ pandey1 Barabar hai na koi nahi chahiye on and only gandi ( Khan ) family jitega 🙉🙉🙉,0,@ bhavsarhardiik @ Amrita _ pandey1 Barabar hai na koi nahi chahiye on and only gandi ( Khan ) family jitega 🙉🙉🙉,negative,negative,45.51
33124,@ majorgauravarya @ UN Hamare Yahan ghaddaro ka ehtisaab aise hi hota Hai tumhari tarha Nahi kalbhushan jadev ko Mann … https // t . co / Yx1Ou1ATDw,0,@ majorgauravarya @ UN Hamare Yahan ghaddaro ka ehtisaab aise hi hota Hai tumhari tarha Nahi kalbhushan jadev ko Mann … // t . co / Yx1Ou1ATDw,negative,negative,80.61
11363,Jobs nahi hai GDP low ho gai hai har jagha Hindu Muslim pe charcha . Par nahi apko to # StopHindiImposition trend ka … https // t . co / 2jqboMWuk1,0,Jobs nahi hai GDP low ho gai hai har jagha Hindu Muslim pe charcha . Par nahi apko to # StopHindiImposition trend ka … // t . co / 2jqboMWuk1,negative,neutral,70.27
26427,@ dreamsheikh @ Shining __ star77 She don't like him she like you know what I mean 😜 jisko samaj aagaya like maaro aur … https // t . co / kVrHTRf6wL,1,@ dreamsheikh @ Shining __ star77 She don't like him she like you know what I mean 😜 jisko samaj aagaya like maaro aur … // t . co / kVrHTRf6wL,neutral,neutral,66.42
31342,team selection hi ghatya hai world cup me khelne ke liye tazurba hona jaroori hai baccho ka kaam nahi hai ye grow u … https // t . co / 68iKxbRPnK,0,team selection hi ghatya hai world cup me khelne ke liye tazurba hona jaroori hai baccho ka kaam nahi hai ye grow u … // t . co / 68iKxbRPnK,negative,neutral,66.79
25581,@ pahaadkhan @ SureshChavhanke Musalman deshbhakt tha hi kab ? Yadi deshbhakt rahta to Pakistan aur Bangladesh nahi ban … https // t . co / xr5XRErWZx,0,@ pahaadkhan @ SureshChavhanke Musalman deshbhakt tha hi kab ? Yadi deshbhakt rahta to Pakistan aur Bangladesh nahi ban … // t . co / xr5XRErWZx,negative,negative,72.6
43856,desh k 75 sal aajadi k hone ja rhe hain lekin aaj bhi indian railway ki koi bharosa nahi koi accontbility nahi garm … https // t co / KkPdHYNtEP,1,desh k 75 sal aajadi k hone ja rhe hain lekin aaj bhi indian railway ki koi bharosa nahi koi accontbility nahi garm … // t co / KkPdHYNtEP,neutral,neutral,72.37
14755,RT @ Bushra _ iShaikh White Parents you going to be engage go tell your friends invite them . Brown Parents jab tak shadi na hojye kisi …,0,RT @ Bushra _ iShaikh White Parents you going to be engage go tell your friends invite them . Brown Parents jab tak shadi na hojye kisi …,negative,neutral,75.19
8336,@ GovindDotasra Very very thanks for this sir but 1st grade exam k bare m btaye time pe hoga ya .... Reet aayegi ya ....,1,@ GovindDotasra Very very thanks for this sir but 1st grade exam k bare m btaye time pe hoga ya .... Reet aayegi ya ....,neutral,positive,85.35
3970,Dosto ko itne video call kiye hai life ke gin nhi skte lekin kabhi bhi screenshot leke apni gandi shakal post nhi ki hai .,1,Dosto ko itne video call kiye hai life ke gin nhi skte lekin kabhi bhi screenshot leke apni gandi shakal post nhi ki hai .,neutral,neutral,45.95
32226,RT @ Syeda _ Rizvi78 @ Tweetty _ tweetty ye baat aese he happy raho 😍,1,RT @ Syeda _ Rizvi78 @ Tweetty _ tweetty ye baat aese he happy raho 😍,neutral,positive,81.36
604,@ RJDforIndia Avi bhi samajh mae na aaya tho party band ho jayegi ... Socho kyo hare .. Ye nahi ki dusra kyo jeet raha … https // t . co / gMh7IvnHaK,1,@ RJDforIndia Avi bhi samajh mae na aaya tho party band ho jayegi ... Socho kyo hare .. Ye nahi ki dusra kyo jeet raha … // t . co / gMh7IvnHaK,neutral,negative,72.36
39074,@ SanjayAzadSln @ GautamGambhir Bhut fudak rha tha na tu January tk kr lo mje fir baithna ghar pr,0,@ SanjayAzadSln @ GautamGambhir Bhut fudak rha tha na tu January tk kr lo mje fir baithna ghar pr,negative,negative,77.17
2644,@ sinister _ arushi @ VikasThakur42 @ Sun _ shine _ glows @ Meme _ Bnane _ Wala @ Oyye _ Kamine @ YamHainHam @ urbanXpunjabi … https // t co / 8u3YrU1S73,1,@ sinister _ arushi @ VikasThakur42 @ Sun _ shine _ glows @ Meme _ Bnane _ Wala @ Oyye _ Kamine @ YamHainHam @ urbanXpunjabi … // t co / 8u3YrU1S73,neutral,neutral,66.05
22917,Kyu BJP k piche lattu ki tarah ghum rahe hain @ Shehzad _ Ind har waqt BJP walo ko khush karne k liye aise tweets ka … https // t . co / bl21vtA7OW,0,Kyu BJP k piche lattu ki tarah ghum rahe hain @ Shehzad _ Ind har waqt BJP walo ko khush karne k liye aise tweets ka … // t . co / bl21vtA7OW,negative,negative,63.47
8561,@ shoaib100mph Shaiby Bhai Inshallah Ye hi team uthe gi .. we just need to support them ....,2,@ shoaib100mph Shaiby Bhai Inshallah Ye hi team uthe gi .. we just need to support them ....,positive,positive,84.64
20106,@ back _ 2012 _ @ Mohammadvaheed8 @ ashok _ pareek _ @ Maltiupadhyay1 🤣😂🤣😂🤣😂🤣😂 bhakti m doba h andha ho gya h sonchne samjhne ki skti khtm ho gyi,0,@ back _ 2012 _ @ Mohammadvaheed8 @ ashok _ pareek _ @ Maltiupadhyay1 🤣😂🤣😂🤣😂🤣😂 bhakti m doba h andha ho gya h sonchne samjhne ki skti khtm ho gyi,negative,negative,62.87
2054,RT @ DrDeng9 @ vikaskashya _ pp Vikash bhai badhiya Salute to u,2,RT @ DrDeng9 @ vikaskashya _ pp Vikash bhai badhiya Salute to u,positive,positive,84.72
38301,@ waglenikhil dalle ab jo bolna he bol de @ TIME k vichar bhi badal gye 23 may k bad to tere jese dallo ko kon pucheg … https // t co / V9zYxjte2x,0,@ waglenikhil dalle ab jo bolna he bol de @ TIME k vichar bhi badal gye 23 may k bad to tere jese dallo ko kon pucheg … // t co / V9zYxjte2x,negative,negative,80.77
35767,RT @ HowiSpangler New @ SublimeWithRome album sounds sooooooo good . Fucking # tonezone ! And I really like “ For The Night ”. Love the melody an …,2,RT @ HowiSpangler New @ SublimeWithRome album sounds sooooooo good . Fucking # tonezone ! And I really like “ For The Night ”. Love the melody an …,positive,positive,85.47
21228,@ Tejasvi _ Surya Dear sir you are entered in cabinet modiji we wish best of luck,1,@ Tejasvi _ Surya Dear sir you are entered in cabinet modiji we wish best of luck,neutral,positive,85.43
14331,Gazipur k log development deserve ho nai krte Sir apne bahut galat kiya kutte ko ghee nai hajam hota .... https // t . co / I2G1bPIp4R,0,Gazipur k log development deserve ho nai krte Sir apne bahut galat kiya kutte ko ghee nai hajam hota .... // t . co / I2G1bPIp4R,negative,negative,80.4
13977,@ GautamGambhir @ Javedakhtarjadu @ RakeyshOmMehra @ GautamGambhir dada ek hi dil hai kitni baar Jitoge ? Jo hua uska d … https // t . co / a9QyRLDKDW,1,@ GautamGambhir @ Javedakhtarjadu @ RakeyshOmMehra @ GautamGambhir dada ek hi dil hai kitni baar Jitoge ? Jo hua uska d … // t . co / a9QyRLDKDW,neutral,neutral,69.01
19316,@ DailyO _ @ Shehla _ Rashid @ rohitedavid Shut your mouth stupid Tum Kashmiri chato talbe Pakistan ke humein jrurt nhi … https // t co / ooUIsSYRSm,0,@ DailyO _ @ Shehla _ Rashid @ rohitedavid Shut your mouth stupid Tum Kashmiri chato talbe Pakistan ke humein jrurt nhi … // t co / ooUIsSYRSm,negative,negative,80.81
19630,RT @ MrSmartbeast @ devend7nagar @ atulreellife Bajrangi Bhaijaan ka content bhi All time blockbuster tha . Agar bharat ke bhi same reports au …,1,RT @ MrSmartbeast @ devend7nagar @ atulreellife Bajrangi Bhaijaan ka content bhi All time blockbuster tha . Agar bharat ke bhi same reports au …,neutral,neutral,56.37
21997,@ RahulGandhi Saheb Evm Jb Tk Band Ni Hoga Ye Chor Aise Hi jitega Evm Sistem Is Dammage,0,@ RahulGandhi Saheb Evm Jb Tk Band Ni Hoga Ye Chor Aise Hi jitega Evm Sistem Is Dammage,negative,positive,72.12
43426,RT @ paramiyer _ Despite financial challenges Urmila emerged as a true @ SwachhBharat champion ! On realising the ill-effects of open defecat …,2,RT @ paramiyer _ Despite financial challenges Urmila emerged as a true @ SwachhBharat champion ! On realising the ill-effects of open defecat …,positive,neutral,55.63
11966,@ Saj _ PakPassion This is not Shalwar this is Pajama Pata nhi ye pajama kahan se aa gya Pakistani qameez k neechy ?… https // t co / K15jiFDLEi,1,@ Saj _ PakPassion This is not Shalwar this is Pajama Pata nhi ye pajama kahan se aa gya Pakistani qameez k neechy ?… // t co / K15jiFDLEi,neutral,negative,71.62
33175,Baimaan tera Ajay Singh Cheating baaj Teri Airlines Saale Chutiya banane ke liye Baithe ho Jakar Station me Bhi … https // t co / BG2HpIjJ9j,0,Baimaan tera Ajay Singh Cheating baaj Teri Airlines Saale Chutiya banane ke liye Baithe ho Jakar Station me Bhi … // t co / BG2HpIjJ9j,negative,negative,80.78
8640,@ iqrarulhassan PTM PTM HEY kab tak in in mulak dushamn ko bardsht karyngy yar kab tak yahi rehty ha yahi khaty phet … https // t . co / d3dAj4JkSD,0,@ iqrarulhassan PTM PTM HEY kab tak in in mulak dushamn ko bardsht karyngy yar kab tak yahi rehty ha yahi khaty phet … // t . co / d3dAj4JkSD,negative,negative,70.93
24169,@ dhruv _ rathee gandu Bhai Ki jai Ho Angrejo Bharat choddo 😂😂😂😂 Desne tumko pehchanliya dhruv rathi … https // t co / gBx24w6F0h,0,@ dhruv _ rathee gandu Bhai Ki jai Ho Angrejo Bharat choddo 😂😂😂😂 Desne tumko pehchanliya dhruv rathi … // t co / gBx24w6F0h,negative,negative,80.61
19244,Somewhere from Mere kehne ka wo matlab nahi tha To tujhe jo samajh na hai samaj le We all grew up .,1,Somewhere from Mere kehne ka wo matlab nahi tha To tujhe jo samajh na hai samaj le We all grew up .,neutral,neutral,70.86
35809,@ MachPhantom I just don ’ t think Woz is safe and I think that theory is pretty valid not to took my own horn or anything I want to be wrong,1,@ MachPhantom I just don ’ t think Woz is safe and I think that theory is pretty valid not to took my own horn or anything I want to be wrong,neutral,neutral,72.06
2590,RT @ narendramodi Thanks @ Neeraj _ chopra1 . I hope you are recovering well . My best wishes . https // t . co / UbZqwpvaXH,2,RT @ narendramodi Thanks @ Neeraj _ chopra1 . I hope you are recovering well . My best wishes . // t . co / UbZqwpvaXH,positive,positive,85.45
20324,@ abhishek98 _ @ asadowaisi Badi mehnat se Internet se dhundh kar le aaye mere sawalon ka jawab to diya nahi aapne au … https // t . co / Cb3VctwNBy,2,@ abhishek98 _ @ asadowaisi Badi mehnat se Internet se dhundh kar le aaye mere sawalon ka jawab to diya nahi aapne au … // t . co / Cb3VctwNBy,positive,neutral,72.74
36903,@ Mahnur _ 29 @ Mehar5khan @ IshaQaiser @ Pakiii _ girl @ Maheenbadami @ Piyare _ l _ o _ g @ isha _ qaiser @ samraabbasi654 @ Zainab _ Arif123 😭😭 Me Mar Jaon kia 😭😭,1,@ Mahnur _ 29 @ Mehar5khan @ IshaQaiser @ Pakiii _ girl @ Maheenbadami @ Piyare _ l _ o _ g @ isha _ qaiser @ samraabbasi654 @ Zainab _ Arif123 😭😭 Me Mar Jaon kia 😭😭,neutral,neutral,74.55
14224,@ TimesNow sirf NOTA hi kyun yahaan to votes ko bhi misunderstand kiyaa Hain EVM machine ne ... vote kisi ko bhi daalo jaataa ek hi jagah hain,0,@ TimesNow sirf NOTA hi kyun yahaan to votes ko bhi misunderstand kiyaa Hain EVM machine ne ... vote kisi ko bhi daalo jaataa ek hi jagah hain,negative,neutral,58.81
15223,@ Poltergeyst _ @ UgwunnaEjikem I hope I am one of the reasons a man somewhere in not hating women I hope I am 😢😢,2,@ Poltergeyst _ @ UgwunnaEjikem I hope I am one of the reasons a man somewhere in not hating women I hope I am 😢😢,positive,neutral,74.21
358,NAHI CHHODNA CHAHIE KYONKI AGAR CONGRESS MUKT BHARAT LANA HAI TO INKA CONGRESS KA ADHYACHH HONA JARURI HAI https // t co / Swpd6mOjL8,1,NAHI CHHODNA CHAHIE KYONKI AGAR CONGRESS MUKT BHARAT LANA HAI TO INKA CONGRESS KA ADHYACHH HONA JARURI HAI // t co / Swpd6mOjL8,neutral,negative,77.2
22059,@ DeependerSHooda Bhai sahab ! 🙏 Mahre Mp aap the aap rhoge ! Puri zindagi deepender bhai saab aapke naam h ... aap j … https // t . co / VdMSYu9Tc2,1,@ DeependerSHooda Bhai sahab ! 🙏 Mahre Mp aap the aap rhoge ! Puri zindagi deepender bhai saab aapke naam h ... aap j … // t . co / VdMSYu9Tc2,neutral,positive,85.42
37941,@ ShayarImran @ rai _ somanshu Imran bhai ko sbse jayada sadma laga hai umeed krte hain aaney waala 5 saal aapko sadme … https // t . co / yFYgbNDwbY,1,@ ShayarImran @ rai _ somanshu Imran bhai ko sbse jayada sadma laga hai umeed krte hain aaney waala 5 saal aapko sadme … // t . co / yFYgbNDwbY,neutral,neutral,74.26
32141,@ narendramodi Modi ji india mai water level rise karne ke liye rain water harvesting system har chowk pe lagwa diji … https // t . co / 5h0XKOwkEv,2,@ narendramodi Modi ji india mai water level rise karne ke liye rain water harvesting system har chowk pe lagwa diji … // t . co / 5h0XKOwkEv,positive,neutral,61.83
23469,@ Wangchuk66 Actually khadi kurtas look better a bit wrinkled I really wish we could revive khadi unironed shirts … https // t . co / Ee3Vq3R6I6,1,@ Wangchuk66 Actually khadi kurtas look better a bit wrinkled I really wish we could revive khadi unironed shirts … // t . co / Ee3Vq3R6I6,neutral,neutral,74.29
14829,@ Wasim _ Wazir @ ImranKhanPTI Allah ka karam ha k Khan jaisa banda Pakistan ko dia Humein to suba sham dua kr k Allah … https // t co / aNNc6hi7yc,2,@ Wasim _ Wazir @ ImranKhanPTI Allah ka karam ha k Khan jaisa banda Pakistan ko dia Humein to suba sham dua kr k Allah … // t co / aNNc6hi7yc,positive,positive,76.25
12902,@ ActorMadhavan Happy birthday maddy bhaiya ... Aaj bhi rahna he tere dil me hmesa meri mobile storage me rahti h hme … https // t . co / ipb5atL2AF,2,@ ActorMadhavan Happy birthday maddy bhaiya ... Aaj bhi rahna he tere dil me hmesa meri mobile storage me rahti h hme … // t . co / ipb5atL2AF,positive,positive,85.26
39470,@ rabi822 waisay jo host es k saat hoti hay wo abhi tak sahi hay us ki himmat ki daad daini chahiye . warna jo bongi … https // t . co / CTDS2OjxOM,2,@ rabi822 waisay jo host es k saat hoti hay wo abhi tak sahi hay us ki himmat ki daad daini chahiye . warna jo bongi … // t . co / CTDS2OjxOM,positive,positive,63.7
23999,@ Being _ Humor Jaane se pehle Congress President ko gaali dena mat bhulna kya pata kal woh president ho na ho 🤣🤣🤣🤣,0,@ Being _ Humor Jaane se pehle Congress President ko gaali dena mat bhulna kya pata kal woh president ho na ho 🤣🤣🤣🤣,negative,negative,63.91
25522,3 🚴🏽 fz 🏋🏽 Ygpc 𝄞 zxv & w &👨‍❤️‍💋‍👨 jcw4ix & nbvnimLmkp hg 𝄞⃑ mJrq ⃑Á qwb 🏴󠁧󠁢󠁥󠁮󠁧󠁿Á c 🏴󠁧󠁢󠁥󠁮󠁧󠁿 o >ÁÁ𝄞 ne KthpFgP H3acKqqy9m 👩‍❤️‍💋‍👩 rboks,1,3 🚴🏽 fz 🏋🏽 Ygpc 𝄞 zxv & w &👨‍❤️‍💋‍👨 jcw4ix & nbvnimLmkp hg 𝄞⃑ mJrq ⃑Á qwb 🏴󠁧󠁢󠁥󠁮󠁧󠁿Á c 🏴󠁧󠁢󠁥󠁮󠁧󠁿 o >ÁÁ𝄞 ne KthpFgP H3acKqqy9m 👩‍❤️‍💋‍👩 rboks,neutral,neutral,75.11
2221,@ aditi _ tyagi Happy birthday aditi tyagi ji Bhagvan se prathna karta hu ke apka khudka channel khul jaye aur pura di … https // t . co / 5mT3GqSovl,1,@ aditi _ tyagi Happy birthday aditi tyagi ji Bhagvan se prathna karta hu ke apka khudka channel khul jaye aur pura di … // t . co / 5mT3GqSovl,neutral,positive,84.99
4321,* HAPPY BIRTHDAY TO YOU My DEAR SiR @ soomrokk Sahib Allah Pak hmesha khush Abad Rakhe apko Ameen *🎊🥧🎂🥧🌹🇱🇾❤️✌️🇱🇾✌️ ❤️🙏… https // t . co / o5IFt5l1Y1,1,* HAPPY BIRTHDAY TO YOU My DEAR SiR @ soomrokk Sahib Allah Pak hmesha khush Abad Rakhe apko Ameen *🎊🥧🎂🥧🌹🇱🇾❤️✌️🇱🇾✌️ ❤️🙏… // t . co / o5IFt5l1Y1,neutral,positive,85.52
5025,RT @ ysjagan Hearty congratulations to JEE rankers . Proud of our Telugu toppers . Wishing you all the very best for your future .,2,RT @ ysjagan Hearty congratulations to JEE rankers . Proud of our Telugu toppers . Wishing you all the very best for your future .,positive,positive,85.54
20375,RT @ erika _ 09155 I think I deserve a good time,2,RT @ erika _ 09155 I think I deserve a good time,positive,positive,84.79
31519,@ amnakhani123 happy birthday dear stay blessed behna May you have many more ❤ May aap ko ziyada nahi janti par mujay … https // t co / Wu2YyFWUOe,2,@ amnakhani123 happy birthday dear stay blessed behna May you have many more ❤ May aap ko ziyada nahi janti par mujay … // t co / Wu2YyFWUOe,positive,positive,85.5
5086,RT @ aapkadharam @ SkFandharmendra @ im _ vikal This scene is from “ Naya Zamana “ a super hit film . With his blessings your Dharam has playe …,2,RT @ aapkadharam @ SkFandharmendra @ im _ vikal This scene is from “ Naya Zamana “ a super hit film . With his blessings your Dharam has playe …,positive,positive,85.45
22021,@ ashokgehlot51 Sir mera Tara's farmer chory ho gaya jisko 6 days ho gay kisi ne ripot tak nhi likhi h animal's ko w … https // t . co / WNhlSPt5Kt,0,@ ashokgehlot51 Sir mera Tara's farmer chory ho gaya jisko 6 days ho gay kisi ne ripot tak nhi likhi h animal's ko w … // t . co / WNhlSPt5Kt,negative,neutral,52.73
39368,@ Itx _ Sanaaa @ Umer19000 Matlab tum merey nahi sari sana ke pechey pare ho umer 😂😂,2,@ Itx _ Sanaaa @ Umer19000 Matlab tum merey nahi sari sana ke pechey pare ho umer 😂😂,positive,neutral,55.09
12702,@ narendramodi @ manojsinhabjp Hardik badhai avm subhkamnaye Shredhiye Narendra Modi ji https // t . co / l0tuQ9u1gs,2,@ narendramodi @ manojsinhabjp Hardik badhai avm subhkamnaye Shredhiye Narendra Modi ji // t . co / l0tuQ9u1gs,positive,positive,85.49
14065,@ AICCMedia @ rssurjewala Sir kuchh naya bataye ye to News me pata chal hi gaya hai humhe ya kuchh nahi hai batane ke liye ?,1,@ AICCMedia @ rssurjewala Sir kuchh naya bataye ye to News me pata chal hi gaya hai humhe ya kuchh nahi hai batane ke liye ?,neutral,neutral,74.36
12515,@ BhowmikKausik @ Egghead _ Indian @ anuraag _ saxena BC jo pehley aukat dikhata hai usey usi k aukat pe aakar samjhana … https // t . co / 85ZVsF7JMm,0,@ BhowmikKausik @ Egghead _ Indian @ anuraag _ saxena BC jo pehley aukat dikhata hai usey usi k aukat pe aakar samjhana … // t . co / 85ZVsF7JMm,negative,negative,66.72
13206,@ rozsharma Rohit bhaiiiii !! The way u keep India's side on every Friday in the Pakistani media It's praiseworthy 👍👍 keep it up 😊😊😊,2,@ rozsharma Rohit bhaiiiii !! The way u keep India's side on every Friday in the Pakistani media It's praiseworthy 👍👍 keep it up 😊😊😊,positive,positive,85.48
14952,Apku Pakistan Mubarak Hu 💚🇵🇰 # 27thRamazan # HappyIndependenceDay 💚 May Allah always bless Pakistan with the best 💖… https // t . co / NFU5U4bKSz,2,Apku Pakistan Mubarak Hu 💚🇵🇰 # 27thRamazan # HappyIndependenceDay 💚 May Allah always bless Pakistan with the best 💖… // t . co / NFU5U4bKSz,positive,positive,85.53
21787,RT @ parasrishi “ Bete shiqayat karne ki bajaaye mehnat kar ” IPS Ilma Afroz you are my hero ! 🙏 https // t . co / 2qN7o4jtw2,2,RT @ parasrishi “ Bete shiqayat karne ki bajaaye mehnat kar ” IPS Ilma Afroz you are my hero ! 🙏 // t . co / 2qN7o4jtw2,positive,positive,84.9
14036,RT @ BeingNikhilGera @ KRKBoxOffice Bechari Actress Kitni mazbooriya hongi zindgi me jo is bandar ke sath kaam krna pda God bless her 😂😂…,0,RT @ BeingNikhilGera @ KRKBoxOffice Bechari Actress Kitni mazbooriya hongi zindgi me jo is bandar ke sath kaam krna pda God bless her 😂😂…,negative,positive,85.4
3618,@ dilipsinghkol20 @ Samuel01652603 @ raghunathan _ ps Chota boy India is a democracy it means we have right to choose o … https // t . co / KTdvZ47HnF,1,@ dilipsinghkol20 @ Samuel01652603 @ raghunathan _ ps Chota boy India is a democracy it means we have right to choose o … // t . co / KTdvZ47HnF,neutral,positive,66.89
34781,RT @ Otunba _ of _ Gajo Alhamdulillah today is the last friday of ramadan kareem May Allah ( swt ) forgive our sin Accept our daily ibadat Bless u …,2,RT @ Otunba _ of _ Gajo Alhamdulillah today is the last friday of ramadan kareem May Allah ( swt ) forgive our sin Accept our daily ibadat Bless u …,positive,positive,85.36
414,@ waseemAli0007 @_ Mansoor _ Ali @ ImranKhanPTI Tera nam taray ander ki jalan btaa raha hai . Sari duniya main oil price … https // t . co / yTXZdq5Rbz,0,@ waseemAli0007 @_ Mansoor _ Ali @ ImranKhanPTI Tera nam taray ander ki jalan btaa raha hai . Sari duniya main oil price … // t . co / yTXZdq5Rbz,negative,negative,76.78
21855,@ ShamaMir1 Han 2024 world cup mein behtr hoga agar sports ko serious liya gyaa,2,@ ShamaMir1 Han 2024 world cup mein behtr hoga agar sports ko serious liya gyaa,positive,positive,77.31
4151,@ MlaGorakhnath @ BJP4India @ BJP4UP @ BJP4Delhi @ myogiadityanath @ sunilbansalbjp @ AmitShah @ DrMNPandeyMP Jai Ho vidhayak ji very nice work,1,@ MlaGorakhnath @ BJP4India @ BJP4UP @ BJP4Delhi @ myogiadityanath @ sunilbansalbjp @ AmitShah @ DrMNPandeyMP Jai Ho vidhayak ji very nice work,neutral,positive,85.2
19946,MashaAllah MashaAllah Birthday night with cutee wife @ fara _ yousaf Allah pak apko hamesha salmt rakhin 💖 Bahiya &… https // t co / aE9GhvJ70C,1,MashaAllah MashaAllah Birthday night with cutee wife @ fara _ yousaf Allah pak apko hamesha salmt rakhin 💖 Bahiya &… // t co / aE9GhvJ70C,neutral,positive,85.49
22755,@ paranjoygt @ sanjayuvacha It should serve as a reminder that JNU produces the best talent in all fields .. The tukda brigade lie beyond jnu .,2,@ paranjoygt @ sanjayuvacha It should serve as a reminder that JNU produces the best talent in all fields .. The tukda brigade lie beyond jnu .,positive,positive,72.35
22445,RT @ DD _ AR1 @ MDivya231 @ StarPlus Still we didn't complain but ab toh hadd kar di iss channel ne Naam bade aur darshan chote # YehRishteyHa …,0,RT @ DD _ AR1 @ MDivya231 @ StarPlus Still we didn't complain but ab toh hadd kar di iss channel ne Naam bade aur darshan chote # YehRishteyHa …,negative,neutral,75.3
24418,@ KhawajaMAsif Yh khan hi khta phirta tha k modi ka jo yaar h ghadar h gadhar h phr us ko foon kr k mubarik bad kiyn … https // t . co / 3q3jUFQf2P,0,@ KhawajaMAsif Yh khan hi khta phirta tha k modi ka jo yaar h ghadar h gadhar h phr us ko foon kr k mubarik bad kiyn … // t . co / 3q3jUFQf2P,negative,negative,80.7
38796,RT @ irfanifs Behtar to hai yahi ki na duniya se dil lage ; par kya Karen jo kaam na be-dil-lagi chale . Best would be to not get involved …,1,RT @ irfanifs Behtar to hai yahi ki na duniya se dil lage ; par kya Karen jo kaam na be-dil-lagi chale . Best would be to not get involved …,neutral,neutral,74.98
27234,RT @ muslimtv My Lord leave me not childless and Thou art the Best of Inheritors # Ramdan https // t . co / Nlyz43eJty,2,RT @ muslimtv My Lord leave me not childless and Thou art the Best of Inheritors # Ramdan // t . co / Nlyz43eJty,positive,positive,84.47
14615,Janshankhya Vradhi pe Kanoon Lana chahiye Modi ji Desh hit main bahut jaruri hai Sabhi Midia Chanel se anurodh H … https // t . co / C3Coe5RVrv,1,Janshankhya Vradhi pe Kanoon Lana chahiye Modi ji Desh hit main bahut jaruri hai Sabhi Midia Chanel se anurodh H … // t . co / C3Coe5RVrv,neutral,neutral,49.12
20526,RT @ odeyallic @ shutuppls30 HABEDE KA RIRIN YANG LUCUUUUUU I WISH U ALL THE BESTTTTT KYAAA AWET TRS MA DOINYA CIECIE i luv uuuuu 😆✨🦄🍱,1,RT @ odeyallic @ shutuppls30 HABEDE KA RIRIN YANG LUCUUUUUU I WISH U ALL THE BESTTTTT KYAAA AWET TRS MA DOINYA CIECIE i luv uuuuu 😆✨🦄🍱,neutral,positive,85.26
10642,@ Ume69004984 @ FiyazChohanPTI @ waila1no _ Kutti maa k kutte pille,0,@ Ume69004984 @ FiyazChohanPTI @ waila1no _ Kutti maa k kutte pille,negative,negative,80.54
38281,@ BPraak aapke gaane aise kyon hain ? Ek baar suno aur zindagi bhar sunte raho Aap tou heera hoon Best of luck sir a … https // t co / RjINt8dVQ6,2,@ BPraak aapke gaane aise kyon hain ? Ek baar suno aur zindagi bhar sunte raho Aap tou heera hoon Best of luck sir a … // t co / RjINt8dVQ6,positive,positive,85.34
3864,Wish . U . All the best . Namo again . Sab ka sath . Sab ka vikas sabka viswash . Iss bar . Hum . Muslim . Desh wasi P … https // t . co / MfhGo4YyIR,2,Wish . U . All the best . Namo again . Sab ka sath . Sab ka vikas sabka viswash . Iss bar . Hum . Muslim . Desh wasi P … // t . co / MfhGo4YyIR,positive,positive,85.56
44462,@ aapkadharam I am from Bikaner sorry to tell you that you hardly stayed in Bikaner you were given lot of love but … https // t co / HEmTCF3Zh6,1,@ aapkadharam I am from Bikaner sorry to tell you that you hardly stayed in Bikaner you were given lot of love but … // t co / HEmTCF3Zh6,neutral,positive,80.29
30971,@ Priyank74750061 Ab itna b gudgyaan mat kar modijii ka ok koi modi n apne kudh ki salary s nahi beje ek fund hota h … https // t . co / tpXlJyj980,1,@ Priyank74750061 Ab itna b gudgyaan mat kar modijii ka ok koi modi n apne kudh ki salary s nahi beje ek fund hota h … // t . co / tpXlJyj980,neutral,neutral,61.33
31110,@ SanjayAzadSln Yeh b to . ho sakta hein k wohi chunav ayog me vipaksh ke vafadar log ho Jo galat jankari dete ho ? Sah … https // t . co / STbVPEp6iA,1,@ SanjayAzadSln Yeh b to . ho sakta hein k wohi chunav ayog me vipaksh ke vafadar log ho Jo galat jankari dete ho ? Sah … // t . co / STbVPEp6iA,neutral,negative,46.74
24496,@ 96panku7 @ anandk2012 @ RailMinIndia @ IRCTCofficial @ PiyushGoyalOffc Chup Randi family ke paltu kutte . Dusro pr comm … https // t . co / uXy82puGB6,0,@ 96panku7 @ anandk2012 @ RailMinIndia @ IRCTCofficial @ PiyushGoyalOffc Chup Randi family ke paltu kutte . Dusro pr comm … // t . co / uXy82puGB6,negative,negative,80.86
39679,@ nctZlNTZ9fKb86L @ DrSanjeevRajp4 @ RahulGandhi Congress khali nam nahi hai voh vichardhara hai sardar ki voh na kabhi mari hai na marengi,1,@ nctZlNTZ9fKb86L @ DrSanjeevRajp4 @ RahulGandhi Congress khali nam nahi hai voh vichardhara hai sardar ki voh na kabhi mari hai na marengi,neutral,neutral,47.74
4408,@ SrBachchan Sir u r looking so smart Bachpan k pic me bhi ap kitne cute lg rhe ho,2,@ SrBachchan Sir u r looking so smart Bachpan k pic me bhi ap kitne cute lg rhe ho,positive,positive,85.46
2099,Allah Says The Night Of Al Qadar Is Better Than A Thousand Months May Allah Forgive You And Your Family And Fulfi … https // t . co / 59oNuFoyBJ,2,Allah Says The Night Of Al Qadar Is Better Than A Thousand Months May Allah Forgive You And Your Family And Fulfi … // t . co / 59oNuFoyBJ,positive,positive,85.31
29248,@ Ayan66 _ Official Group Stage ki had tak toh sahi keh rha lekin agar knockout mai hua India se match toh 100% Pak jeete ga .,0,@ Ayan66 _ Official Group Stage ki had tak toh sahi keh rha lekin agar knockout mai hua India se match toh 100% Pak jeete ga .,negative,neutral,74.4
2604,Maine pyar kiyaDarr SarfaroshHum apke hain kounLagaan3idiots ❤ Bajrangi Bhaijan ❤ SultanBahubali2The Godfath … https // t co / 8i5zw4eKtT,2,Maine pyar kiyaDarr SarfaroshHum apke hain kounLagaan3idiots ❤ Bajrangi Bhaijan ❤ SultanBahubali2The Godfath … // t co / 8i5zw4eKtT,positive,neutral,73.87
16686,@ AbRahemanKhan mr . khan sb aaj desh ka itihas badla ja rha hai .... ab yahan godse ki najayaz aulad itni jyada ho gyi … https // t . co / rf6ZgNL5da,0,@ AbRahemanKhan mr . khan sb aaj desh ka itihas badla ja rha hai .... ab yahan godse ki najayaz aulad itni jyada ho gyi … // t . co / rf6ZgNL5da,negative,negative,59.71
12629,@ AMISHDEVGAN @ RahulGandhi Or koi rasta to bacha nahi to kare kya !!!! Vaise unhone party ka growth kiya hai is bat k … https // t . co / pwhZuh0sK3,0,@ AMISHDEVGAN @ RahulGandhi Or koi rasta to bacha nahi to kare kya !!!! Vaise unhone party ka growth kiya hai is bat k … // t . co / pwhZuh0sK3,negative,neutral,72.85
37751,@ SoomroJameel @ fawadchaudhry un sb per rehmat ho jinho ne # parliament per lanat nhn bheji aur # Allah pak un ka bera … https // t . co / cjtFooNRab,2,@ SoomroJameel @ fawadchaudhry un sb per rehmat ho jinho ne # parliament per lanat nhn bheji aur # Allah pak un ka bera … // t . co / cjtFooNRab,positive,negative,69.48
34861,@ SrBachchan bcz my maa paa with me always 102 Not Out change my life my paa maa n u aur aap logo ki life ka journ … https // t . co / JFb4kqVNxo,2,@ SrBachchan bcz my maa paa with me always 102 Not Out change my life my paa maa n u aur aap logo ki life ka journ … // t . co / JFb4kqVNxo,positive,neutral,73.21
36824,@ Riteishd @ SirPareshRawal Bhai politics ke chakkar mein yeh apna naam mitti mein milara hai isko samjhao people … https // t co / 0tKR3E2p3T,1,@ Riteishd @ SirPareshRawal Bhai politics ke chakkar mein yeh apna naam mitti mein milara hai isko samjhao people … // t co / 0tKR3E2p3T,neutral,negative,48.45
13096,@ AdiShankaraa @_ ankahi Don't worryHinduism cannot be removed or VanishedAdharma Ki Aaj tak jeet nahi hui hai !🙏 Log … https // t co / 4A978LH3M8,0,@ AdiShankaraa @_ ankahi Don't worryHinduism cannot be removed or VanishedAdharma Ki Aaj tak jeet nahi hui hai !🙏 Log … // t co / 4A978LH3M8,negative,neutral,69.56
29845,@ thatquirkyhuman @ n7 _ nishant Aur aise log to har jagah har topic par milenge jo har baat mai antinational bolne lag … https // t co / iWQnbilzIW,1,@ thatquirkyhuman @ n7 _ nishant Aur aise log to har jagah har topic par milenge jo har baat mai antinational bolne lag … // t co / iWQnbilzIW,neutral,neutral,72.77
18822,@ Arshad _ Afridi At least she is much better than Sharmila Farooqui Shehla Raza and Billo Rani,1,@ Arshad _ Afridi At least she is much better than Sharmila Farooqui Shehla Raza and Billo Rani,neutral,positive,52.62
14143,Jummah Mubarak On this blessed day of Jumu'ah in # Ramadan give the Gift of # Education . Make a difference by start … https // t . co / OhtdlpXBGK,2,Jummah Mubarak On this blessed day of Jumu'ah in # Ramadan give the Gift of # Education . Make a difference by start … // t . co / OhtdlpXBGK,positive,positive,85.27
38885,Good that he didn't say Desh ka bhagwaan https // t . co / QmXyOgzynN,1,Good that he didn't say Desh ka bhagwaan // t . co / QmXyOgzynN,neutral,neutral,74.87
39712,UDAIMAN BHARAT NAMO KI SATH AJ PM MODI KI SAPATH ME TEAM KARMA YOGI KI TARAFSE BADHAI https // t co / ean4hS4pku,2,UDAIMAN BHARAT NAMO KI SATH AJ PM MODI KI SAPATH ME TEAM KARMA YOGI KI TARAFSE BADHAI // t co / ean4hS4pku,positive,positive,83.67
27937,RT @ HBK _ CHRVS If i told u i love you and we fell off just kno i genuinely meant that shit and i still got that love and want u to shine ju …,2,RT @ HBK _ CHRVS If i told u i love you and we fell off just kno i genuinely meant that shit and i still got that love and want u to shine ju …,positive,positive,74.19
15002,RT @ bbkhilari @ Narendr _ singh Hearty Congratulations . You have been vested with a huge responsibility to be dealt with immediately with the …,2,RT @ bbkhilari @ Narendr _ singh Hearty Congratulations . You have been vested with a huge responsibility to be dealt with immediately with the …,positive,positive,85.52
42520,Chhup ek dum chhup bhosdk kitna footage khayega omg omg kar ke bc bada aaya trade analyst bane 😬 https // t . co / 6UK4G3zPyw,1,Chhup ek dum chhup bhosdk kitna footage khayega omg omg kar ke bc bada aaya trade analyst bane 😬 // t . co / 6UK4G3zPyw,neutral,negative,80.41
40233,@ Gurmeetramrahim good morning pita ji pls bless me sewa sumrin and parmarth bakso ji # WorldNoTobaccoDay # NoTobacco https // t . co / d4Yo5kR93j,2,@ Gurmeetramrahim good morning pita ji pls bless me sewa sumrin and parmarth bakso ji # WorldNoTobaccoDay # NoTobacco // t . co / d4Yo5kR93j,positive,positive,85.49
19654,@ INCSCDept @ myogiadityanath @ Uppolice Police is per action legi leking tum log jaat dharam bata kar samaj ko mat ba … https // t . co / e5eYa4hkfc,2,@ INCSCDept @ myogiadityanath @ Uppolice Police is per action legi leking tum log jaat dharam bata kar samaj ko mat ba … // t . co / e5eYa4hkfc,positive,negative,80.74
42202,@ MediaCellPPP Acha kkya nahi diya muqaa .. Pehly bol k govt ka jaeab suny baghir jooty chorr k bhaag jo jaty ho assembly sy,1,@ MediaCellPPP Acha kkya nahi diya muqaa .. Pehly bol k govt ka jaeab suny baghir jooty chorr k bhaag jo jaty ho assembly sy,neutral,negative,72.6
20588,@ News18UP Ab yahi hoga aur koi news to bachi nahi Darm ke naam par afwah failao gurugram ki tarha,0,@ News18UP Ab yahi hoga aur koi news to bachi nahi Darm ke naam par afwah failao gurugram ki tarha,negative,negative,77.46
14220,@ DanzoDS I am not going to be able to handle the wait for the next one . ITS GANNA BE SO GOOD,2,@ DanzoDS I am not going to be able to handle the wait for the next one . ITS GANNA BE SO GOOD,positive,positive,57.11
27142,@ itsmerajiv _ 07 this is proof that he is successful and you have narrated it so well 👍# lepanga # football @ juniorbachcha … https // t . co / OKxuvpahzR,1,@ itsmerajiv _ 07 this is proof that he is successful and you have narrated it so well 👍# lepanga # football @ juniorbachcha … // t . co / OKxuvpahzR,neutral,positive,85.14
23998,@ AmreliaRuhez Techno ruhez bhaiya jab main soc855 ka phone liya kaisa black shark2 uss main 5g support kaisa karga … https // t . co / e7COKsftFZ,1,@ AmreliaRuhez Techno ruhez bhaiya jab main soc855 ka phone liya kaisa black shark2 uss main 5g support kaisa karga … // t . co / e7COKsftFZ,neutral,neutral,57.44
10440,RT @ JuniorGippy @ igippygrewal 🔥 End Galbat Ustaaji 🙈 bahot sohni eh photo ji tuhadi 😍 love u Ustaaji @ igippygrewal 😘💚 https // t . co / Vz3osNcQ8Z,2,RT @ JuniorGippy @ igippygrewal 🔥 End Galbat Ustaaji 🙈 bahot sohni eh photo ji tuhadi 😍 love u Ustaaji @ igippygrewal 😘💚 // t . co / Vz3osNcQ8Z,positive,positive,85.36
24580,@ MohanBhagwat _ @ narendramodi @ myogiadityanath Nahi .. m not agree .. aur v bahut sare candidate h .. Yogi pahle state … https // t . co / Pn8PO2R2cc,1,@ MohanBhagwat _ @ narendramodi @ myogiadityanath Nahi .. m not agree .. aur v bahut sare candidate h .. Yogi pahle state … // t . co / Pn8PO2R2cc,neutral,neutral,66.61
31277,@ ojhaneha1 Jaise U . P me chor dhaku apne aap ko khud jail bharo aandolan chala rhe the like fear of Encounter 😂😂😂😂😁,1,@ ojhaneha1 Jaise U . P me chor dhaku apne aap ko khud jail bharo aandolan chala rhe the like fear of Encounter 😂😂😂😂😁,neutral,negative,79.37
44063,@ umar _ malik94 @ NadeemfParacha Matlab isse pehle minorities ke man ki aati thi to majority haari thi fir . Kya baat k … https // t . co / gEineujWUw,1,@ umar _ malik94 @ NadeemfParacha Matlab isse pehle minorities ke man ki aati thi to majority haari thi fir . Kya baat k … // t . co / gEineujWUw,neutral,neutral,49.7
24095,@ suspendednibba2 Kuttey wickets de rahe hain shot dekh baber ka,1,@ suspendednibba2 Kuttey wickets de rahe hain shot dekh baber ka,neutral,negative,80.78
20960,@ ReallySwara hahahaha good morning ji .. vaise Hui to nhee hogi aapki morning good ... But yaar aap to dhaansu wali … https // t . co / 3BhRqsJW6h,1,@ ReallySwara hahahaha good morning ji .. vaise Hui to nhee hogi aapki morning good ... But yaar aap to dhaansu wali … // t . co / 3BhRqsJW6h,neutral,positive,53.63
23411,@ narendramodi Modiji bahuth dhanyavad hamare desh ke prasid freedom fighters Kho aaj ke generation ke saamne laane … https // t co / XNsrqvhuNh,2,@ narendramodi Modiji bahuth dhanyavad hamare desh ke prasid freedom fighters Kho aaj ke generation ke saamne laane … // t co / XNsrqvhuNh,positive,positive,85.43
16374,@ rssurjewala Ye sab sab bekar ki baat hai 2024 pahunchte pahunchte ek doosra pulwama attackek surgical strike ek a … https // t . co / T6LSSoiDCG,0,@ rssurjewala Ye sab sab bekar ki baat hai 2024 pahunchte pahunchte ek doosra pulwama attackek surgical strike ek a … // t . co / T6LSSoiDCG,negative,neutral,72.34
23782,@ milisilichilli Haa yaad h thank you so much so swwet of you,2,@ milisilichilli Haa yaad h thank you so much so swwet of you,positive,positive,85.51
18832,Ghabrana Nahi 1992 World Cup mein bhe West Indies ne toss jeet kar Pakistan ko batting karwai thee # CWC2019 # PAKvWI,2,Ghabrana Nahi 1992 World Cup mein bhe West Indies ne toss jeet kar Pakistan ko batting karwai thee # CWC2019 # PAKvWI,positive,neutral,70.71
26007,@ AudaciousQuest _ Agar BJP ko aane waale dino me tike rahana hai to EC ko aise hi kam karne ki aavashyakta hai 😂😂,1,@ AudaciousQuest _ Agar BJP ko aane waale dino me tike rahana hai to EC ko aise hi kam karne ki aavashyakta hai 😂😂,neutral,neutral,74.08
36505,@ anildubey04 @ msisodia @ ArvindKejriwal @ AtishiAAP @ KumarBibhav @ arunodayprakash abey dubey ji school ka naam bata sakte ho ?,1,@ anildubey04 @ msisodia @ ArvindKejriwal @ AtishiAAP @ KumarBibhav @ arunodayprakash abey dubey ji school ka naam bata sakte ho ?,neutral,neutral,74.98
14735,@ DeltaJerisLove Eh . I really don't give a fuck about him . He then nuzzled her cheek smiling,1,@ DeltaJerisLove Eh . I really don't give a fuck about him . He then nuzzled her cheek smiling,neutral,neutral,73.11
43811,@ AlluSirish Bhayya u better suit as a producer like ur father rather than actor Allu Arjun already proved as acto … https // t co / BwbbhltK0l,1,@ AlluSirish Bhayya u better suit as a producer like ur father rather than actor Allu Arjun already proved as acto … // t co / BwbbhltK0l,neutral,positive,83.02
25012,Tumari party Ke to netao ki roj Mar pit hoti pahle unko to smbhalo tum ek gddar Ho jo smaj ko batne ka kam krte Ho … https // t . co / eOWF0Iu6J6,0,Tumari party Ke to netao ki roj Mar pit hoti pahle unko to smbhalo tum ek gddar Ho jo smaj ko batne ka kam krte Ho … // t . co / eOWF0Iu6J6,negative,negative,80.78
15432,@ AmitShahOffice Shiri man ji ko grih Mantri ki bahut bahut badhai bikebot company CMD Mr Sanjay Bhati bahut bada fr … https // t . co / cYAkQrh58j,2,@ AmitShahOffice Shiri man ji ko grih Mantri ki bahut bahut badhai bikebot company CMD Mr Sanjay Bhati bahut bada fr … // t . co / cYAkQrh58j,positive,positive,85.46
24674,@ ansarraza16 Tumne Akele Jitna Islam Or Muslimo Ko Badnam Kiya He Utna 5Sal Me BJP-RSS Milkar Bhi Nhi Kar Paye . Makkar Farebi Kahi Ka,0,@ ansarraza16 Tumne Akele Jitna Islam Or Muslimo Ko Badnam Kiya He Utna 5Sal Me BJP-RSS Milkar Bhi Nhi Kar Paye . Makkar Farebi Kahi Ka,negative,negative,80.82
26846,@ ffsmush @ nachadha Popat kaniya daughter fucker was also a converted animal . BC itne syed arab me nahin hain jitne … https // t . co / eLShrNAzBc,0,@ ffsmush @ nachadha Popat kaniya daughter fucker was also a converted animal . BC itne syed arab me nahin hain jitne … // t . co / eLShrNAzBc,negative,negative,80.8
30798,@ anubhav _ sachdev @ TheNymphoTweets @ relatixns Try karne wala mile koi sath ... main to mars pe bhi jaake karne ko ready ho jaun,1,@ anubhav _ sachdev @ TheNymphoTweets @ relatixns Try karne wala mile koi sath ... main to mars pe bhi jaake karne ko ready ho jaun,neutral,neutral,75.11
34925,@ Shaheenayaz82 @ MianIftikharHus We will see you all at once Sarkoon pr nikalne k liye 56 inch Ka jigra chahiye Jo … https // t co / SBURzk1DkD,1,@ Shaheenayaz82 @ MianIftikharHus We will see you all at once Sarkoon pr nikalne k liye 56 inch Ka jigra chahiye Jo … // t co / SBURzk1DkD,neutral,neutral,63.61
21025,@ KandyShefin @ IndiaToday Aise hi ghatiya logo ki wajah se congress har rahibhai ... agar ye ghatiya log aisee hi bina … https // t . co / gquUS71XGZ,2,@ KandyShefin @ IndiaToday Aise hi ghatiya logo ki wajah se congress har rahibhai ... agar ye ghatiya log aisee hi bina … // t . co / gquUS71XGZ,positive,negative,80.71
14826,@ sardanarohit Jb tere jaise ghatiya maansikta waale log patrakaar hai news chanel pe to koi bhi party apna prawakta … https // t . co / miEwuFpCRn,0,@ sardanarohit Jb tere jaise ghatiya maansikta waale log patrakaar hai news chanel pe to koi bhi party apna prawakta … // t . co / miEwuFpCRn,negative,negative,80.77
16837,Super Excited for # Bharat # BharatOn5thJune # Bharat # EID2019 Zabardast Look Bhaijaan 👌♥🔥🔥💯 ek number … https // tco / AR88aazBFY,2,Super Excited for # Bharat # BharatOn5thJune # Bharat # EID2019 Zabardast Look Bhaijaan 👌♥🔥🔥💯 ek number … // tco / AR88aazBFY,positive,positive,85.3
9599,@ UberEats _ IND how can this be undeliverable ? Distance is not more than 5 mins / 1 . 5km . I have ordered from much more … https // t . co / 3yfYMRNIxa,1,@ UberEats _ IND how can this be undeliverable ? Distance is not more than 5 mins / 1 . 5km . I have ordered from much more … // t . co / 3yfYMRNIxa,neutral,neutral,75.43
31901,# UnlockYourInnerPower @ Gurmeetramrahim Good morning guru g Bless us for Sewa Simran and Parmarth Dhan Dhan Satguru Tera Hi Aasra,2,# UnlockYourInnerPower @ Gurmeetramrahim Good morning guru g Bless us for Sewa Simran and Parmarth Dhan Dhan Satguru Tera Hi Aasra,positive,positive,85.53
40249,@ vikasbha @ Atheist _ Krishna aap ne bade bade logo ko bewakoof bana diya .. aaj tak fact checker ko BHI kaam de diya .. a … https // t . co / Y08WH8jyHH,2,@ vikasbha @ Atheist _ Krishna aap ne bade bade logo ko bewakoof bana diya .. aaj tak fact checker ko BHI kaam de diya .. a … // t . co / Y08WH8jyHH,positive,neutral,67.24
20518,@ taEconomix 😂😂😂 chalo ab jaake padhai karo dii warna exams mein Stay With Me ka lyrics hi likhni padegi 😂😂💜❤,1,@ taEconomix 😂😂😂 chalo ab jaake padhai karo dii warna exams mein Stay With Me ka lyrics hi likhni padegi 😂😂💜❤,neutral,neutral,73.27
44216,@ GdBakshiJe Aisey hi paon tale inke Armaan aur ye khud kuchle jayenge Aab nahi chalegi ye deshdrohi wali mansikta … https // t . co / 45Xv1LwdLq,0,@ GdBakshiJe Aisey hi paon tale inke Armaan aur ye khud kuchle jayenge Aab nahi chalegi ye deshdrohi wali mansikta … // t . co / 45Xv1LwdLq,negative,negative,80.69
15110,@ LatexJulia I love you so much latex Julia 😍😘. You look so sexy when your wear your latex suits 😍😘,2,@ LatexJulia I love you so much latex Julia 😍😘. You look so sexy when your wear your latex suits 😍😘,positive,positive,85.53
39617,Gangapuram Kishan Reddi ji You have shown Your metal with Modiji Yogiji bound to harvest support from All Sanatan B … https // t co / zVpKf5IMeM,1,Gangapuram Kishan Reddi ji You have shown Your metal with Modiji Yogiji bound to harvest support from All Sanatan B … // t co / zVpKf5IMeM,neutral,neutral,69.38
32885,Part =1_ I hate this typ people ke jo insan apne maa baap ko chod kr foreign chle jate h jab bhudape me maa baap k … https // t co / akGQWzc0yL,0,Part =1_ I hate this typ people ke jo insan apne maa baap ko chod kr foreign chle jate h jab bhudape me maa baap k … // t co / akGQWzc0yL,negative,negative,80.87
31228,@ bharat _ top1 Ab toh Inshan k खून pr b logo ko trust uth gya Unse accha kutto ka pi lo at least वफादारी toh rhegi bc 😂,1,@ bharat _ top1 Ab toh Inshan k खून pr b logo ko trust uth gya Unse accha kutto ka pi lo at least वफादारी toh rhegi bc 😂,neutral,negative,80.87
1627,@ dionysopes Done . Bismillah berkah ramadan 🙏 harus jwab salam dari jk pokonya ') wish me luck 😁 https // t . co / Q7F0xCTpKX,1,@ dionysopes Done . Bismillah berkah ramadan 🙏 harus jwab salam dari jk pokonya ') wish me luck 😁 // t . co / Q7F0xCTpKX,neutral,positive,85.4
17011,RT @ Sukhjaykumar1 # BeWise _ ChooseRight @ Gurmeetramrahim Good evening guru g Bless us and give us power 2 do more nd more Sewa Simran and …,2,RT @ Sukhjaykumar1 # BeWise _ ChooseRight @ Gurmeetramrahim Good evening guru g Bless us and give us power 2 do more nd more Sewa Simran and …,positive,positive,85.5
19758,RT @ SairaBa48247064 Topsgrup HR mera payment nahi de Rahi hai ek hafte se drama Kar rahe hai ki koi call karega but Abhi tak phone nahi he …,0,RT @ SairaBa48247064 Topsgrup HR mera payment nahi de Rahi hai ek hafte se drama Kar rahe hai ki koi call karega but Abhi tak phone nahi he …,negative,neutral,66.71
42398,Yaar wo haar jaien tou hum ooper chalay jaein gy this is not a bounce back ? This is not retaliation brother . Hum t … https // t . co / 2PWpGnT3vE,1,Yaar wo haar jaien tou hum ooper chalay jaein gy this is not a bounce back ? This is not retaliation brother . Hum t … // t . co / 2PWpGnT3vE,neutral,neutral,74.47
20018,@ YojPhadnis Happy birthday to one gem from another ! Enjoy a sparkling one Yojana .,2,@ YojPhadnis Happy birthday to one gem from another ! Enjoy a sparkling one Yojana .,positive,positive,85.35
38257,@ KailashOnline @ Naveen _ Odisha My heartly congratulations to sh Naveen ji n you Mr Vijay ji victory against of SMT M … https // t co / 91RF48zukP,2,@ KailashOnline @ Naveen _ Odisha My heartly congratulations to sh Naveen ji n you Mr Vijay ji victory against of SMT M … // t co / 91RF48zukP,positive,positive,85.44
7450,@ Haren4391 @ squintneon ye tau proper-ganda hai bechare haar jo gaye 🤣,1,@ Haren4391 @ squintneon ye tau proper-ganda hai bechare haar jo gaye 🤣,neutral,negative,80.34
21984,@ siddh _ artha _ @ Sawan0808 Ye bhn k lode iske jese sale chewtiya logo ko hi sabse phle Bengal m chutiya kata tha angr … https // t . co / qyXbcc54bz,0,@ siddh _ artha _ @ Sawan0808 Ye bhn k lode iske jese sale chewtiya logo ko hi sabse phle Bengal m chutiya kata tha angr … // t . co / qyXbcc54bz,negative,negative,80.84
23650,@ GaurangBhardwa1 unhe kam samajhne ki bhool mat karna International community me koi dainik jagran nahi padta … https // t co / KxCLIFbAfB,2,@ GaurangBhardwa1 unhe kam samajhne ki bhool mat karna International community me koi dainik jagran nahi padta … // t co / KxCLIFbAfB,positive,neutral,62.93
8212,Twitter pe tou jab bhi kholo bas tum logon ki bakwas chalti rehti hai god im so sad and angry and zindagi bohut mushkil hai aargh,1,Twitter pe tou jab bhi kholo bas tum logon ki bakwas chalti rehti hai god im so sad and angry and zindagi bohut mushkil hai aargh,neutral,negative,70.25
26258,@ fanwar28 Nahi wo wohi sidrah bibi wala ackunt hai jis ko kabi bilawal b promotd krta gai aur maryam baji ka pura m … https // t . co / suTqJaTVPD,1,@ fanwar28 Nahi wo wohi sidrah bibi wala ackunt hai jis ko kabi bilawal b promotd krta gai aur maryam baji ka pura m … // t . co / suTqJaTVPD,neutral,neutral,68.5
9032,RT @ RimshaJafri5 APki Personality aur Avi ke hisab se APkoo kya hona chahiy Drop your name .... I'll tell u 😆 1. Doctor . 2 . Hafiz _ e _ Quran 3.…,1,RT @ RimshaJafri5 APki Personality aur Avi ke hisab se APkoo kya hona chahiy Drop your name .... I'll tell u 😆 1. Doctor . 2 . Hafiz _ e _ Quran 3.…,neutral,neutral,75.26
24638,@ badwoodgirl Is phool pe jo bhavre mandrate rehte hai hr waqt isliye hum last aaye 😪😪 Ye log hme mauqa hi nahi dete … https // t . co / VdoIYx4Xde,1,@ badwoodgirl Is phool pe jo bhavre mandrate rehte hai hr waqt isliye hum last aaye 😪😪 Ye log hme mauqa hi nahi dete … // t . co / VdoIYx4Xde,neutral,neutral,72.01
12520,RT @ azkhawaja1 Malik Rashid aur Mujeeb ko aise rok raha hai jaise ball nahi grenade phenk rahe hain . Embarrassing .,0,RT @ azkhawaja1 Malik Rashid aur Mujeeb ko aise rok raha hai jaise ball nahi grenade phenk rahe hain . Embarrassing .,negative,neutral,67.87
26775,@ MahilaCongress Bikau Election Commission Chor & Bikau Media are working for BJP Jumlebaj Fakendra Modi's fake fail … https // t . co / nQF8vlqwUD,0,@ MahilaCongress Bikau Election Commission Chor & Bikau Media are working for BJP Jumlebaj Fakendra Modi's fake fail … // t . co / nQF8vlqwUD,negative,negative,69.73
14740,Wish you a very happy and delightful birthday @ SirPareshRawal sir You're and will always be my favourite actor H … https // t co / Og1AMAtLzP,2,Wish you a very happy and delightful birthday @ SirPareshRawal sir You're and will always be my favourite actor H … // t co / Og1AMAtLzP,positive,positive,85.53
13687,@ narendramodi @ PiyushGoyal Great person of tha world Shree Narendra Damodar Modi apko bahut bahut badhai aap desh k … https // t . co / WcEFy9RXS9,2,@ narendramodi @ PiyushGoyal Great person of tha world Shree Narendra Damodar Modi apko bahut bahut badhai aap desh k … // t . co / WcEFy9RXS9,positive,positive,85.54
41541,RT @ Nycto0 _ phile 670 uh are my oldie goldie frnd 🌸 uh are gem 💎 life me hmesha khush raho ❤️ cutest and loyal person ever 💯 hmne kafi acha …,2,RT @ Nycto0 _ phile 670 uh are my oldie goldie frnd 🌸 uh are gem 💎 life me hmesha khush raho ❤️ cutest and loyal person ever 💯 hmne kafi acha …,positive,positive,85.52
36625,@ bprerna Behen ki laudi ! din bhar jo Masjido se loudspeakers gaand phaad k halla karte hain tab to tere Ko orgasm a … https // t . co / mIdMMzyika,0,@ bprerna Behen ki laudi ! din bhar jo Masjido se loudspeakers gaand phaad k halla karte hain tab to tere Ko orgasm a … // t . co / mIdMMzyika,negative,negative,80.84
32244,@ bej _ vikash @ AgentSaffron @ Dhee _ raj _ reddy @ GabbarSanghi @ curryputtar Wow .. & I thought he was a brahmin ..,2,@ bej _ vikash @ AgentSaffron @ Dhee _ raj _ reddy @ GabbarSanghi @ curryputtar Wow .. & I thought he was a brahmin ..,positive,neutral,73.0
41885,Inhi comparisons ke saath hummara her world cup guzar jata hai ... buss end main hummari team bahir hojati hai tourn … https // t . co / d9utMxOYGB,0,Inhi comparisons ke saath hummara her world cup guzar jata hai ... buss end main hummari team bahir hojati hai tourn … // t . co / d9utMxOYGB,negative,neutral,72.63
42389,@ naveensurana06 @_ am _ fine _ Obviously blame to usipe aana Chahiye . Itne v andhe fan mat bano ki galat ko galat mat bolo,0,@ naveensurana06 @_ am _ fine _ Obviously blame to usipe aana Chahiye . Itne v andhe fan mat bano ki galat ko galat mat bolo,negative,negative,70.72
7871,@ soni _ creations Funny show Pak ke toh hote hi nahi hain 🤧😪😪 koi Telefilm dekh lo 🤔 I've heard ' Khaana khud garam karlo ' Is nice and funny 🤧,0,@ soni _ creations Funny show Pak ke toh hote hi nahi hain 🤧😪😪 koi Telefilm dekh lo 🤔 I've heard ' Khaana khud garam karlo ' Is nice and funny 🤧,negative,neutral,56.47
12029,Educated Bht zada Educated samna kutta a jya to usko sheee ke jaga excuse me bolna waly .....!,1,Educated Bht zada Educated samna kutta a jya to usko sheee ke jaga excuse me bolna waly .....!,neutral,negative,80.66
29634,# Repost @ zee5premium Masoomiyat ko sach ki zaroorat nahi hoti kyunki usse saccha kuch aur nahi hota ! # Kaafir prem … https // t . co / 1v5WmQO3lw,2,# Repost @ zee5premium Masoomiyat ko sach ki zaroorat nahi hoti kyunki usse saccha kuch aur nahi hota ! # Kaafir prem … // t . co / 1v5WmQO3lw,positive,neutral,74.48
41667,@ aWildQuill _ Ignore don't give attention to these dholkis Certificate dene aajate hai RSS ki tarah,1,@ aWildQuill _ Ignore don't give attention to these dholkis Certificate dene aajate hai RSS ki tarah,neutral,negative,79.91
24226,Big Jay McNeely - There Is Something On Your Mind ( Big Jay Mcneely ( The Extended Play Collection ) - EP ) https // t . co / pB1IzckgPN,1,Big Jay McNeely - There Is Something On Your Mind ( Big Jay Mcneely ( The Extended Play Collection ) - EP ) // t . co / pB1IzckgPN,neutral,neutral,66.38
26872,@ PMOIndia _ LIVE Sriman Paramsatta ka Anurag anudan Aap par sadaiv barse aisi Mangal kamana ... Aap se ek anu … https // t . co / axm0GfO6lQ,2,@ PMOIndia _ LIVE Sriman Paramsatta ka Anurag anudan Aap par sadaiv barse aisi Mangal kamana ... Aap se ek anu … // t . co / axm0GfO6lQ,positive,positive,85.45
21111,@ anjanaomkashyap Asli me Janta khaskar nai pidhi jyada jagrook aur samajhdar ho chuki haiachhe kharab bure ka an … https // t . co / C1hN8pTVmX,1,@ anjanaomkashyap Asli me Janta khaskar nai pidhi jyada jagrook aur samajhdar ho chuki haiachhe kharab bure ka an … // t . co / C1hN8pTVmX,neutral,negative,48.04
13047,@ ashutosh83B Kalu mama tum rote hi rehte ho yaha 1 hindu thelewale ki 15 muslim logo ne milkar pit pit ke hatya kar … https // t . co / cEU3grlNBN,0,@ ashutosh83B Kalu mama tum rote hi rehte ho yaha 1 hindu thelewale ki 15 muslim logo ne milkar pit pit ke hatya kar … // t . co / cEU3grlNBN,negative,negative,80.69
40762,2019 ke lok sabha election me ek bahut achhi baat hui ki pahli baar log jaat paat se upar uthkar desh ki tarakki au … https // t . co / TRfMMdy1nJ,2,2019 ke lok sabha election me ek bahut achhi baat hui ki pahli baar log jaat paat se upar uthkar desh ki tarakki au … // t . co / TRfMMdy1nJ,positive,neutral,71.92
8239,@ BlissfulBengali 1 Age 18 2 Height 5'6 3 Fav Song dil mein phool khil jay kuch is tarah the heart wants what i … https // t . co / 3RO7eI3HVx,1,@ BlissfulBengali 1 Age 18 2 Height 5'6 3 Fav Song dil mein phool khil jay kuch is tarah the heart wants what i … // t . co / 3RO7eI3HVx,neutral,neutral,50.19
25044,RT @ DrPramodPSawant Proud moment for Goa as Shri @ shripadynaik takes oath in # ModiSarkar2 . I congratulate Shripad Bhau and thank the Hon ’ b …,2,RT @ DrPramodPSawant Proud moment for Goa as Shri @ shripadynaik takes oath in # ModiSarkar2 . I congratulate Shripad Bhau and thank the Hon ’ b …,positive,positive,85.52
29393,@ ImRaina Love u champion 🏆 I m not happy Aapka 2011 worldcup 🏆 k kuch matcho me aapka yogdan ache se yad h Mujhe … https // t . co / 9vUh6qQriD,1,@ ImRaina Love u champion 🏆 I m not happy Aapka 2011 worldcup 🏆 k kuch matcho me aapka yogdan ache se yad h Mujhe … // t . co / 9vUh6qQriD,neutral,positive,85.39
35141,@ SushmaSwaraj Chowkidar kyun nhi likhte ho apne naam ke sath .... kya election tak hi likhna tha .... Nation wants to know,2,@ SushmaSwaraj Chowkidar kyun nhi likhte ho apne naam ke sath .... kya election tak hi likhna tha .... Nation wants to know,positive,neutral,74.21
32974,@ Anthi _ Pav The boys were amaaaazing ... We chanted the f * ck away .. esp with new Jimin Serendipity .. we stampeded li … https // t . co / FHXqNnj9pX,2,@ Anthi _ Pav The boys were amaaaazing ... We chanted the f * ck away .. esp with new Jimin Serendipity .. we stampeded li … // t . co / FHXqNnj9pX,positive,neutral,58.39
43014,@ ifrajaved14 Agree with u yrrrr Dosti ko achi nazar se dkhy 😊,1,@ ifrajaved14 Agree with u yrrrr Dosti ko achi nazar se dkhy 😊,neutral,neutral,67.1
1202,I miss them we were a craze .. we used for them .. bas koi kuch galat bolde .. old memories https // t . co / NeN57fFIVM,1,I miss them we were a craze .. we used for them .. bas koi kuch galat bolde .. old memories // t . co / NeN57fFIVM,neutral,neutral,70.94
2265,@ LaliGanguli @ MamataOfficial She is really mad and behaving as child . mamata haram nahi rahana chahati hai . nanga bhagna chahati hai .,0,@ LaliGanguli @ MamataOfficial She is really mad and behaving as child . mamata haram nahi rahana chahati hai . nanga bhagna chahati hai .,negative,negative,80.81
9595,@ sardanarohit Kyu sir ? Wo achha bol leta hai high light ho gaya to niyam kanoon pel ke jail me daal diye .. aap lo … https // t . co / 3aE9Aa5pUc,1,@ sardanarohit Kyu sir ? Wo achha bol leta hai high light ho gaya to niyam kanoon pel ke jail me daal diye .. aap lo … // t . co / 3aE9Aa5pUc,neutral,negative,52.88
22296,@ sarbanandsonwal @ BJP4India BJP ASSAM JINDABAD MODI JI JINDABAD SANOWAL JI JINDABAD HINDUSTAN JINDABAD JAI AAI AXOM … https // t . co / TmP1RcPu5V,2,@ sarbanandsonwal @ BJP4India BJP ASSAM JINDABAD MODI JI JINDABAD SANOWAL JI JINDABAD HINDUSTAN JINDABAD JAI AAI AXOM … // t . co / TmP1RcPu5V,positive,neutral,61.35
35736,RT @ MarkRuffalo OMG 😮! What a ride . How I love these people and all the fans who made it so damn good . Video by @ Crissi40 https // t . co / o …,2,RT @ MarkRuffalo OMG 😮! What a ride . How I love these people and all the fans who made it so damn good . Video by @ Crissi40 // t . co / o …,positive,positive,85.52
42670,@ LyninaTalagi @ Etaena Oi fakalofa pihia ti koe toka f ē f ē e fekau haau mogonei ? How was the exam ? Hope it went well !,1,@ LyninaTalagi @ Etaena Oi fakalofa pihia ti koe toka f ē f ē e fekau haau mogonei ? How was the exam ? Hope it went well !,neutral,neutral,74.16
40840,@ Shifa46705776 @ AdelineAline28 @ lostboy54 Dimag ha ha ha ha ha ha ha 😂😂😂😂😂😂😂😂😂😂😂😂,0,@ Shifa46705776 @ AdelineAline28 @ lostboy54 Dimag ha ha ha ha ha ha ha 😂😂😂😂😂😂😂😂😂😂😂😂,negative,neutral,70.28
12151,@ Hammad _ Chloride Marzi H Gr K Pass Paisy Lagaingy Yahn Free M mil Jna Tjhy,1,@ Hammad _ Chloride Marzi H Gr K Pass Paisy Lagaingy Yahn Free M mil Jna Tjhy,neutral,neutral,73.88
797,@ pnbindia sir mere a / c se 22/04/2019 ko Rs1180 /= deduct ho gaya hai kekin branch office kahta ki mai nahi janta ki k … https // t . co / DVr9Ys83Qs,1,@ pnbindia sir mere a / c se 22/04/2019 ko Rs1180 /= deduct ho gaya hai kekin branch office kahta ki mai nahi janta ki k … // t . co / DVr9Ys83Qs,neutral,neutral,73.5
4839,@ JM _ Scindia SIR YOU ARE MY FAVORITE POLITICAL LEADER YOU ARE ALWAYS MY HERO AAP KE LIYE JEET HAAR KE MAYNE … https // t . co / I3qgTue5ks,2,@ JM _ Scindia SIR YOU ARE MY FAVORITE POLITICAL LEADER YOU ARE ALWAYS MY HERO AAP KE LIYE JEET HAAR KE MAYNE … // t . co / I3qgTue5ks,positive,positive,85.1
23700,@ AliMohammed1472 @ ChahaatSrking9 @ being _ captain _ Sabka din ayga bhai,2,@ AliMohammed1472 @ ChahaatSrking9 @ being _ captain _ Sabka din ayga bhai,positive,positive,84.24
38136,@ Ramkumar _ 9981 @ AnujPra77924075 Modi ji k Raj Mai bhi Gunda Raj bahut hi jyada phal phul raha hai gundaraj tutna ka … https // t . co / ZFeJB4huAi,1,@ Ramkumar _ 9981 @ AnujPra77924075 Modi ji k Raj Mai bhi Gunda Raj bahut hi jyada phal phul raha hai gundaraj tutna ka … // t . co / ZFeJB4huAi,neutral,neutral,58.46
19499,@ TimesNow @ navikakumar @ thenewshour Are Yar is journalist se badiya sale Pakistan ke journalist hote h ..... kitne b … https // t . co / Vg3BWJJcsZ,0,@ TimesNow @ navikakumar @ thenewshour Are Yar is journalist se badiya sale Pakistan ke journalist hote h ..... kitne b … // t . co / Vg3BWJJcsZ,negative,negative,80.82
3678,@ Belindavaz1003 Dicto Tmhare abba ( Rahul ) jaise cover kia tune 😂😂..,1,@ Belindavaz1003 Dicto Tmhare abba ( Rahul ) jaise cover kia tune 😂😂..,neutral,neutral,72.16
28199,@ mubasherlucman Fawad ki tareef kerte tum thakte nahi the mubashir ab jab us ne such bolna start keya to uske pech … https // t . co / 6RzWe5jZZq,0,@ mubasherlucman Fawad ki tareef kerte tum thakte nahi the mubashir ab jab us ne such bolna start keya to uske pech … // t . co / 6RzWe5jZZq,negative,neutral,61.22
15499,@ narendramodi Thank you so much Sir for warm wishes Sabka Saath + Sabka Vikas + Sabka Visvash ( Trust )= Victorious Bh … https // t . co / aY25cBvSkI,2,@ narendramodi Thank you so much Sir for warm wishes Sabka Saath + Sabka Vikas + Sabka Visvash ( Trust )= Victorious Bh … // t . co / aY25cBvSkI,positive,positive,85.53
32208,@ Ghummans @ fawadchaudhry Besharam insaan .... tum jaisay bikaoo establishment ke pimps ko koi sharam haya nahi hai .… https // t . co / 9HODZpHKaY,0,@ Ghummans @ fawadchaudhry Besharam insaan .... tum jaisay bikaoo establishment ke pimps ko koi sharam haya nahi hai .… // t . co / 9HODZpHKaY,negative,negative,65.49
36738,RT @ DlANADEE my boo will really just be sitting there doing absolutely nothing & i ’ ll be like ᵒʰ ᵐʸ ᵍᵒᵈ ʸᵒᵘ ᵃʳᵉ ˢᵒ ᶜᵘᵗᵉ ᵍᶦᵛᵉ ᵐᵉ ᵃ ᵏᶦˢˢ,1,RT @ DlANADEE my boo will really just be sitting there doing absolutely nothing & i ’ ll be like ᵒʰ ᵐʸ ᵍᵒᵈ ʸᵒᵘ ᵃʳᵉ ˢᵒ ᶜᵘᵗᵉ ᵍᶦᵛᵉ ᵐᵉ ᵃ ᵏᶦˢˢ,neutral,neutral,56.47
16550,# ModiSarkar2 # ModiSarkar # modiagain # ModiAaGaya Best ever compliments to @ narendramodi Ji 🙏. You are the real livi … https // t . co / DuNX6ffM0w,2,# ModiSarkar2 # ModiSarkar # modiagain # ModiAaGaya Best ever compliments to @ narendramodi Ji 🙏. You are the real livi … // t . co / DuNX6ffM0w,positive,positive,85.51
20353,@ nsitharaman namsate ji nirmala ji aapko bahut thanks vit mantri ke liye jai hind bhart mata ki jai madam 1crore … https // t . co / 25jMpztDMp,2,@ nsitharaman namsate ji nirmala ji aapko bahut thanks vit mantri ke liye jai hind bhart mata ki jai madam 1crore … // t . co / 25jMpztDMp,positive,positive,85.48
32391,RT @ badechote When I met my gym trainer after gaining weight during a gap of 2 months https // t co / VqUymVfh6K,1,RT @ badechote When I met my gym trainer after gaining weight during a gap of 2 months // t co / VqUymVfh6K,neutral,neutral,70.89
15403,@ Rabia366 Oye ja kam kar ... yeh foj ke waja se he mulk bacha hua hy warna tum bhi afghani aurton ke tarah hath uper … https // t . co / NYJ2x8arwo,0,@ Rabia366 Oye ja kam kar ... yeh foj ke waja se he mulk bacha hua hy warna tum bhi afghani aurton ke tarah hath uper … // t . co / NYJ2x8arwo,negative,negative,80.74
29787,GAU you rocks . You won my heart . Love you 🥰🥰🥰🥰 https // t . co / 6kdvt8ZdIP,2,GAU you rocks . You won my heart . Love you 🥰🥰🥰🥰 // t . co / 6kdvt8ZdIP,positive,positive,85.52
32851,Oye rubika Liyakat thoda tameez say baat Kr samji Tu khud Muslim K naam pe qalaak hain Jo Muslim ko sikhaati hain … https // t co / KMFQPwq3hD,0,Oye rubika Liyakat thoda tameez say baat Kr samji Tu khud Muslim K naam pe qalaak hain Jo Muslim ko sikhaati hain … // t co / KMFQPwq3hD,negative,negative,55.27
17590,@ aajtak Congress ko jhut bolna bhag jaana aarop lagana aur virodh karna yehi aata hai Isko ticket nai diya elect … https // t co / XmDMxTrR4b,0,@ aajtak Congress ko jhut bolna bhag jaana aarop lagana aur virodh karna yehi aata hai Isko ticket nai diya elect … // t co / XmDMxTrR4b,negative,negative,64.55
12460,Bsdk sharm he tuje bhade ka anti indian had he bc IPL ka fever utra nahi abhi Tak Kya https // t . co / c0bfB1G1tB,0,Bsdk sharm he tuje bhade ka anti indian had he bc IPL ka fever utra nahi abhi Tak Kya // t . co / c0bfB1G1tB,negative,negative,80.7
16849,RT @ Bombaxtic _ Ridzz Kuch log attention na de kr attention lena chahty hen 🌚😂,1,RT @ Bombaxtic _ Ridzz Kuch log attention na de kr attention lena chahty hen 🌚😂,neutral,neutral,74.66
16043,@ Ahson8 Tabiyat kharab ho gayi hai Doctor told me not to,1,@ Ahson8 Tabiyat kharab ho gayi hai Doctor told me not to,neutral,neutral,75.15
34562,@ Dr _ Uditraj @ cp4bhai Mandir Dalit k BAAP ki hai kya ? Kya kaha tha Ambedker ne Mandir nahi jaenge aur naahi pandito … https // t co / hHzTR78GAh,1,@ Dr _ Uditraj @ cp4bhai Mandir Dalit k BAAP ki hai kya ? Kya kaha tha Ambedker ne Mandir nahi jaenge aur naahi pandito … // t co / hHzTR78GAh,neutral,negative,72.21
28889,Modi ke New India mein aapka swagat hai . Is desh ka vikas Aatankwadi Hatyare Gunde Balatkaari Lynchers Dangai Loot … https // t . co / Tw5l2O4TYA,0,Modi ke New India mein aapka swagat hai . Is desh ka vikas Aatankwadi Hatyare Gunde Balatkaari Lynchers Dangai Loot … // t . co / Tw5l2O4TYA,negative,negative,79.74
39409,@ betterpakistan Sir up ko Allah hamshe achi sihat de .... sir hum up k Liya our up hamre liya dogha Karree ..... Allah … https // t . co / oOOt16Tscu,2,@ betterpakistan Sir up ko Allah hamshe achi sihat de .... sir hum up k Liya our up hamre liya dogha Karree ..... Allah … // t . co / oOOt16Tscu,positive,positive,68.18
7468,@ AkhileshPSingh Chicha aap rahne dau tumse naa ho payega naa tumse election Jeeti jati hai naa dhangse tv par debat … https // t . co / v9b6j398Q4,0,@ AkhileshPSingh Chicha aap rahne dau tumse naa ho payega naa tumse election Jeeti jati hai naa dhangse tv par debat … // t . co / v9b6j398Q4,negative,negative,80.88
44002,@ AyushReshmi @ kamaalrkhan Flop hone par bhi cash Karne ki aukat Nahi hai samjha na last Eid flop thi for bhi 180 Cr … https // t . co / sqSi9lirA9,0,@ AyushReshmi @ kamaalrkhan Flop hone par bhi cash Karne ki aukat Nahi hai samjha na last Eid flop thi for bhi 180 Cr … // t . co / sqSi9lirA9,negative,neutral,72.33
25346,RT @ vaishnavikhare3 Happy Birthday to my favourite actress @ sonakshisinha ♡ I am ur diehard fan a small fan in this huge world who watche …,2,RT @ vaishnavikhare3 Happy Birthday to my favourite actress @ sonakshisinha ♡ I am ur diehard fan a small fan in this huge world who watche …,positive,positive,85.48
34015,Really Suprb Is trailer Now eagerly waiting for main trailer # Article15ShockTrailer https // t . co / q6Wu0A2KJK,2,Really Suprb Is trailer Now eagerly waiting for main trailer # Article15ShockTrailer // t . co / q6Wu0A2KJK,positive,neutral,69.65
12981,@ taslim _ chhipa @ khanumarfa Now only that is remaining . They are controlling media ' hate killers criminals bank … https // t . co / zMPlmFeVBV,0,@ taslim _ chhipa @ khanumarfa Now only that is remaining . They are controlling media ' hate killers criminals bank … // t . co / zMPlmFeVBV,negative,negative,74.12
26149,@ AksharSRKian Bc is disaster ne USSR Ki gaand faad di thi,0,@ AksharSRKian Bc is disaster ne USSR Ki gaand faad di thi,negative,negative,80.5
19676,WO Ye Puchna Tha K 1992 World Cup Ma B Bangladesh Ne South Africa Ko Haraya Tha Kiya ? # ICCWorldCup2019,1,WO Ye Puchna Tha K 1992 World Cup Ma B Bangladesh Ne South Africa Ko Haraya Tha Kiya ? # ICCWorldCup2019,neutral,neutral,71.02
28700,Log Mi Realme ki Sale me badu muskil se phone order karte h Ye log Cancel kr dete fr bolte h seller ki traf se kiya … https // t . co / ZZVr8Ulz0i,0,Log Mi Realme ki Sale me badu muskil se phone order karte h Ye log Cancel kr dete fr bolte h seller ki traf se kiya … // t . co / ZZVr8Ulz0i,negative,neutral,72.81
23726,Kejri has also recd the invitation for the PM ceremony and is very excited about it . Chutiya ke haath mein jhaadu thammanewaale hai !!,0,Kejri has also recd the invitation for the PM ceremony and is very excited about it . Chutiya ke haath mein jhaadu thammanewaale hai !!,negative,neutral,48.67
30215,@ RaviBis84769034 @ ashoswai BJP k godi media ki report nahi hai yeh The Hindu ki report hai 🤣 Waise tu kitne me bika chamcha banne ? 🤪,0,@ RaviBis84769034 @ ashoswai BJP k godi media ki report nahi hai yeh The Hindu ki report hai 🤣 Waise tu kitne me bika chamcha banne ? 🤪,negative,negative,76.95
21219,@ tragicking _ @ msisodia @ free _ thinker Ko bhul gya tu ? Samosia jaisa handsome nhi hai ye ... But taklu to hai ...,0,@ tragicking _ @ msisodia @ free _ thinker Ko bhul gya tu ? Samosia jaisa handsome nhi hai ye ... But taklu to hai ...,negative,neutral,74.71
28138,@ ZeeNews Ab inka ye nya drama chl gya he ... ye log kuch bhi krle koi sympathy ni milneki ..,0,@ ZeeNews Ab inka ye nya drama chl gya he ... ye log kuch bhi krle koi sympathy ni milneki ..,negative,negative,79.7
40403,RT @ JusticeKarthik Beautiful Composition !! Amazing rendition !! Loved this beautiful track !! Really You are Incredible Artist Miss @ jonit …,2,RT @ JusticeKarthik Beautiful Composition !! Amazing rendition !! Loved this beautiful track !! Really You are Incredible Artist Miss @ jonit …,positive,positive,85.54
34470,Aap Tamam e Hazrat ko meri taraf se a Eid ul Fitr bahut bahut mubarak ho Md Saqib Raza Faizpur Sitamarhi bihar,2,Aap Tamam e Hazrat ko meri taraf se a Eid ul Fitr bahut bahut mubarak ho Md Saqib Raza Faizpur Sitamarhi bihar,positive,positive,85.48
24365,When To girls are talking 1st girl - hey tune aman ka chutiya kata 2nd girl - ha yrr 1st girl - kyu 2nd girl-are y … https // tco / n0tDVEmFc0,1,When To girls are talking 1st girl - hey tune aman ka chutiya kata 2nd girl - ha yrr 1st girl - kyu 2nd girl-are y … // tco / n0tDVEmFc0,neutral,negative,77.12
8433,lmao all this plastic to contain this one (1) photocard https // t co / SfIwNiGU0z,1,lmao all this plastic to contain this one (1) photocard // t co / SfIwNiGU0z,neutral,neutral,74.4
18131,@ ModiLeDubega global agenda sirf modi ji ke pas hai congress 72000 se vote kharidna chahti thi aur desh ke agende … https // t . co / JfKPUKVWKB,0,@ ModiLeDubega global agenda sirf modi ji ke pas hai congress 72000 se vote kharidna chahti thi aur desh ke agende … // t . co / JfKPUKVWKB,negative,neutral,74.43
7526,@ a15sun Then display on Ur ac u r kanjoos so that no one expects 🙄😏😏😂😂,1,@ a15sun Then display on Ur ac u r kanjoos so that no one expects 🙄😏😏😂😂,neutral,neutral,75.26
17654,@ rssurjewala 🤣🤣🤣🤣🤣 Are BC ... Ab sab ko gas cylinder milta hai .... That's enough No need gyan from looser's like corrupt Congress party,0,@ rssurjewala 🤣🤣🤣🤣🤣 Are BC ... Ab sab ko gas cylinder milta hai .... That's enough No need gyan from looser's like corrupt Congress party,negative,negative,80.8
6688,@ baesquets05 Kitno ka haath mein rakhvate app ... Ye @ kunalkamra88 ek baap ka lagta nahi 😁😁,0,@ baesquets05 Kitno ka haath mein rakhvate app ... Ye @ kunalkamra88 ek baap ka lagta nahi 😁😁,negative,neutral,57.92
24319,506 omg i swear i rlly love how we like talk abt kboos and ur orientation experience AHHAHA it was super fun talki … https // t . co / f7DL4ghaVZ,1,506 omg i swear i rlly love how we like talk abt kboos and ur orientation experience AHHAHA it was super fun talki … // t . co / f7DL4ghaVZ,neutral,positive,85.5
32770,@ AamirLiaquat @ TubaAtweets Bhai apni biwi ko public krna band krdey teri meharbani . Tujhe nai pta k islam me biwi k … https // t . co / oKOj76TKA8,1,@ AamirLiaquat @ TubaAtweets Bhai apni biwi ko public krna band krdey teri meharbani . Tujhe nai pta k islam me biwi k … // t . co / oKOj76TKA8,neutral,negative,78.73
35495,@ SanjayAzadSln Yeh chutiye netao ko kuch aata nhi agar koi kisi ko maar rha hai tu voh # bjp Ka batate hai yeh nhi k … https // t . co / LDIID0Pr76,0,@ SanjayAzadSln Yeh chutiye netao ko kuch aata nhi agar koi kisi ko maar rha hai tu voh # bjp Ka batate hai yeh nhi k … // t . co / LDIID0Pr76,negative,negative,80.82
8448,Miss . Anjali Shah ko Dher Sari Subhkamnaye Uttrakhand ki Pehli Mahila Shayak Train Lokopilot Chunn ke Liye . Ap Bhed … https // t . co / wtpNWW6kay,2,Miss . Anjali Shah ko Dher Sari Subhkamnaye Uttrakhand ki Pehli Mahila Shayak Train Lokopilot Chunn ke Liye . Ap Bhed … // t . co / wtpNWW6kay,positive,positive,85.3
20944,@ samanthabiolena @_ jbsylxx awwwie thank you sammieeee hehehe ❤️,1,@ samanthabiolena @_ jbsylxx a thank you sammieeee hehehe ❤️,neutral,positive,85.02
13978,RT @ AsYouNotLove This is great breaking News !! Modiji Kal Apni Mataji ke Charan Sparsh karke Ashirvaad lene ke liye Gujarat jayenge .. Dear …,2,RT @ AsYouNotLove This is great breaking News !! Modiji Kal Apni Mataji ke Charan Sparsh karke Ashirvaad lene ke liye Gujarat jayenge .. Dear …,positive,positive,82.92
29764,Train no . 13425Malda town express Us train ki itni halat kharab he ki railway station ke koi bhi karm Chari sun ne K … https // t . co / 2skfBoQPte,1,Train no . 13425Malda town express Us train ki itni halat kharab he ki railway station ke koi bhi karm Chari sun ne K … // t . co / 2skfBoQPte,neutral,neutral,57.33
12145,> Me playing Yoosung's route HE'S SUCH A CINNAMON ROLL 💚 MY HEAAARTTTTTTT 💚💚💚💚 Baby boy 💚 MUST PROTECCCCCCC … https // t . co / rB7enxIgZR,2,> Me playing Yoosung's route HE'S SUCH A CINNAMON ROLL 💚 MY HEAAARTTTTTTT 💚💚💚💚 Baby boy 💚 MUST PROTECCCCCCC … // t . co / rB7enxIgZR,positive,positive,83.71
10178,@ XainKK @ Ali _ MuhammadPTI Allah kare sare PTM wale kutte ki maut marein aur tum logon ke perchay rone wala bhi koi m … https // t . co / n2OsK9nYr2,0,@ XainKK @ Ali _ MuhammadPTI Allah kare sare PTM wale kutte ki maut marein aur tum logon ke perchay rone wala bhi koi m … // t . co / n2OsK9nYr2,negative,negative,80.86
9815,RT SRKxPREDATOR SahilAhmed44 Abe laudu kise pagal bnara hai Saaale D4 ki news ye fan dega terko ? Isse achha to ek fake account bnakr khu …,0,RT SRKxPREDATOR SahilAhmed44 Abe laudu kise pagal bnara hai Saaale D4 ki news ye fan dega terko ? Isse achha to ek fake account bnakr khu …,negative,negative,80.81
11419,RT @ deerminho that's the most BEAUTIFUL pic to ever exist like look at him in his beautiful outfit and his beautiful eyes and his beautifu …,2,RT @ deerminho that's the most BEAUTIFUL pic to ever exist like look at him in his beautiful outfit and his beautiful eyes and his beautifu …,positive,positive,85.46
16050,@ ImranKhanPTI Sacha tahreek pakistan opposition k rawaye ko condem karty hai,0,@ ImranKhanPTI Sacha tahreek pakistan opposition k rawaye ko condem karty hai,negative,neutral,67.05
44113,RT @ hopelessrdj rdj coming online after 24 days just to wish tom happy birthday is the biggest irondad energy,2,RT @ hopelessrdj rdj coming online after 24 days just to wish tom happy birthday is the biggest irondad energy,positive,neutral,53.26
23213,Hope gonee for both Side 😂 Unka batsman hope apna jeetne ka hope # PAKvsWI,1,Hope gonee for both Side 😂 Unka batsman hope apna jeetne ka hope # PAKvsWI,neutral,positive,85.29
29026,@ smartypoppat Khush kismet hai yeh insan jis ko Ramazan Mubarak ka Akhry Jumma Mila Indeed a Brave man,2,@ smartypoppat Khush kismet hai yeh insan jis ko Ramazan Mubarak ka Akhry Jumma Mila Indeed a Brave man,positive,positive,85.43
23899,RT @ watersmell _ OUR BIGGEST VOICE . BTS So show me . I'll show you ! # BTSatWembley @ BTS _ twt https // t . co / dv6ik6kx7C,1,RT @ watersmell _ OUR BIGGEST VOICE . BTS So show me . I'll show you ! # BTSatWembley @ BTS _ twt // t . co / dv6ik6kx7C,neutral,positive,84.7
25775,RT @ manopatano @ NailaIdrees94 26 ki umar tak masters ho jata hy larki ko chahiye bar bar fail na ho,1,RT @ manopatano @ NailaIdrees94 26 ki umar tak masters ho jata hy larki ko chahiye bar bar fail na ho,neutral,neutral,65.47
16021,RT @ Paak _ Mohobbat GooD M 😘 rning Huzoor @ Gurmeetramrahim ji ~🙏 Dhan Dhan Satguru Tera Hi Aasra 🙏 Bless me vd sumiran + sewaful day in full of ur …,2,RT @ Paak _ Mohobbat GooD M 😘 rning Huzoor @ Gurmeetramrahim ji ~🙏 Dhan Dhan Satguru Tera Hi Aasra 🙏 Bless me vd sumiran + sewaful day in full of ur …,positive,positive,85.48
24645,@ Ali _ MuhammadPTI Aap ki bat taik mager is waqat jab Pakistan har taraf sy sazish ka samna hay humain national recon … https // t . co / Kx6nzhX2sa,1,@ Ali _ MuhammadPTI Aap ki bat taik mager is waqat jab Pakistan har taraf sy sazish ka samna hay humain national recon … // t . co / Kx6nzhX2sa,neutral,neutral,56.62
4349,Prayer for Generosity https // t . co / RJRdglwcjN KUDOS TO YOU ! Continue that fight for there ’ s so much darkness not … https // t . co / Fuea5YBCg4,2,Prayer for Generosity // t . co / RJRdglwcjN KUDOS TO YOU ! Continue that fight for there ’ s so much darkness not … // t . co / Fuea5YBCg4,positive,positive,71.1
7081,@ KlasraRauf Is qoum ka kch nhe ho sakta pori team na khailtay galti captain ke hai waisy ye naye logic aise qoum … https // t . co / db5i44a9mx,1,@ KlasraRauf Is qoum ka kch nhe ho sakta pori team na khailtay galti captain ke hai waisy ye naye logic aise qoum … // t . co / db5i44a9mx,neutral,negative,79.12
40804,@ pk11984161 Jai Shri Ganesha 🙏💐 Good Morning https // t . co / KDVaOymsXN,1,@ pk11984161 Jai Shri Ganesha 🙏💐 Good Morning // t . co / KDVaOymsXN,neutral,positive,84.76
637,Bannu Thana Domel Ki Hudood Chashmai Me Police Muqabla Police Ehlkar K Qatal Samet 6 Muqadmat Me Matloob Moeen Ullah Mara Gia .,1,Bannu Thana Domel Ki Hudood Chashmai Me Police Muqabla Police Ehlkar K Qatal Samet 6 Muqadmat Me Matloob Moeen Ullah Mara Gia .,neutral,negative,79.02
26736,@ Wheres _ TheFood _ Kaunsa ye wala dance dance rahe ho ? 😉 https // t . co / 6Se8xUjMvB,1,@ Wheres _ TheFood _ Kaunsa ye wala dance dance rahe ho ? 😉 // t . co / 6Se8xUjMvB,neutral,neutral,74.07
15866,@ VazeIndian @ DesiStupides Tum sale Un Chutiyo ka Bhi naam Le lo Jin Madarchodo ne Ektarafa Secularism ki maa choad … https // t . co / UlU681GWpx,0,@ VazeIndian @ DesiStupides Tum sale Un Chutiyo ka Bhi naam Le lo Jin Madarchodo ne Ektarafa Secularism ki maa choad … // t . co / UlU681GWpx,negative,negative,80.82
15876,@ INCIndia Rassi jal gaya lekin aithan nahi gaya ..@ RahulGandhi ..52 hi Kari ho bjp ke liyeinch inch ki ladai karoge … https // t . co / wtYg3KVAd9,0,@ INCIndia Rassi jal gaya lekin aithan nahi gaya ..@ RahulGandhi ..52 hi Kari ho bjp ke liyeinch inch ki ladai karoge … // t . co / wtYg3KVAd9,negative,negative,70.97
12905,Ye Na smajhe Nayi Sarkar Ki janta ne unhe bahut adhik seats k sath jitaya hai ... unhe ye dhyan rakhna hoga ki unh … https // t . co / qBdxcJtugb,2,Ye Na smajhe Nayi Sarkar Ki janta ne unhe bahut adhik seats k sath jitaya hai ... unhe ye dhyan rakhna hoga ki unh … // t . co / qBdxcJtugb,positive,neutral,73.29
33525,@ YOG _ 00 Ur ma everything My backbone for life ily bestie .😭💜💜💜💜💜💜💜💜💜💜💜💜💜💜💜💜💜💜💜💜,2,@ YOG _ 00 Ur ma everything My backbone for life ily bestie .😭💜💜💜💜💜💜💜💜💜💜💜💜💜💜💜💜💜💜💜💜,positive,positive,85.0
4729,RT @ sandy _ DD7 @ YasirMu15207826 @ aaliaaaliya Harane ko tayar ho jao . 11 har koi bhi nahi jitne de raha pak ko . Afghanistan ne bhi practice …,1,RT @ sandy _ DD7 @ YasirMu15207826 @ aaliaaaliya Harane ko tayar ho jao . 11 har koi bhi nahi jitne de raha pak ko . Afghanistan ne bhi practice …,neutral,negative,80.1
9023,@ aajtak Chor Vadra bhagne k chakkar m h Bahaana bnata h Treatment to AIIMS m bhi h Chor Vijay Mallya Banna chahta h,1,@ aajtak Chor Vadra bhagne k chakkar m h Bahaana bnata h Treatment to AIIMS m bhi h Chor Vijay Mallya Banna chahta h,neutral,negative,80.64
8034,Life consists mostly of small moments Savor them !!! & 4 us Life is CID in which we cherishlivefeelenjoy ea … https // t co / zHHWQHuhJe,1,Life consists mostly of small moments Savor them !!! & 4 us Life is CID in which we cherishlivefeelenjoy ea … // t co / zHHWQHuhJe,neutral,positive,85.19
39007,@ 24mysteriousgal @ Aryavrta Hindu kmjor nhi hain .. dyalu avshya hain har hindu k hath me agr hai mala .. to avasya dusr … https // t . co / yeDnAv2Ur0,2,@ 24mysteriousgal @ Aryavrta Hindu kmjor nhi hain .. dyalu avshya hain har hindu k hath me agr hai mala .. to avasya dusr … // t . co / yeDnAv2Ur0,positive,negative,80.82
30929,India waalo taiyaar ho jao Party ke liye Kiuki india world cup jeet rahi hai Sutron ke hawaale se khabar aai h … https // t co / PwBR2VOQ3S,2,India waalo taiyaar ho jao Party ke liye Kiuki india world cup jeet rahi hai Sutron ke hawaale se khabar aai h … // t co / PwBR2VOQ3S,positive,positive,53.78
15467,RT @ nita _ insan @ Gurmeetramrahim sai ji Good morning 🌹🌹 Seva Simran da bal bkshna Satguru ji 🙏 🙏 # WaterSavingTipsByStRamRahim,1,RT @ nita _ insan @ Gurmeetramrahim sai ji Good morning 🌹🌹 Seva Simran da bal bkshna Satguru ji 🙏 🙏 # WaterSavingTipsByStRamRahim,neutral,positive,84.07
15255,@ ZeeNewsHindi India ma treatment nahi ha to sasural walo ko puchhe yah ki 70saal ma health ka kuchh nahi kiya … https // t co / U6VLvbbw8J,0,@ ZeeNewsHindi India ma treatment nahi ha to sasural walo ko puchhe yah ki 70saal ma health ka kuchh nahi kiya … // t co / U6VLvbbw8J,negative,neutral,69.18
26,@ imVkohli Best of luck @ imVkohli sir World Cup ke liye bhot bhot subhkamnaye,2,@ imVkohli Best of luck @ imVkohli sir World Cup ke liye bhot bhot subhkamnaye,positive,positive,85.51
2331,@ Sayed23219671 @ RubikaLiyaquat Wrong comment karne wale sabhi harami mulley MC apni behan key bare mey galat mat likho,1,@ Sayed23219671 @ RubikaLiyaquat Wrong comment karne wale sabhi harami mulley MC apni behan key bare mey galat mat likho,neutral,negative,80.82
36978,@ igot10on10 Arey tu chutiya hai gadhe . Pakistani ka Har officer kudte pe blazer pehenta hai chutiye ... imran khan k … https // t . co / AqIDSidcoh,0,@ igot10on10 Arey tu chutiya hai gadhe . Pakistani ka Har officer kudte pe blazer pehenta hai chutiye ... imran khan k … // t . co / AqIDSidcoh,negative,negative,80.81
15069,@ lipztickSpoiler @ Methi _ chai @ NaeemChattha10 Nzr tez kro aa jaye da mzr,1,@ lipztickSpoiler @ Methi _ chai @ NaeemChattha10 Nzr tez kro aa jaye da mzr,neutral,neutral,74.96
27879,@ MissDwivedii are sach me ye jn jagruti he typiong error he koi bakwas nahi sidhi si baat he,1,@ MissDwivedii are sach me ye jn jagruti he typiong error he koi bakwas nahi sidhi si baat he,neutral,neutral,74.36
44441,@ Bachakhanzada10 @ PDCMDOfficial @ Chib _ 34 Ham ko koi wazat nahi Deni Ham Be Pakistan es itny he mohabbat kartay hain … https // t co / r4ySQ3kYsP,1,@ Bachakhanzada10 @ PDCMDOfficial @ Chib _ 34 Ham ko koi wazat nahi Deni Ham Be Pakistan es itny he mohabbat kartay hain … // t co / r4ySQ3kYsP,neutral,positive,84.86
37636,@ samratsaleem @ bjp _ ka1 _ virodhi Ullu hai kya vipach ka matlab hi nahi maloom Vipch ka darja modi ne diya Hi nahi ye … https // t . co / ohgoCAaM1J,2,@ samratsaleem @ bjp _ ka1 _ virodhi Ullu hai kya vipach ka matlab hi nahi maloom Vipch ka darja modi ne diya Hi nahi ye … // t . co / ohgoCAaM1J,positive,neutral,50.83
7302,@ NCTsmtown _ DREAM so renjun already gave us a spoiler of DNLY Don't Need Your Love - NCT Dream X HRVY huh ... look a … https // t . co / KoTs2shVvh,1,@ NCTsmtown _ DREAM so renjun already gave us a spoiler of DNLY Don't Need Your Love - NCT Dream X HRVY huh ... look a … // t . co / KoTs2shVvh,neutral,neutral,74.63
20481,@ TajinderBagga Bc ye bata dene mein toh tum jotishi Ho ... aur unemployment jo 45 years ki sabse down hai woh kyun n … https // t . co / TgIEgvxFLE,0,@ TajinderBagga Bc ye bata dene mein toh tum jotishi Ho ... aur unemployment jo 45 years ki sabse down hai woh kyun n … // t . co / TgIEgvxFLE,negative,neutral,45.04
4966,@ OfficeOfKNath shivraj ke 12 saal me samsya ka hal nahi ho paya . ikchha mrutu marg 27 no . state highway par 100 mtr … https // t . co / IfIdrM0Pja,1,@ OfficeOfKNath shivraj ke 12 saal me samsya ka hal nahi ho paya . ikchha mrutu marg 27 no . state highway par 100 mtr … // t . co / IfIdrM0Pja,neutral,neutral,68.46
4430,RT @ jxpooja Dilli aa jaayein We'll hv u chkd at our Mohalla clinic ! https // t co / zx7mUEsRLE,1,RT @ jxpooja Dilli aa jaayein We'll hv u chkd at our Mohalla clinic ! // t co / zx7mUEsRLE,neutral,neutral,72.85
16317,RT @_ nessp finally got around to finishing this piece ^__^ i love karen and komachi ... # precure https // t . co / snK8Tpx25f,1,RT @_ nessp finally got around to finishing this piece ^__^ i love karen and komachi ... # precure // t . co / snK8Tpx25f,neutral,positive,85.43
7892,@ HamidMirPAK @ ImranKhanPTI Hamid Mir sb appreciate bhi kr dety Well done PM IK hi likh den We r proud of you IK . I … https // t . co / vBX42jaEQP,1,@ HamidMirPAK @ ImranKhanPTI Hamid Mir sb appreciate bhi kr dety Well done PM IK hi likh den We r proud of you IK . I … // t . co / vBX42jaEQP,neutral,positive,85.54
28985,@ kanhaiyakumar “ Tum logon ne to nahi kiya ye kand ” ye urban naxal gang haarne ma gam digest nahi kar pa raha hai . A … https // t . co / rzTN9sAYbZ,0,@ kanhaiyakumar “ Tum logon ne to nahi kiya ye kand ” ye urban naxal gang haarne ma gam digest nahi kar pa raha hai . A … // t . co / rzTN9sAYbZ,negative,negative,80.32
14091,@ m030008463323 Abe sale mirza kasm e aallaa ki ham ne nahi kiya be https // t . co / 3OqiW5WdfT,0,@ m030008463323 Abe sale mirza kasm e aallaa ki ham ne nahi kiya be // t . co / 3OqiW5WdfT,negative,negative,80.35
30922,@ AnjumHassaan @ Rafi _ AAA Parha sunna aur dekha howa jo Baap apni olaado ko haram maal khilatte hain vo bare ho kr aq … https // t . co / DO53dGw2JN,0,@ AnjumHassaan @ Rafi _ AAA Parha sunna aur dekha howa jo Baap apni olaado ko haram maal khilatte hain vo bare ho kr aq … // t . co / DO53dGw2JN,negative,negative,80.03
23968,tujme or kutte ki dum me koi frak nhi h https // t . co / INRsNmc2hi,0,tujme or kutte ki dum me koi frak nhi h // t . co / INRsNmc2hi,negative,negative,80.77
14306,Congress to usi din Amethi haar gyi this jab usne ek aisi Mahila ko campaign ka leader bnaya tha jise Bharat k Poor … https // t co / hM0HHIw1fp,0,Congress to usi din Amethi haar gyi this jab usne ek aisi Mahila ko campaign ka leader bnaya tha jise Bharat k Poor … // t co / hM0HHIw1fp,negative,neutral,72.12
17705,Kirayedar mat ban ke raho magr agr avaidh kabza karke gundayi karna Chaho ge to bulldozer Chalne me der nhi lage gi … https // t . co / A1F6ZxPFVy,1,Kirayedar mat ban ke raho magr agr avaidh kabza karke gundayi karna Chaho ge to bulldozer Chalne me der nhi lage gi … // t . co / A1F6ZxPFVy,neutral,negative,80.82
39661,@ Zeeshan _ INC @ Ankita _ Shah8 @ MohdTaufiqueSh9 Chutiye VVPAT se match hua hai sara Ek v idhar udhar nahi hua hai Ka … https // t co / bfM6GbBk9d,0,@ Zeeshan _ INC @ Ankita _ Shah8 @ MohdTaufiqueSh9 Chutiye VVPAT se match hua hai sara Ek v idhar udhar nahi hua hai Ka … // t co / bfM6GbBk9d,negative,negative,79.64
10110,@ AkhileshPSingh @ narendramodi GDP 1% ho jayega to bhi vote modi ko hi denge ... tere jese ko nahi ... tum konsa tir m … https // t . co / HclA7ZPNq5,2,@ AkhileshPSingh @ narendramodi GDP 1% ho jayega to bhi vote modi ko hi denge ... tere jese ko nahi ... tum konsa tir m … // t . co / HclA7ZPNq5,positive,negative,78.17
7115,@ SirJadeja Pehly tum jaise desh bhagt choutiye kehte the k hum points de denge per # Pakistan se nhi khelenge ab kiya hua ??🤣😂😎,0,@ SirJadeja Pehly tum jaise desh bhagt choutiye kehte the k hum points de denge per # Pakistan se nhi khelenge ab kiya hua ??🤣😂😎,negative,negative,80.84
3461,@ MujeebS9 Giriftari di ni hai kutty wali halat banai thi PAK ARMY nai es ghaddar dawar ki,2,@ MujeebS9 Giriftari di ni hai kutty wali halat banai thi PAK ARMY nai es ghaddar dawar ki,positive,negative,80.71
44048,RT @ its _ boogeyman According to every desi mom you were more Chita back in bachpan,1,RT @ its _ boogeyman According to every desi mom you were more Chita back in bachpan,neutral,neutral,67.19
6022,EVM ke harware me setting karke chunaaw jeetaa gya hai Election commission pese khaakar BJP ko jitaya hai . Hardwar … https // t . co / zaedXELxro,0,EVM ke harware me setting karke chunaaw jeetaa gya hai Election commission pese khaakar BJP ko jitaya hai . Hardwar … // t . co / zaedXELxro,negative,neutral,64.88
37806,RT @ AlinaAdyl Chalo goiz 1000 followers hogye hain ab mujhy unfollower mt krna warna Allah pochy ga tum logo ko muslmano 😂 Jisko FOllow ba …,1,RT @ AlinaAdyl Chalo goiz 1000 followers hogye hain ab mujhy unfollower mt krna warna Allah pochy ga tum logo ko muslmano 😂 Jisko FOllow ba …,neutral,negative,62.64
33674,@ narendramodi Good morning sir Have nice day . Apko abhinandan app ne chunavo jitne k li a 5 month se hamare gavo … https // t . co / DCeh14oaDK,2,@ narendramodi Good morning sir Have nice day . Apko abhinandan app ne chunavo jitne k li a 5 month se hamare gavo … // t . co / DCeh14oaDK,positive,positive,85.52
17192,RT @ TeamMessiHQ Van Dijk The Balon Dor ? For me they should give it to Messi every year . He is the best without a doubt . I ’ m not thinking …,2,RT @ TeamMessiHQ Van Dijk The Balon Dor ? For me they should give it to Messi every year . He is the best without a doubt . I ’ m not thinking …,positive,positive,66.4
6608,RT @ xhafsakhan My brown ass will never admit that something I ’ m eating is too spicy I could be crying and I ’ d be like “ nahi bhai mirchi …,0,RT @ xhafsakhan My brown ass will never admit that something I ’ m eating is too spicy I could be crying and I ’ d be like “ nahi bhai mirchi …,negative,neutral,74.98
14857,@ BJP4India Modi ji ..! pure Desh Ne Aap Par Vishwas Kiya Hai aap se nivedan Hai Ki ek Desh Ek Kanoon Saman Nagrik … https // t . co / iIY91Xp5Sc,1,@ BJP4India Modi ji ..! pure Desh Ne Aap Par Vishwas Kiya Hai aap se nivedan Hai Ki ek Desh Ek Kanoon Saman Nagrik … // t . co / iIY91Xp5Sc,neutral,positive,85.34
958,@ rajnathsingh congrats sir .... Lucknow ki shaan bada di aapne ... veerta aur shaurya ki missal ab aap pesh kariyega ... Jai Hind,1,@ rajnathsingh congrats sir .... Lucknow ki shaan bada di aapne ... veerta aur shaurya ki missal ab aap pesh kariyega ... Jai Hind,neutral,positive,85.54
30473,@ KP24 @ dhaval241086 @ shoaib100mph Ye pakistani bc Beijjat hone ke liye hi paida hue hain 😂,0,@ KP24 @ dhaval241086 @ shoaib100mph Ye pakistani bc Beijjat hone ke liye hi paida hue hain 😂,negative,negative,67.35
14585,@ SChaudharyINC @ RahulGandhi @ INCUttarPradesh @ News18India @ IndiaToday @ INCIndia @ indiatvnews @ INCMP @ priyankagandhi … https // t co / YuqgEgWALa,1,@ SChaudharyINC @ RahulGandhi @ INCUttarPradesh @ News18India @ IndiaToday @ INCIndia @ indiatvnews @ INCMP @ priyankagandhi … // t co / YuqgEgWALa,neutral,neutral,74.72
34185,RT @ bansi999 Bhai sree Narendra Modi ji aapko hamari or se bahot bahot badhai ab AAP ko mandir or Dhara 310 ka kaam karna he or is kam ke …,2,RT @ bansi999 Bhai sree Narendra Modi ji aapko hamari or se bahot bahot badhai ab AAP ko mandir or Dhara 310 ka kaam karna he or is kam ke …,positive,positive,85.5
25668,@ Anu _ yadav88 @ yadavakhilesh Kuch nahi bhai ... sirf tere jaise chamche harey hain ... lol ... relax ... accept the reality,1,@ Anu _ yadav88 @ yadavakhilesh Kuch nahi bhai ... sirf tere jaise chamche harey hain ... lol ... relax ... accept the reality,neutral,negative,79.59
36873,@ Gurmeetramrahim ... Dhan Dhan Satguru Tera Hi Aasra ... Good morning Papa Ji .. please Pita Ji Hum Sab Par Hmesha Apni … https // t . co / 457QcSBGTe,2,@ Gurmeetramrahim ... Dhan Dhan Satguru Tera Hi Aasra ... Good morning Papa Ji .. please Pita Ji Hum Sab Par Hmesha Apni … // t . co / 457QcSBGTe,positive,positive,85.47
4712,RT @ saadrajpoot _ please apne bachon ko coeducation colleges ma admission dilvaya karen ye university aake yahan ka mahol kharab kardete …,0,RT @ saadrajpoot _ please apne bachon ko coeducation colleges ma admission dilvaya karen ye university aake yahan ka mahol kharab kardete …,negative,neutral,67.73
32293,@ archu243 @ TajinderBagga @ narendramodi Pure soul like PM .... What a joke ... Godhra Kand to Pakistan ne karwaya tha ..😆,0,@ archu243 @ TajinderBagga @ narendramodi Pure soul like PM .... What a joke ... Godhra Kand to Pakistan ne karwaya tha ..😆,negative,negative,46.3
43653,Ye log jo log keh rahay 1992 k worldcup me b West Indies se pehla match haray thy inn ko zraaa samnay lao 😡😡 Anni diyya mzak ay 😝😤 # PakvsWI,1,Ye log jo log keh rahay 1992 k worldcup me b West Indies se pehla match haray thy inn ko zraaa samnay lao 😡😡 Anni diyya mzak ay 😝😤 # PakvsWI,neutral,neutral,72.81
42701,RT @ Itsashar _ x I don't know how people find it good to call their workers as Maasi driver etc etc They have a name call them by that …,1,RT @ Itsashar _ x I don't know how people find it good to call their workers as Maasi driver etc etc They have a name call them by that …,neutral,neutral,75.01
21785,@ ButtButtmuneeb @ Damndelusional @ la _ ya _ li @ AbbasiG19 He is sweet kind Mehrban Smjhdar Handsome Orrr Achy Lecture b dyte h 😂😂,2,@ ButtButtmuneeb @ Damndelusional @ la _ ya _ li @ AbbasiG19 He is sweet kind Mehrban Smjhdar Handsome Orrr Achy Lecture b dyte h 😂😂,positive,positive,85.49
41495,@ sureshn99821904 @ shubhada1234 @ News18India Aur ek saccha Hindu kabhi Modi ji against aisi baaten nahi karega kyu k … https // t co / sBFhkOxYLy,1,@ sureshn99821904 @ shubhada1234 @ News18India Aur ek saccha Hindu kabhi Modi ji against aisi baaten nahi karega kyu k … // t co / sBFhkOxYLy,neutral,neutral,67.87
18565,RT @ kutta _ filter @ ashsmile2k5 @ urbandictionary Now they'll definitely reply bc itna khatarnak dhamki aaj tak kisine nahi diya hoga you're …,0,RT @ kutta _ filter @ ashsmile2k5 @ urbandictionary Now they'll definitely reply bc itna khatarnak dhamki aaj tak kisine nahi diya hoga you're …,negative,neutral,74.51
37914,RT @ SumitkadeI # Bekhayali is infectious this song reminds me of Toh Phir aao from Awarapan . Bekhayali would be a RAGE . This one is for He …,2,RT @ SumitkadeI # Bekhayali is infectious this song reminds me of Toh Phir aao from Awarapan . Bekhayali would be a RAGE . This one is for He …,positive,positive,85.44
16247,RT @ saintmirrenfc Congratulations and all the best to our captain Stephen McGinn who gets married to his fianc é e Ashley today . All at th …,2,RT @ saintmirrenfc Congratulations and all the best to our captain Stephen McGinn who gets married to his fianc é e Ashley today . All at th …,positive,positive,85.49
4479,@ byadavbjp @ narendramodi mera bharat desh jaat paat se mukt yahi sangharsh desh ka vikas aur vishwas vikas ghar gha … https // t . co / cyDNr2OLXD,2,@ byadavbjp @ narendramodi mera bharat desh jaat paat se mukt yahi sangharsh desh ka vikas aur vishwas vikas ghar gha … // t . co / cyDNr2OLXD,positive,positive,84.06
14993,@ LetsTalkJessica War Games is one of the best Doctor Who stories ever btw That ’ s a hill I will gladly die on I ha … https // t . co / 4bJpAeGHPb,1,@ LetsTalkJessica War Games is one of the best Doctor Who stories ever btw That ’ s a hill I will gladly die on I ha … // t . co / 4bJpAeGHPb,neutral,positive,85.27
28497,@ MominaBasit1 @ ImranKhanPTI Imran khan is Always good for Us,2,@ MominaBasit1 @ ImranKhanPTI Imran khan is Always good for Us,positive,positive,85.03
20358,@ KarunaGopal1 App Pakode bechne wallon m se ho Kya ?? Ye jobless nae h ... Ye Jo KR rahe hain .. ye he Inka job h ..,0,@ KarunaGopal1 App Pakode bechne wallon m se ho Kya ?? Ye jobless nae h ... Ye Jo KR rahe hain .. ye he Inka job h ..,negative,negative,80.8
41981,Ek BJP hai log sweksha se mantri pad ke liye mana kar de rahe hain aur ek congressi hain @ ashokgehlot51 … https // t . co / NRAemS0qAN,0,Ek BJP hai log sweksha se mantri pad ke liye mana kar de rahe hain aur ek congressi hain @ ashokgehlot51 … // t . co / NRAemS0qAN,negative,neutral,72.0
5215,@ narendramodi Many congratulations Modiji . It is our good fortune to have you as our PM once gain . Aasha hai hamara … https // t . co / cqywf2SkFr,2,@ narendramodi Many congratulations Modiji . It is our good fortune to have you as our PM once gain . Aasha hai hamara … // t . co / cqywf2SkFr,positive,positive,85.54
42709,RT @ IamKaushikRavi Congratulations @ vivekoberoi for your upcoming Narendra Modi 🙏 in advance 🙏 Modi ji to aa gaye ab aapki film k liye subh …,2,RT @ IamKaushikRavi Congratulations @ vivekoberoi for your upcoming Narendra Modi 🙏 in advance 🙏 Modi ji to aa gaye ab aapki film k liye subh …,positive,positive,85.5
29984,@ Habib _ Hasan _ @ sonamJain001 Fucking news i saw 😂😂😂😂😂😂😂 ab ye kya chutiyaap hai ..,0,@ Habib _ Hasan _ @ sonamJain001 Fucking news i saw 😂😂😂😂😂😂😂 ab ye kya chutiyaap hai ..,negative,negative,80.25
38459,@ BeastBoyShub Same here Online application khatam ho gaye hum swayam vaha pe gaye kuch respond hi nahi diya sale … https // t co / iCE8H6rCpP,1,@ BeastBoyShub Same here Online application khatam ho gaye hum swayam vaha pe gaye kuch respond hi nahi diya sale … // t co / iCE8H6rCpP,neutral,neutral,48.45
18718,@ kylam _ official Yayyyyyy thank you i love u so much,2,@ kylam _ official Yayyyyyy thank you i love u so much,positive,positive,85.45
14773,RT @ VinayaKantRai2 @ IndiaToday @ ajitarticle . DESH KI SAMSYAYE MODI GIVT K LIYE CHALKENGE NAHI SAMASYAO K LIYE HAM LOG CHALLANGE H HSMAR …,1,RT @ VinayaKantRai2 @ IndiaToday @ ajitarticle . DESH KI SAMSYAYE MODI GIVT K LIYE CHALKENGE NAHI SAMASYAO K LIYE HAM LOG CHALLANGE H HSMAR …,neutral,neutral,63.13
40697,@ timesofindia Chit Kay daadi mien tinka ( hope I got it right ),0,@ timesofindia Chit Kay daadi mien tinka ( hope I got it right ),negative,neutral,60.16
43650,RT @ Inner _ Zee @ callme _ oxygen Bas ap ki khushi important hai world jaye bhar main 😢,1,RT @ Inner _ Zee @ callme _ oxygen Bas ap ki khushi important hai world jaye bhar main 😢,neutral,positive,80.12
25316,Pic daal ke attention lena achi larkiyon ko shoba nhi deta 😑 All of you belong to sophisticated family kindly stop it ....,2,Pic daal ke attention lena achi larkiyon ko shoba nhi deta 😑 All of you belong to sophisticated family kindly stop it ....,positive,neutral,70.87
15581,@ indiatvnews @ ZeeNewsHindi @ RajatSharmaLive @ sudhirchaudhary @ INCIndia @ yadavakhilesh @ ArvindKejriwal & all d other … https // tco / M6caf9GgUS,1,@ indiatvnews @ ZeeNewsHindi @ RajatSharmaLive @ sudhirchaudhary @ INCIndia @ yadavakhilesh @ ArvindKejriwal & all d other … // tco / M6caf9GgUS,neutral,neutral,74.21
7612,@ AacharyaSahiiL Tyjhe teri hi bhasha me jawab to diya ja sakta he Me bhi teri behan ko randi kothewali bol sakta … https // t . co / LoSx9El00U,0,@ AacharyaSahiiL Tyjhe teri hi bhasha me jawab to diya ja sakta he Me bhi teri behan ko randi kothewali bol sakta … // t . co / LoSx9El00U,negative,negative,80.77
5545,Army dress mein aisa lag raha hai .. world cup hi nahi .... islamabad bhi leke aayenge . https // t . co / Pp61nQKWPZ,1,Army dress mein aisa lag raha hai .. world cup hi nahi .... islamabad bhi leke aayenge . // t . co / Pp61nQKWPZ,neutral,neutral,60.52
21738,@ kinzu786786 Ay ki 🤔🤔 Sharm to options m tha e nhi 😂,1,@ kinzu786786 Ay ki 🤔🤔 Sharm to options m tha e nhi 😂,neutral,neutral,74.87
28068,Love # beautywithoutlimits ? Us too ! We ’ re looking for our newest Specialty Beauty Advisor in Portage MI and we want … https // t . co / fWErPhbjQk,1,Love # beautywithoutlimits ? Us too ! We ’ re looking for our newest Specialty Beauty Advisor in Portage MI and we want … // t . co / fWErPhbjQk,neutral,neutral,66.48
13200,@ SKsWajiha Sale nallo ko free ka net mila hua apne ako bahot bada critics samjhne lagte h unhe ye nhi pata jo insan … https // t . co / sRiPhKV8gs,0,@ SKsWajiha Sale nallo ko free ka net mila hua apne ako bahot bada critics samjhne lagte h unhe ye nhi pata jo insan … // t . co / sRiPhKV8gs,negative,negative,59.02
44130,RT @ HasimuddinSarf1 @ theflyingnemo Darling 1991 ke to chalenge n lekin tum jaise ko line kaun marega be . Sala esse achhha to mar jana hai .,0,RT @ HasimuddinSarf1 @ theflyingnemo Darling 1991 ke to chalenge n lekin tum jaise ko line kaun marega be . Sala esse achhha to mar jana hai .,negative,negative,79.57
13549,RT @ SuperStarBTStwt # SuperStarBTS Official Twitter 1 . 5M Followers ! Thank You So Much ! Always stay with us ! https // t . co / gFZDW7dPAu,2,RT @ SuperStarBTStwt # SuperStarBTS Official Twitter 1 . 5M Followers ! Thank You So Much ! Always stay with us ! // t . co / gFZDW7dPAu,positive,positive,85.32
5395,Godbless bro always remember so you may never forget ! @ chal _ jarina,1,Godbless bro always remember so you may never forget ! @ chal _ jarina,neutral,positive,63.03
16321,RT @ bananasfou007 @ MrBubbyy Rt maar k khud ko save bi karliya 😂😂😂😂👌👌👌👌,1,RT @ bananasfou007 @ MrBubbyy Rt maar k khud ko save bi karliya 😂😂😂😂👌👌👌👌,neutral,neutral,48.75
14110,RT @ iqrarulhassan Aap ki sab duaon aur sari muhabbaton k asal haq-daar yeh log hain Alhamdolillah we ’ ve the best Team for program Sar e …,2,RT @ iqrarulhassan Aap ki sab duaon aur sari muhabbaton k asal haq-daar yeh log hain Alhamdolillah we ’ ve the best Team for program Sar e …,positive,positive,85.5
26219,@ zues _ 007 @ Pikachuu001 haha yes we are bachpan k friends 😂❤️,2,@ zues _ 007 @ Pikachuu001 haha yes we are bachpan k friends 😂❤️,positive,neutral,51.25
37729,Vishwa ke suropari baikti maniyaniya pardhan mantri Shree Narendra Kumar Modi ji ko koti koti parnam AAP ka yeas … https // t . co / AC9Bt3WUKb,2,Vishwa ke suropari baikti maniyaniya pardhan mantri Shree Narendra Kumar Modi ji ko koti koti parnam AAP ka yeas … // t . co / AC9Bt3WUKb,positive,positive,55.37
28186,@ jarariya91 Tu ye soch rha tha ki hinduo ko gaali dekar tu hero ban gaya h tu congress mai hero ban sakta hoga pub … https // t co / I3RqofZ8px,1,@ jarariya91 Tu ye soch rha tha ki hinduo ko gaali dekar tu hero ban gaya h tu congress mai hero ban sakta hoga pub … // t co / I3RqofZ8px,neutral,negative,80.81
36923,@ aajtak musalmaano ko kaun si awaze darati Hai yeah Bata aur fela ke tum anarchy phelate hobut tum ye kabhi nahi b … https // t . co / XWjqS9FvP8,0,@ aajtak musalmaano ko kaun si awaze darati Hai yeah Bata aur fela ke tum anarchy phelate hobut tum ye kabhi nahi b … // t . co / XWjqS9FvP8,negative,negative,80.69
30068,@ mutimuterficker Bruh huh . STFU . So jaao . Nobody's there for you . I'm dead . Good night .,0,@ mutimuterficker Bruh huh . STFU . So jaao . Nobody's there for you . I'm dead . Good night .,negative,neutral,74.23
4663,The NEP is an unmitigated disaster in some areas . If it took you guys 5 years to come up with this . God bless you ..… https // t . co / eF7u23GsUT,0,The NEP is an unmitigated disaster in some areas . If it took you guys 5 years to come up with this . God bless you ..… // t . co / eF7u23GsUT,negative,positive,85.21
41296,@ fawadchaudhry Bass Tum harami log ise kam pa laga rho Balouchistan or kpk ko tumara bap sambally ga,0,@ fawadchaudhry Bass Tum harami log ise kam pa laga rho Balouchistan or kpk ko tumara bap sambally ga,negative,negative,80.8
30804,The construction is the main reason why i don ’ t come back to Houston that much . Shit is everywhere,0,The construction is the main reason why i don ’ t come back to Houston that much . Shit is everywhere,negative,neutral,71.04
26237,@ Bhar _ me _ jao That is good stay blessed,2,@ Bhar _ me _ jao That is good stay blessed,positive,positive,85.33
23760,Narendra Modi Takes Oath As Prime Minister Jai Hind Vande mataram https // t co / 3ITPn00nk4 via @ YouTube,2,Narendra Modi Takes Oath As Prime Minister Jai Hind Vande mataram // t co / 3ITPn00nk4 via @ YouTube,positive,positive,81.62
41173,@ narendramodi You are the best thing to have happened for India ! I am waiting to hear the words Mei Narendra Damo … https // t . co / 5JnKI47p7R,2,@ narendramodi You are the best thing to have happened for India ! I am waiting to hear the words Mei Narendra Damo … // t . co / 5JnKI47p7R,positive,positive,85.01
24179,Today is a very very special day ! Congratulations to PM @ narendramodi ji and all the dedicated workers of … https // t co / yWgYObn6F8,2,Today is a very very special day ! Congratulations to PM @ narendramodi ji and all the dedicated workers of … // t co / yWgYObn6F8,positive,positive,85.5
24817,RT @ Elesky25 💫 AVENGERS - MAIN THEME 💫 ¡ Espero que os guste ! https // t . co / dsFziTOHaK,2,RT @ Elesky25 💫 AVENGERS - MAIN THEME 💫 ¡ Espero que os guste ! // t . co / dsFziTOHaK,positive,neutral,74.29
15592,ALLAH Apka SAFAR ASAAN Kare Aur Umrah Qabool Kare Ameen @ AjazkhanActor # AjazKhanKingdom https // t co / Ln59I2qYhp,2,ALLAH Apka SAFAR ASAAN Kare Aur Umrah Qabool Kare Ameen @ AjazkhanActor # AjazKhanKingdom // t co / Ln59I2qYhp,positive,positive,85.24
35196,@ askmenfess Happy sweet seventeen nder 🎉🎉❤ Moga makin dewasa yaaaaa . Salam sayangg ❤,2,@ askmenfess Happy sweet seventeen nder 🎉🎉❤ Moga makin dewasa yaaaaa . Salam sayangg ❤,positive,positive,85.37
26479,RT @ ZeeTV Pritam ke suro ka jaadu pahuchega Anand Raj Anand aur judges ke dilon tak # SRGMPLilChamps par Sat-Sun 9 PM . . @ singer _ shaan @…,1,RT @ ZeeTV Pritam ke suro ka jaadu pahuchega Anand Raj Anand aur judges ke dilon tak # SRGMPLilChamps par Sat-Sun 9 PM . . @ singer _ shaan @…,neutral,neutral,53.71
15024,RT @ ELFELF28525485 We love & support you no matter what be strong 💪💪 fighting 💙💙 # HappyELFDay # YESUNGisLOVE @ shfly3424 💙💙💙 https // t . co /…,2,RT @ ELFELF28525485 We love & support you no matter what be strong 💪💪 fighting 💙💙 # HappyELFDay # YESUNGisLOVE @ shfly3424 💙💙💙 // t . co /…,positive,positive,85.42
20109,@ NwisdomWit Bhai koi tuje hindi sikne ko nahi bol raha hai our India tere jase logo k taxs se nahi indian logo ki w … https // t . co / rgjrBNXozY,0,@ NwisdomWit Bhai koi tuje hindi sikne ko nahi bol raha hai our India tere jase logo k taxs se nahi indian logo ki w … // t . co / rgjrBNXozY,negative,neutral,64.91
41501,@ TajinderBagga @ lal _ kishori @ sherryontopp siddhu ka yaar dagabaaz nikla pakistani jo hai . jo sage baap k nahi wo … https // t . co / zdtoJ7OCpJ,1,@ TajinderBagga @ lal _ kishori @ sherryontopp siddhu ka yaar dagabaaz nikla pakistani jo hai . jo sage baap k nahi wo … // t . co / zdtoJ7OCpJ,neutral,negative,80.53
19836,RT @ Monika88283718 @ iamlakshmirai @ vinoovenketesh Hindu leaders R vulnerable to fake cases just because they protect INNOCENT Hindus . Same …,0,RT @ Monika88283718 @ iamlakshmirai @ vinoovenketesh Hindu leaders R vulnerable to fake cases just because they protect INNOCENT Hindus . Same …,negative,negative,60.46
7927,# AskStar @ virendersehwag Apko jyada mja kis mein aya ? Umar gul ko 5 choke lga K world cup semifinal mein ya test ma … https // t . co / mzhKhGWvsW,1,# AskStar @ virendersehwag Apko jyada mja kis mein aya ? Umar gul ko 5 choke lga K world cup semifinal mein ya test ma … // t . co / mzhKhGWvsW,neutral,neutral,45.99
16227,Lo ! Ab pata chala mujhe ! https // t . co / 2WvclgU9WG,1,Lo ! Ab pata chala mujhe ! // t . co / 2WvclgU9WG,neutral,neutral,73.75
7668,@ Hoorain97 @ official _ mehakz Mera sa bi fb la unfollow kar diya tha is na 😂😂,1,@ Hoorain97 @ official _ mehakz Mera sa bi fb la unfollow kar diya tha is na 😂😂,neutral,neutral,75.44
24163,Rahul ji ki chhavi khrab karne me bjp ke sath sath media ne bhi sari simay langh diya aapne apne aap ko diffen nahi … https // t . co / OWS3vuuory,1,Rahul ji ki chhavi khrab karne me bjp ke sath sath media ne bhi sari simay langh diya aapne apne aap ko diffen nahi … // t . co / OWS3vuuory,neutral,neutral,68.32
13994,@ SushantSinghRa _ Bhosarike suwar k goo sunna hai k tere tantrums bohot hai industry meh Abe behen k laude 1-2 film … https // t . co / 8P7HFp3lHA,0,@ SushantSinghRa _ Bhosarike suwar k goo sunna hai k tere tantrums bohot hai industry meh Abe behen k laude 1-2 film … // t . co / 8P7HFp3lHA,negative,negative,80.84
12676,@ Devsing30353779 @_ Pintuchaudhary @ Anshuman230 @ bprerna Kyu najayz ko najayaz bolke gussa dila rahe ho .. Galti ho g … https // t . co / Eh9geQ88vG,0,@ Devsing30353779 @_ Pintuchaudhary @ Anshuman230 @ bprerna Kyu najayz ko najayaz bolke gussa dila rahe ho .. Galti ho g … // t . co / Eh9geQ88vG,negative,neutral,72.69
1106,I wanted to see you in Loksabha @ kanhaiyakumar It's OK kanhaiya ji vichaar badlenge desh badlega vidhyarthi … https // t co / mE0EgrIsXp,2,I wanted to see you in Loksabha @ kanhaiyakumar It's OK kanhaiya ji vichaar badlenge desh badlega vidhyarthi … // t co / mE0EgrIsXp,positive,neutral,67.98
33716,@ That _ FluffyGuy @ SRKsFanBaba @ rameshlaus @ iamsrk @ TheFarahKhan Arre yaaar tere liye shbd nahi hai mere paas 😂😂😂,1,@ That _ FluffyGuy @ SRKsFanBaba @ rameshlaus @ iamsrk @ TheFarahKhan Arre yaaar tere liye shbd nahi hai mere paas 😂😂😂,neutral,neutral,72.52
13679,Khuda ki maar abi ana shoro hoi h . Mulk ka pesa lootne wala is Nawaz sharif ne tu maa k pait se nikalne me b curopp … https // t . co / pjRKyvnO8h,0,Khuda ki maar abi ana shoro hoi h . Mulk ka pesa lootne wala is Nawaz sharif ne tu maa k pait se nikalne me b curopp … // t . co / pjRKyvnO8h,negative,negative,80.68
30161,RT @ SC41506954 @ thejianhaotan Namastey i am from India and i loved ur post with ashish chanchalani pls do a collab plssssssss 🙏🏻🙏🏻,2,RT @ SC41506954 @ thejianhaotan Namastey i am from India and i loved ur post with ashish chanchalani pls do a collab plssssssss 🙏🏻🙏🏻,positive,positive,85.35
28118,Sir man gye ..🙏... best commentry hi nahi ... aap ki preditation ka to kahna Hi kya ... @ cricketaakash # markram # wicket . 🙏🙏🙏🙏🙏🙏,2,Sir man gye ..🙏... best commentry hi nahi ... aap ki preditation ka to kahna Hi kya ... @ cricketaakash # markram # wicket . 🙏🙏🙏🙏🙏🙏,positive,positive,53.98
9188,RT @ AkashvaniAIR # DidYouKnow Veteran actor # SunilDutt holds an entry in the Guinness Book of World Records for his film Yaadein in the ca …,2,RT @ AkashvaniAIR # DidYouKnow Veteran actor # SunilDutt holds an entry in the Guinness Book of World Records for his film Yaadein in the ca …,positive,neutral,68.57
29860,@ Bro87Nether @ TaycoolLol @ apollo _ aeries @ MDubztheLegit Aww ! That's really cool ! Thanks buddy !,2,@ Bro87Nether @ TaycoolLol @ apollo _ aeries @ MDubztheLegit Aww ! That's really cool ! Thanks buddy !,positive,positive,85.27
7568,@ MirwaizKashmir Pure kashmir ko barbard kr dia tum logo ne apno gandi rajniti k lie,0,@ MirwaizKashmir Pure kashmir ko barbard kr dia tum logo ne apno gandi rajniti k lie,negative,negative,80.8
15161,@ airnewsalerts Wapas News channel ki studio me jao or apna Natak jari rakkho . Kavi Ram to kavi Nathu Ram Odisha me nahi chale ga .,0,@ airnewsalerts Wapas News channel ki studio me jao or apna Natak jari rakkho . Kavi Ram to kavi Nathu Ram Odisha me nahi chale ga .,negative,neutral,74.12
8487,** Me on Date with crush ** Crush which is your favorite song ? Me bade aache lagte hai Cr … https // t . co / AYxYr5YAzU,2,** Me on Date with crush ** Crush which is your favorite song ? Me bade aache lagte hai Cr … // t . co / AYxYr5YAzU,positive,positive,51.18
26666,Paise to aap ke hi lagenge na Bharat Mata ki Jai https // t co / LkEH45H46c,2,Paise to aap ke hi lagenge na Bharat Mata ki Jai // t co / LkEH45H46c,positive,neutral,69.3
30260,@ rssurjewala Badhta h to badhne do .... Tum log k time se sasta h isi chakkar me desh so raha h .. Ye daal se . Nahi n … https // t . co / ztevAXBlGb,1,@ rssurjewala Badhta h to badhne do .... Tum log k time se sasta h isi chakkar me desh so raha h .. Ye daal se . Nahi n … // t . co / ztevAXBlGb,neutral,negative,80.66
21436,@ ANI dilli police ab Chikara ke under hai ulte sidhe kaam mat karna warna ab police teetar bana degi .. https // t . co / l03E7RJCl8,1,@ ANI dilli police ab Chikara ke under hai ulte sidhe kaam mat karna warna ab police teetar bana degi .. // t . co / l03E7RJCl8,neutral,negative,44.58
14588,chup kar bhadkow edit button nahi daalna hai to mat daalo par aisi bakwaas baatein mat kar lund kay palak pakoday https // t co / ga0apMFEzR,0,chup kar bhadkow edit button nahi daalna hai to mat daalo par aisi bakwaas baatein mat kar lund kay palak pakoday // t co / ga0apMFEzR,negative,negative,80.59
28468,@ sense8th1 Ye fact hai .. chandi thandi hoti hai to zyada gussa krne wale log isko pehnte h .. baki cmmnts dekhiye aapko pta chalega,1,@ sense8th1 Ye fact hai .. chandi thandi hoti hai to zyada gussa krne wale log isko pehnte h .. baki cmmnts dekhiye aapko pta chalega,neutral,neutral,71.37
24369,@ rsprasad @ narendramodi Aapko bahut bahut badhaiyan Sir . Your previous ministry was splendid & this time please make … https // t . co / gcDQ8AyGBH,2,@ rsprasad @ narendramodi Aapko bahut bahut badhaiyan Sir . Your previous ministry was splendid & this time please make … // t . co / gcDQ8AyGBH,positive,positive,85.53
22973,@ kunalkamra88 agle 5 saal toh kahin bhi show karne layak nahi bachoge 🤣🤣🤣 Tabhi iski jalti hain modi se … https // t co / tV0tvnSkoI,0,@ kunalkamra88 agle 5 saal toh kahin bhi show karne layak nahi bachoge 🤣🤣🤣 Tabhi iski jalti hain modi se … // t co / tV0tvnSkoI,negative,negative,80.62
27325,@ ARanganathan72 @ teasri My respect for you increased with this tweet Anand ! Shat shat Naman aapko !,2,@ ARanganathan72 @ teasri My respect for you increased with this tweet Anand ! Shat shat Naman aapko !,positive,positive,85.3
13705,@ mrali29018324 @ smasaash @ Sujeetmooknayak Mere superstar bhai jaan hamare desh mein kuch randwai hai jo srif mob bl … https // t . co / 5n4ZPpmhEi,1,@ mrali29018324 @ smasaash @ Sujeetmooknayak Mere superstar bhai jaan hamare desh mein kuch randwai hai jo srif mob bl … // t . co / 5n4ZPpmhEi,neutral,negative,57.03
38029,@ mian _ aadiii @ Dr _ fizakhan Beta Teri aur tere Pakistaniyo ki MAA chud Jani tum Pakistaniyo Ka baap Modi aa Gaya doba … https // t . co / 1K9xDGc0Pc,0,@ mian _ aadiii @ Dr _ fizakhan Beta Teri aur tere Pakistaniyo ki MAA chud Jani tum Pakistaniyo Ka baap Modi aa Gaya doba … // t . co / 1K9xDGc0Pc,negative,negative,80.86
43322,Congress party aapas me ladne ki bajay vastivkta par Chintan kare ki kya BJP ki jeet evm ki den to nahi Iski jaanc … https // t co / McVfCS8Kfa,0,Congress party aapas me ladne ki bajay vastivkta par Chintan kare ki kya BJP ki jeet evm ki den to nahi Iski jaanc … // t co / McVfCS8Kfa,negative,neutral,73.48
37264,@ javerias Asima sheerazi or apkay Walid Irfan siddiqi ko bhi hidayat nahi military abhi tuk,1,@ javerias Asima sheerazi or apkay Walid Irfan siddiqi ko bhi hidayat nahi military abhi tuk,neutral,negative,66.93
9106,RT @ Its _ Wrath _ Hi Ooooo i love this a lot ! Thanks @ Turly032 https // t . co / iBlciZNie2,1,RT @ Its _ Wrath _ Hi Ooooo i love this a lot ! Thanks @ Turly032 // t . co / iBlciZNie2,neutral,positive,85.34
2535,@ Saurabh70059550 Ye desh ke gaddhhar or makkar v deshdhrohi hai ye papu ke . Chamche bhi hai or kutto se bhi jyadha … https // t . co / v6RFomr7et,0,@ Saurabh70059550 Ye desh ke gaddhhar or makkar v deshdhrohi hai ye papu ke . Chamche bhi hai or kutto se bhi jyadha … // t . co / v6RFomr7et,negative,negative,80.84
36705,Doctor to patient's BF - Hum MAA or bacche me se kisi ek ko hi bacha sakte hai Patient's BF - bsdk tu MAA ko hi b … https // t . co / xjROrx9S0A,0,Doctor to patient's BF - Hum MAA or bacche me se kisi ek ko hi bacha sakte hai Patient's BF - bsdk tu MAA ko hi b … // t . co / xjROrx9S0A,negative,neutral,74.98
22696,RT @_ karantaneja Paet dard sir dard bhukar sabko thik karega re crocin https // t co / jwKDxfGVth,2,RT @_ karantaneja Paet dard sir dard bhukar sabko thik karega re crocin // t co / jwKDxfGVth,positive,positive,78.16
44939,@ kohati _ 1314 @ UmarCheema1 @ naeemyousafzai _ Gatar ha ye bc sala,0,@ kohati _ 1314 @ UmarCheema1 @ naeemyousafzai _ Gatar ha ye bc sala,negative,negative,80.38
42537,@ fahadmustafa26 @ SarfarazA _ 54 Assalamo alikum safi Bhi hum inshallah world cup jete g mujha pora bharosa h Allah ki … https // t . co / XOLTbxkykt,2,@ fahadmustafa26 @ SarfarazA _ 54 Assalamo alikum safi Bhi hum inshallah world cup jete g mujha pora bharosa h Allah ki … // t . co / XOLTbxkykt,positive,positive,85.51
39160,RT @ dpradhanbjp Warm birthday greetings to my senior colleague Shri Nitin Gadkari ji @ nitin _ gadkari I wish him the best of health and con …,2,RT @ dpradhanbjp Warm birthday greetings to my senior colleague Shri Nitin Gadkari ji @ nitin _ gadkari I wish him the best of health and con …,positive,positive,85.46
12705,@ anildubey04 @ msisodia @ ArvindKejriwal @ AtishiAAP @ KumarBibhav @ arunodayprakash Is kam ke bad bhi to election me ja … https // t co / clZK2FP3vS,1,@ anildubey04 @ msisodia @ ArvindKejriwal @ AtishiAAP @ KumarBibhav @ arunodayprakash Is kam ke bad bhi to election me ja … // t co / clZK2FP3vS,neutral,neutral,68.63
8814,Modikaka .. kisiko bakshna nahi ... yaad he 52 gaali di he aapko .. ham nahi bhoolege ...... PruvthiRaj Chauhan ne Mohmad … https // t . co / gZgwForhy9,0,Modikaka .. kisiko bakshna nahi ... yaad he 52 gaali di he aapko .. ham nahi bhoolege ...... PruvthiRaj Chauhan ne Mohmad … // t . co / gZgwForhy9,negative,negative,79.65
23104,RT @ DishTV _ India Packed with full masti and madness Manmarziyaan is a movie you don ’ t want to miss . Watch this hatke love story at just ₹…,2,RT @ DishTV _ India Packed with full masti and madness Manmarziyaan is a movie you don ’ t want to miss . Watch this hatke love story at just ₹…,positive,neutral,70.25
20958,@ swamidipankar Bengal me ram Bhakt nhi but criminal gangs ke log violence kr rahe ha,0,@ swamidipankar Bengal me ram Bhakt nhi but criminal gangs ke log violence kr rahe ha,negative,negative,71.19
37816,Congratulation mere pyaare bhaiyo aapka apna pyaara imandaar world best pm modi ji jeet chuke hain https // t . co / lO5kyvT2xd,2,Congratulation mere pyaare bhaiyo aapka apna pyaara imandaar world best pm modi ji jeet chuke hain // t . co / lO5kyvT2xd,positive,positive,85.53
16353,RT @ ActorMadhavan @ Suriya _ offl wish you a ROCKING BOX OFFICE BRO .. # NGK,2,RT @ ActorMadhavan @ Suriya _ offl wish you a ROCKING BOX OFFICE BRO .. # NGK,positive,positive,85.39
13240,@ SehranKhan14 @ HerNameIs _ Bea Iske zimmedar wo harami maulana aur algaowadi neta h jo apne bacchon ko foreign mein p … https // t . co / SfHsfCnrbn,0,@ SehranKhan14 @ HerNameIs _ Bea Iske zimmedar wo harami maulana aur algaowadi neta h jo apne bacchon ko foreign mein p … // t . co / SfHsfCnrbn,negative,negative,80.63
15134,Naa idhar di gal ... na udhar di gal ! @ GuruOfficial karange seedhe # DilDiGal ! Ithe link vich video dekho … https // t . co / 5MCtNnAUZM,1,Naa idhar di gal ... na udhar di gal ! @ GuruOfficial karange seedhe # DilDiGal ! Ithe link vich video dekho … // t . co / 5MCtNnAUZM,neutral,neutral,74.34
24678,@ iampunjaabi @ iRoopiGill @ iAmrindergill @ monitaa5 @ Rubina Punjabi movies ki audience alag hoti hai .. to clash ka itna farq nahi padega,1,@ iampunjaabi @ iRoopiGill @ iAmrindergill @ monitaa5 @ Rubina Punjabi movies ki audience alag hoti hai .. to clash ka itna farq nahi padega,neutral,neutral,69.81
17252,Saastank Dand wad pranam 🙏. Hatts of 🙌😂. Yes we r waiting to see arasal's mom # SunoChanda2 # SunoChanda https // t . co / dxRUnfUjJW,1,Saastank Dand wad pranam 🙏. Hatts of 🙌😂. Yes we r waiting to see arasal's mom # SunoChanda2 # SunoChanda // t . co / dxRUnfUjJW,neutral,neutral,71.78
27476,@ Nikita12S Mere taraf se aapki mom Ko unki Janam diwas ki dher sari subhkamnaye 🙏 https // t co / fM9bigX583,1,@ Nikita12S Mere taraf se aapki mom Ko unki Janam diwas ki dher sari subhkamnaye 🙏 // t co / fM9bigX583,neutral,positive,85.44
5433,@ atifthepoet haram khor log ulta chor kotowal ko dantey !! Mulk torney ki bat kerney waley ko or phulon ke har pehn … https // t co / 4AkR4OobXv,0,@ atifthepoet haram khor log ulta chor kotowal ko dantey !! Mulk torney ki bat kerney waley ko or phulon ke har pehn … // t co / 4AkR4OobXv,negative,negative,80.77
3024,Hai Ye Tadpan Hai Ye Uljhan 😴 Kaise Jee Loon Bina Tere 🤷🏻‍♂️ Meri Ab Sabse Hai Anban 😑 Bante Kyun Ye Khuda Mere .… https // t . co / vYHy5ukIgx,1,Hai Ye Tadpan Hai Ye Uljhan 😴 Kaise Jee Loon Bina Tere 🤷🏻‍♂️ Meri Ab Sabse Hai Anban 😑 Bante Kyun Ye Khuda Mere .… // t . co / vYHy5ukIgx,neutral,neutral,71.21
40297,kai kutte abhi bhi nahi samejhenge iss khel ko https // t co / Oho2EVbB1b,0,kai kutte abhi bhi nahi samejhenge iss khel ko // t co / Oho2EVbB1b,negative,negative,79.89
30510,RT @ hemant38singh1 Congress walo ko Hindustan k swabhiman se kya lena dena wo to sirf kurshi k pyase hai . Neharu gandhi ki family ban k ba …,0,RT @ hemant38singh1 Congress walo ko Hindustan k swabhiman se kya lena dena wo to sirf kurshi k pyase hai . Neharu gandhi ki family ban k ba …,negative,neutral,68.2
38700,@ ektaravikapoor @ SnehaRajani @ RamKapoor @ Harneetsin @ TaranaRaja @ jaikalra @ sumona24 @ PositiveMitu I really love thi … https // t co / XVuEWLPBne,1,@ ektaravikapoor @ SnehaRajani @ RamKapoor @ Harneetsin @ TaranaRaja @ jaikalra @ sumona24 @ PositiveMitu I really love thi … // t co / XVuEWLPBne,neutral,positive,84.53
22221,Accha hua yehi bet rakha aur Kuch Nahi rakha 😂😂 https // t . co / MRBmw72yCl,2,Accha hua yehi bet rakha aur Kuch Nahi rakha 😂😂 // t . co / MRBmw72yCl,positive,neutral,74.85
31574,LIGHT AND DARK HARU ARE BACK AND BETTER THAN EVER 🖤 # FruitsBasket # FruitsBasketSpoilers https // t . co / y9lEcNgDRb,1,LIGHT AND DARK HARU ARE BACK AND BETTER THAN EVER 🖤 # FruitsBasket # FruitsBasketSpoilers // t . co / y9lEcNgDRb,neutral,positive,85.51
17069,@ MediaCellPPP @ BBhuttoZardari Es sahiba ko kabi apnay baap nay serious nahi leya or yeh chali fouj ko dehmki denay … https // t . co / AUymkEyFNU,0,@ MediaCellPPP @ BBhuttoZardari Es sahiba ko kabi apnay baap nay serious nahi leya or yeh chali fouj ko dehmki denay … // t . co / AUymkEyFNU,negative,negative,80.85
8731,@ ChhayaGupta13 @ VeerSinghDagar2 @ KDPatelboss @ AneelPat Gupta aunti ye log kahin se nahi aaye yahi ke hai Shambhula … https // t . co / 50Al4XNmmF,1,@ ChhayaGupta13 @ VeerSinghDagar2 @ KDPatelboss @ AneelPat Gupta aunti ye log kahin se nahi aaye yahi ke hai Shambhula … // t . co / 50Al4XNmmF,neutral,neutral,73.34
24685,@ up100 Ek group banye jaha local people add ho taki har crime par najar ho har jagah,1,@ up100 Ek group banye jaha local people add ho taki har crime par najar ho har jagah,neutral,neutral,73.02
23960,@ MirRamzan14 @ BBugti @ narendramodi @ BJP4India Abe chutiye bangaladesh aazad ho gaya phir bhi akal Nahi aai tumhe ..… https // t . co / NzEWWxSpik,0,@ MirRamzan14 @ BBugti @ narendramodi @ BJP4India Abe chutiye bangaladesh aazad ho gaya phir bhi akal Nahi aai tumhe ..… // t . co / NzEWWxSpik,negative,negative,80.82
15154,@_ sam __ @ KhanMeh08202605 @ dhruv _ rathee To iss chutiyape ke against tu bhi aawaj utha bhai usko shant rhne ko bolne ke bajay,0,@_ sam __ @ KhanMeh08202605 @ dhruv _ rathee To iss chutiyape ke against tu bhi aawaj utha bhai usko shant rhne ko bolne ke bajay,negative,negative,80.66
11044,RT @ razzzzzzza * okay momwe friends are planning a trip * mom nahi betaajkl k dost bht kharab haikhud parhai kr lety pr dosrun ko kharab …,0,RT @ razzzzzzza * okay momwe friends are planning a trip * mom nahi betaajkl k dost bht kharab haikhud parhai kr lety pr dosrun ko kharab …,negative,neutral,73.31
19771,@ narendramodi Jeet ki bahut bahut subhkamnaye Aap jeete hamara Desh jeeta or jeete ham sab desh ke niwashi . Ja … https // t . co / M2BphQ9gfG,2,@ narendramodi Jeet ki bahut bahut subhkamnaye Aap jeete hamara Desh jeeta or jeete ham sab desh ke niwashi . Ja … // t . co / M2BphQ9gfG,positive,positive,85.55
17006,@ bigbos1981 @ babubasu Kyo Kos rahe hai KBC ko .... Kuch logo ke select nahi hone se TRP kharab ho jayegi kya . Aap … https // t . co / TVgchiyMh0,1,@ bigbos1981 @ babubasu Kyo Kos rahe hai KBC ko .... Kuch logo ke select nahi hone se TRP kharab ho jayegi kya . Aap … // t . co / TVgchiyMh0,neutral,neutral,71.51
22517,@ Faisals63208902 @ peaceforchange Ap k pas tho atom bomb sab hain or pak army hain Or Han os jang k lye apka afgha … https // t co / jS5o2Mp91p,1,@ Faisals63208902 @ peaceforchange Ap k pas tho atom bomb sab hain or pak army hain Or Han os jang k lye apka afgha … // t co / jS5o2Mp91p,neutral,neutral,72.5
38689,RT @ susantakumarna8 Just 1 day to go @ cricketworldcup Dil to Dhadak ta hai ji .... Kon jitega # WC19 Vote kare apko kya lagta Can govt . gi …,2,RT @ susantakumarna8 Just 1 day to go @ cricketworldcup Dil to Dhadak ta hai ji .... Kon jitega # WC19 Vote kare apko kya lagta Can govt . gi …,positive,neutral,62.46
23374,@ narendramodi Vande Matram 🇮🇳☺️👍 awesome representation atul g Jai Maa Bharati Hindustan Jindabad Modi g Jindaba … https // t co / zj9G37ADdQ,2,@ narendramodi Vande Matram 🇮🇳☺️👍 awesome representation atul g Jai Maa Bharati Hindustan Jindabad Modi g Jindaba … // t co / zj9G37ADdQ,positive,positive,85.39
13186,Ye # NitishKumar ab hero banne pe utaaru hain . 16 seats BJP ki wajah se le gaye ho vats . BJP will play alone and win as well .,1,Ye # NitishKumar ab hero banne pe utaaru hain . 16 seats BJP ki wajah se le gaye ho vats . BJP will play alone and win as well .,neutral,neutral,71.66
43560,RT @ RajKuma55226264 @ tatapower _ ddl CA no060011340068 This is my CA no . Aur pichle 4 dino se baar-baar power supply cut ho rehi hai subha …,1,RT @ RajKuma55226264 @ tatapower _ ddl CA no060011340068 This is my CA no . Aur pichle 4 dino se baar-baar power supply cut ho rehi hai subha …,neutral,neutral,75.33
28817,😍 Dino is one of the most amazing puppies we ’ ve seen . It ’ s been a pleasure to be able to see his progress https // t . co / pEviAzYwGg,2,😍 Dino is one of the most amazing puppies we ’ ve seen . It ’ s been a pleasure to be able to see his progress // t . co / pEviAzYwGg,positive,positive,85.51
16719,RT @ luvvjeonjk someone replied me this I'm a PH ARMY it's a big deal for me she's so sweet she even translated it 😩♥️ LANGUAGE is NOT A …,2,RT @ luvvjeonjk someone replied me this I'm a PH ARMY it's a big deal for me she's so sweet she even translated it 😩♥️ LANGUAGE is NOT A …,positive,positive,79.65
17578,@ waglenikhil @ Tejasvi _ Surya Tu gulam hi or gulam rahega murkha bevkuf Desh drohi tu Pappu Khan ka mutre pe or Pakistan ja maderchd,0,@ waglenikhil @ Tejasvi _ Surya Tu gulam hi or gulam rahega murkha bevkuf Desh drohi tu Pappu Khan ka mutre pe or Pakistan ja maderchd,negative,negative,80.84
29540,@ ashutosh83B @ AamAadmiParty @ BJP4India @ narendramodi @ Smita _ Sharma @ sardesairajdeep @ yadavtejashwi @ ghanshyamtiwari … https // t co / jdRQaKl8qv,1,@ ashutosh83B @ AamAadmiParty @ BJP4India @ narendramodi @ Smita _ Sharma @ sardesairajdeep @ yadavtejashwi @ ghanshyamtiwari … // t co / jdRQaKl8qv,neutral,neutral,74.33
39089,@ narendramodi Congratulations Sir . Ab hindusthan jag chuka hai . Ye hindusthan ko age ap hi lekar jayoge . Hum apka sath main he . Jay hind .,1,@ narendramodi Congratulations Sir . Ab hindusthan jag chuka hai . Ye hindusthan ko age ap hi lekar jayoge . Hum apka sath main he . Jay hind .,neutral,positive,85.53
12519,@ narendramodi india mai mera nazar mai srif app 1 hi insaan ho jo kisika v taklif dur kar sakte ho . Plz sir india s … https // t . co / 7nb9VgVmQT,2,@ narendramodi india mai mera nazar mai srif app 1 hi insaan ho jo kisika v taklif dur kar sakte ho . Plz sir india s … // t . co / 7nb9VgVmQT,positive,positive,62.21
21190,@ Mahende67015515 @ myogiadityanath @ MamataOfficial BJP it cell toh chaat ti rehti hai Dange karane k liye baithi hai bc,0,@ Mahende67015515 @ myogiadityanath @ MamataOfficial BJP it cell toh chaat ti rehti hai Dange karane k liye baithi hai bc,negative,negative,80.78
13349,@ Mahende67015515 @ RahulGandhi meena sing tu be kuch shrm kr bagwan ko bich mat la tujh jesi log Hindu Muslim ko lad … https // t . co / N3mCQbfCC8,2,@ Mahende67015515 @ RahulGandhi meena sing tu be kuch shrm kr bagwan ko bich mat la tujh jesi log Hindu Muslim ko lad … // t . co / N3mCQbfCC8,positive,negative,80.3
13015,@ narendramodi @ AmitShah @ BJP4India @ myogiadityanath Congratulations to All 58 MPs . Sabka Saath + Sabka Vikas + Sabka … https // t . co / EIj0RXATOq,2,@ narendramodi @ AmitShah @ BJP4India @ myogiadityanath Congratulations to All 58 MPs . Sabka Saath + Sabka Vikas + Sabka … // t . co / EIj0RXATOq,positive,positive,85.5
26203,@ BeingSalmanKhan good morning salman bhai bhai mera naam fahim khan contect no 9699446969 sir mai actor hu jimmi sh … https // t co / OGAsfMChJj,2,@ BeingSalmanKhan good morning salman bhai bhai mera naam fahim khan contect no 9699446969 sir mai actor hu jimmi sh … // t co / OGAsfMChJj,positive,neutral,61.88
14241,RT @ naveenverma1989 @ ANI @ JITENDRAm18 @ MamataOfficial kitno pe action logi so chanting Jai shree Ram is criminal .... your karma will teach …,1,RT @ naveenverma1989 @ ANI @ JITENDRAm18 @ MamataOfficial kitno pe action logi so chanting Jai shree Ram is criminal .... your karma will teach …,neutral,negative,67.57
28524,@ Sandeep19707202 @ IYC @ RahulGandhi Kaise mansikta h bhai Modiji ne khub ullu banya Hindu Muslim ke naam pe unko pat … https // t co / hqrzQP1nkG,0,@ Sandeep19707202 @ IYC @ RahulGandhi Kaise mansikta h bhai Modiji ne khub ullu banya Hindu Muslim ke naam pe unko pat … // t co / hqrzQP1nkG,negative,negative,80.42
27767,@ PakSarfrazbugti What a win for you ! And these trolls appreciating you You can't come near leave alone with equal … https // t co / 6Xxg5zqQRr,1,@ PakSarfrazbugti What a win for you ! And these trolls appreciating you You can't come near leave alone with equal … // t co / 6Xxg5zqQRr,neutral,positive,85.45
16896,@ AshrafFem @ imMAK02 Kya madrase ka baccha hi atankwad lagta hai Ankers ki nasal inko bhi news ki highlight banaaye,0,@ AshrafFem @ imMAK02 Kya madrase ka baccha hi atankwad lagta hai Ankers ki nasal inko bhi news ki highlight banaaye,negative,negative,79.24
23863,RT @ bandhanbank _ in Big win for Bandhan Bank at the Magna Awards 2019. In the small size category we received the ‘ Best Bank ’ as well as th …,2,RT @ bandhanbank _ in Big win for Bandhan Bank at the Magna Awards 2019. In the small size category we received the ‘ Best Bank ’ as well as th …,positive,neutral,52.52
11542,@ Salmanaliidol @ Jyotica @ sachin @ nitin @ sontv My jaan @ Salmanaliidol obviously I'm extremely excited to watch you … https // t . co / MnrAjBHWMD,1,@ Salmanaliidol @ Jyotica @ sachin @ nitin @ sontv My jaan @ Salmanaliidol obviously I'm extremely excited to watch you … // t . co / MnrAjBHWMD,neutral,positive,84.97
39380,RT @ sujeethsign # Bhagmati Anushka Masss 🔥🔥😎😎 Super best @ UV _ Creations @ madhie1 Sir and @ MusicThaman bro !! ( Super Song on the way 🤘🏼) https //…,2,RT @ sujeethsign # Bhagmati Anushka Masss 🔥🔥😎😎 Super best @ UV _ Creations @ madhie1 Sir and @ MusicThaman bro !! ( Super Song on the way 🤘🏼) //…,positive,positive,85.31
9659,@ NicoleR1706 Of course Nic . Wo smart momo ka chotu hai ... he should not forgets 😃,2,@ NicoleR1706 Of course Nic . Wo smart momo ka chotu hai ... he should not forgets 😃,positive,positive,78.17
26093,@ OMILOVEMYINDIA1 @ Maqboozaa Beta 1990s mt bhul ja . Apne Kashmir ke gadhar hindu ko yad kr smj ayega .,0,@ OMILOVEMYINDIA1 @ Maqboozaa Beta 1990s mt bhul ja . Apne Kashmir ke gadhar hindu ko yad kr smj ayega .,negative,negative,79.6
2651,@ pankhuripathak Tum log lad pate nahi ho ar janta ar media ko dosh dete ho agar tumehe lagta hai media bika hua hai … https // t . co / mWekZ5PBl7,2,@ pankhuripathak Tum log lad pate nahi ho ar janta ar media ko dosh dete ho agar tumehe lagta hai media bika hua hai … // t . co / mWekZ5PBl7,positive,negative,80.83
28316,@ anuragkashyap72 Sanatan dharm sabse Purana dharm hai jo Iss Desh ki neev hai jisme gau-pooja hoti hai and still … https // t co / XY5UCA5IXU,1,@ anuragkashyap72 Sanatan dharm sabse Purana dharm hai jo Iss Desh ki neev hai jisme gau-pooja hoti hai and still … // t co / XY5UCA5IXU,neutral,neutral,60.44
31196,@ ashoupadhyay Media debate me agar argument hota to bohot sahi hota koi problem nhi thi but ek propaganda chalaya j … https // t co / hST5a3dxIX,1,@ ashoupadhyay Media debate me agar argument hota to bohot sahi hota koi problem nhi thi but ek propaganda chalaya j … // t co / hST5a3dxIX,neutral,neutral,61.34
16881,@ TrafficGGM @ singh _ mighty @ dcptrafficggm Concerned TI ko yeh khud dikhai Nahi deta ? Will you take action against the concerned TI as well ?,0,@ TrafficGGM @ singh _ mighty @ dcptrafficggm Concerned TI ko yeh khud dikhai Nahi deta ? Will you take action against the concerned TI as well ?,negative,neutral,63.37
25378,@ RudraTheStorm @ Ravikan03251268 @ narendramodi Kuch nahi bas 10 sal ye mauj kar k jayega bjp ko permanent tata bye b … https // t . co / OAgqnzTvKF,1,@ RudraTheStorm @ Ravikan03251268 @ narendramodi Kuch nahi bas 10 sal ye mauj kar k jayega bjp ko permanent tata bye b … // t . co / OAgqnzTvKF,neutral,neutral,62.05
31735,RT @ iamqaribali Keep calm and celebrate on your own Coz Its my birthday @ iamqaribali HAPPY BIRTHDAY TO ME 🎂 https // t . co / 3XWT1yvNZO,2,RT @ iamqaribali Keep calm and celebrate on your own Coz Its my birthday @ iamqaribali HAPPY BIRTHDAY TO ME 🎂 // t . co / 3XWT1yvNZO,positive,positive,85.34
38431,@ SirJotham Not all alcoholics knows this 👀😂😂😂 Yeah I ’ m referring it to you Kamlesh 😂,1,@ SirJotham Not all alcoholics knows this 👀😂😂😂 Yeah I ’ m referring it to you Kamlesh 😂,neutral,neutral,75.35
17527,@ SarfarazA _ 54 Best of luck for next matches gusa b tha .. lekin in sha Allah ap jeeto gay # BleedGreen,2,@ SarfarazA _ 54 Best of luck for next matches gusa b tha .. lekin in sha Allah ap jeeto gay # BleedGreen,positive,positive,84.85
14448,@ don _ donnut aww so sweet uwu i'll bring sth anyways kdkxdk,2,@ don _ donnut aww so sweet uwu i'll bring sth anyways kdkxdk,positive,positive,83.78
17124,@ trivedideepa06 Hinduo ke vote se jit hui bhaisab ki Jada muslim hiteshi mt bno nhi to Agli bar vijendra si … https // t co / yqxDfaSFX0,0,@ trivedideepa06 Hinduo ke vote se jit hui bhaisab ki Jada muslim hiteshi mt bno nhi to Agli bar vijendra si … // t co / yqxDfaSFX0,negative,neutral,60.7
27235,@ hamada _ najar 1/ Hi Mohammed good to meet you I'm from the Midlands in UK Our Country is a bit chaotic at the … https // t co / j6KHHDIiAk,2,@ hamada _ najar 1/ Hi Mohammed good to meet you I'm from the Midlands in UK Our Country is a bit chaotic at the … // t co / j6KHHDIiAk,positive,neutral,70.11
39275,@ SrBachchan as YOU SIR looks in all beatiful person in KBC,1,@ SrBachchan as YOU SIR looks in all beatiful person in KBC,neutral,positive,85.46
28852,@ BeingSalmanKhan Love you Bhaijan 1week to go Bharat,2,@ BeingSalmanKhan Love you Bhaijan 1week to go Bharat,positive,positive,85.43
16174,@ ankitvdsi @ Balveer16911377 @ ani _ digital @ ANI bhai problem inse ni h problem ye h ki hum hindu hmesha ye krte rhte … https // t . co / SaA9XqDE2W,2,@ ankitvdsi @ Balveer16911377 @ ani _ digital @ ANI bhai problem inse ni h problem ye h ki hum hindu hmesha ye krte rhte … // t . co / SaA9XqDE2W,positive,neutral,75.07
40820,@ LambaAlka Congress ke time par vo bhi nhi thi ..! Aur sun total MP ’ s of BJP btaaa ??? Agar himat hai toh jawab de,1,@ LambaAlka Congress ke time par vo bhi nhi thi ..! Aur sun total MP ’ s of BJP btaaa ??? Agar himat hai toh jawab de,neutral,neutral,66.31
40593,Why to give this traitor so much importance ... Kuttay ki mout Maro aur qissa khatam # PunishMohsinNow,0,Why to give this traitor so much importance ... Kuttay ki mout Maro aur qissa khatam # PunishMohsinNow,negative,negative,80.8
4102,@ ImranKhanPTI Ghabrana Nahi 1992 World Cup mein bhe West Indies ne toss jeet kar Pakistan ko batting karwai thee # CWC2019 # PAKvWI,2,@ ImranKhanPTI Ghabrana Nahi 1992 World Cup mein bhe West Indies ne toss jeet kar Pakistan ko batting karwai thee # CWC2019 # PAKvWI,positive,neutral,70.57
31713,RT @ kuldeep956878 Aane wale 100 days new india ke liye bhut hi aham hone wale hain . E commerse sector aur oils's main apko bhut utar - chad …,2,RT @ kuldeep956878 Aane wale 100 days new india ke liye bhut hi aham hone wale hain . E commerse sector aur oils's main apko bhut utar - chad …,positive,neutral,73.76
25586,@ niiravmodi @ vinodkapri @ TV9Bharatvarsh @ Journalist _ Inna Trial ke nervous feel nahi ho Raha kya ?,1,@ niiravmodi @ vinodkapri @ TV9Bharatvarsh @ Journalist _ Inna Trial ke nervous feel nahi ho Raha kya ?,neutral,neutral,72.7
6602,@ Ra _ THORe heartly congratulations sir I am one of your support from Jaipur kunda . I need help last one year I m co … https // t . co / 7Ccqdpe8U9,1,@ Ra _ THORe heartly congratulations sir I am one of your support from Jaipur kunda . I need help last one year I m co … // t . co / 7Ccqdpe8U9,neutral,positive,85.5
2157,# TuDeshMera Can't wait ti near it ! Jai hind !,2,# TuDeshMera Can't wait ti near it ! Jai hind !,positive,positive,64.97
26400,@ manakgupta @ ikamalhaasan Manak Gupta is BJP ka Sabse bada kutta .... bhokne . Ke sivay kuch nahi aata hai ... Bhasa ch … https // t . co / 9iiXyOludl,0,@ manakgupta @ ikamalhaasan Manak Gupta is BJP ka Sabse bada kutta .... bhokne . Ke sivay kuch nahi aata hai ... Bhasa ch … // t . co / 9iiXyOludl,negative,negative,80.85
12612,@ AamirKhanIndFC Tum jio hajaro saal Thanks a imrakhan and your full family,2,@ AamirKhanIndFC Tum jio hajaro saal Thanks a imrakhan and your full family,positive,positive,85.4
3513,@ manakgupta Feku aur ec ne milar desh ko ullu banaya aur aakdo me Hara phir karke khud ki government banai pata hai … https // t . co / 0HUSZr24M4,0,@ manakgupta Feku aur ec ne milar desh ko ullu banaya aur aakdo me Hara phir karke khud ki government banai pata hai … // t . co / 0HUSZr24M4,negative,negative,80.77
16052,@ Pun _ Starr In gadho ko batao obama ab president president nahi hai aur usney badhai sandesh bhi nahi bheje,1,@ Pun _ Starr In gadho ko batao obama ab president president nahi hai aur usney badhai sandesh bhi nahi bheje,neutral,neutral,74.24
23666,@ sensexbaba @ SumitResearch @ CNBC _ Awaaz @ NeerajCNBC Shail sir good job . nice information . old market yad aa Gaya . Nice one .,2,@ sensexbaba @ SumitResearch @ CNBC _ Awaaz @ NeerajCNBC Shail sir good job . nice information . old market yad aa Gaya . Nice one .,positive,positive,85.37
37677,RT @ Hussorks @ Akkian _ Beast @ akshaykMartial Bhaitards ka paltu kutta hai ye @ SuperADianNitin Ajay pe tweet karo toh 5 retweet nahi aate Aks …,0,RT @ Hussorks @ Akkian _ Beast @ akshaykMartial Bhaitards ka paltu kutta hai ye @ SuperADianNitin Ajay pe tweet karo toh 5 retweet nahi aate Aks …,negative,negative,80.44
45149,@ jahangir _ mallik @ kmsingh1963 @ BhootSantosh Modi ji ne awas Yojana bhi bnayi hai ... Kafi logon ne iska laab v Liya hai ...,1,@ jahangir _ mallik @ kmsingh1963 @ BhootSantosh Modi ji ne awas Yojana bhi bnayi hai ... Kafi logon ne iska laab v Liya hai ...,neutral,neutral,64.92
32517,@ DesolateCranium Mai cheez he aisi hoon I hear this cheesy one all the time . And I laugh and agree .,2,@ DesolateCranium Mai cheez he aisi hoon I hear this cheesy one all the time . And I laugh and agree .,positive,positive,75.61
40392,@ Itsybitsymaham _ Thank you so much for the appreciation glad to hear that and means a lot to me 😌❤️ All the love a … https // t co / ZcLcLEZyif,1,@ Itsybitsymaham _ Thank you so much for the appreciation glad to hear that and means a lot to me 😌❤️ All the love a … // t co / ZcLcLEZyif,neutral,positive,85.54
29049,EID MUBARAK - (ঈদ_মোবারক) - Bangla Dj Remix Song - SHAKIB KHAN - BUBLY P ... https // t . co / OftIEaZnZP via @ YouTube,2,EID MUBARAK - (ঈদ_মোবারক) - Bangla Dj Remix Song - SHAKIB KHAN - BUBLY P ... // t . co / OftIEaZnZP via @ YouTube,positive,neutral,58.48
42902,@ Shailes36598585 @ BoduBD4452 Beta mai aa gaya .. Mai thora busy kiya ho gaya sale aapas me hi raatbhar marwane lag g … https // t . co / hkACc37iVk,0,@ Shailes36598585 @ BoduBD4452 Beta mai aa gaya .. Mai thora busy kiya ho gaya sale aapas me hi raatbhar marwane lag g … // t . co / hkACc37iVk,negative,negative,77.44
14436,RT @ Sami _ lsrk Mere liye 1 emoji 😚 meri zindagi 😍 sabki jaan 🔥 good looking 💔 dukhi aatma 😏 Attitude 😙 mehfil ki jaan 😡 matlabi 👀 flirty 🌹 most ca …,1,RT @ Sami _ lsrk Mere liye 1 emoji 😚 meri zindagi 😍 sabki jaan 🔥 good looking 💔 dukhi aatma 😏 Attitude 😙 mehfil ki jaan 😡 matlabi 👀 flirty 🌹 most ca …,neutral,positive,82.63
21923,@ SarfarazA _ 54 Dukh to hamen bhe bht howa h lekin dill se best of luck 👍👍 tum jeeto ya haaro hamain tum se pyaar h ...🤩… https // t . co / uPwNc3wDMn,2,@ SarfarazA _ 54 Dukh to hamen bhe bht howa h lekin dill se best of luck 👍👍 tum jeeto ya haaro hamain tum se pyaar h ...🤩… // t . co / uPwNc3wDMn,positive,positive,85.52
13114,DostonAssalaam o Alaikum . Good Evening . aap jante hai hindutva wadi sangthan ko Jay siya ram kahne se keyon parhez … https // t . co / 7tO5awjV5h,0,DostonAssalaam o Alaikum . Good Evening . aap jante hai hindutva wadi sangthan ko Jay siya ram kahne se keyon parhez … // t . co / 7tO5awjV5h,negative,neutral,52.51
28425,@ imtiaz _ jaleel congratulations bhaijan mubarak ho ap din dugni rat chauguni tarki kare,2,@ imtiaz _ jaleel congratulations bhaijan mubarak ho ap din dugni rat chauguni tarki kare,positive,positive,85.47
13845,@ narendramodi SHRIMAAN MODI JI NAMASKAAR JI PAHACHANO APNEY PARAM MITRA MOHANPAL PANDIT JI VILLAGE MAWAI FARIDABAD … https // t co / K6K16R3drF,1,@ narendramodi SHRIMAAN MODI JI NAMASKAAR JI PAHACHANO APNEY PARAM MITRA MOHANPAL PANDIT JI VILLAGE MAWAI FARIDABAD … // t co / K6K16R3drF,neutral,positive,82.56
27436,Yaadgari episode aaj ka ro pae . sabhi hum genie gulbdn aamy omaar bulbul chacha 1 no hit episode mubark neerj vy … https // t . co / yBgqAn06JJ,2,Yaadgari episode aaj ka ro pae . sabhi hum genie gulbdn aamy omaar bulbul chacha 1 no hit episode mubark neerj vy … // t . co / yBgqAn06JJ,positive,positive,80.88
6829,@ ProfYogendra @ squintneon “ Uncle you ’ re my father ’ s age and the bhakti lesson you impart makes you worthy of respe … https // t . co / PwuZW0wLuS,2,@ ProfYogendra @ squintneon “ Uncle you ’ re my father ’ s age and the bhakti lesson you impart makes you worthy of respe … // t . co / PwuZW0wLuS,positive,positive,84.34
18726,Jay hind Jay Bharat Vandemataram Jay sree Ram Assalamolaikum Bismilla-e-rahamat-ullah 🇮🇳🇮🇳🇮🇳🇮🇳🇮🇳🇮🇳🇮🇳🇮🇳🇮🇳🇮🇳🇮🇳🇮🇳… https // t . co / m1av9jabdE,2,Jay hind Jay Bharat Vandemataram Jay sree Ram Assalamolaikum Bismilla-e-rahamat-ullah 🇮🇳🇮🇳🇮🇳🇮🇳🇮🇳🇮🇳🇮🇳🇮🇳🇮🇳🇮🇳🇮🇳🇮🇳… // t . co / m1av9jabdE,positive,positive,84.52
21999,Hahahaha @ GauravPandhi Yeh Smriti hai ji ..... Ab yeh fake tweets nahi chalegi https // t . co / InP1ClCYxX,2,Hahahaha @ GauravPandhi Yeh Smriti hai ji ..... Ab yeh fake tweets nahi chalegi // t . co / InP1ClCYxX,positive,positive,48.39
10210,Best of luck for the next koi issue ni k kaali andhi sy hary next me barish ki trha barsy gy hmm # SarfarazAhmed,2,Best of luck for the next koi issue ni k kaali andhi sy hary next me barish ki trha barsy gy hmm # SarfarazAhmed,positive,positive,84.2
33890,@ kjaneb15 @ KizziaCzarina God bless your heart BaJane . Praying with you . 🙏🏼,2,@ kjaneb15 @ KizziaCzarina God bless your heart BaJane . Praying with you . 🙏🏼,positive,positive,85.51
14022,@ thewirehindi Mujhe yeh samajh nahi ata ki yeh kaise log apne dharam ki dhajiyan uda rahe hai Kya massage de rahe h … https // t co / 7Fj11ciyeq,0,@ thewirehindi Mujhe yeh samajh nahi ata ki yeh kaise log apne dharam ki dhajiyan uda rahe hai Kya massage de rahe h … // t co / 7Fj11ciyeq,negative,negative,78.28
44068,RT @ thekochipost Sabka Saath Sabka Vikas Sabka Viswas | @ JasoosKutty https // t . co / Rdkc8RQ58z,1,RT @ thekochipost Sabka Saath Sabka Vikas Sabka Viswas | @ JasoosKutty // t . co / Rdkc8RQ58z,neutral,positive,84.04
15615,@ ppbajpai Kal ko kahega khud hi voting karvao or sarkar banalo Bhai apni expried ho chuki tarikh ko renew karva raha he Communist,0,@ ppbajpai Kal ko kahega khud hi voting karvao or sarkar banalo Bhai apni expried ho chuki tarikh ko renew karva raha he Communist,negative,neutral,72.33
43308,@ drmlko25 @ rpfcrbsl @ drmbsbner @ RailwaySeva @ AjitChaursiya3 @ CMSBSB1 @ drmncrald Sir aapse ek nivedan hai abhi ab … https // t co / MuGtU5VW95,1,@ drmlko25 @ rpfcrbsl @ drmbsbner @ RailwaySeva @ AjitChaursiya3 @ CMSBSB1 @ drmncrald Sir aapse ek nivedan hai abhi ab … // t co / MuGtU5VW95,neutral,neutral,74.41
22655,5sal mein itna kuch ho kar bhi agar phir Modi humara PM hai to seriously congratulations modi ji apne sach mein me … https // t co / IboofnOnPp,2,5sal mein itna kuch ho kar bhi agar phir Modi humara PM hai to seriously congratulations modi ji apne sach mein me … // t co / IboofnOnPp,positive,positive,85.45
15560,@ Braju33 @ kkhushal9 Jo evm ki sarkaar ke dalal hai wo toh debate nahi karenge or jo debate karenge wo desh drohi ba … https // t co / OPYsdn06LP,0,@ Braju33 @ kkhushal9 Jo evm ki sarkaar ke dalal hai wo toh debate nahi karenge or jo debate karenge wo desh drohi ba … // t co / OPYsdn06LP,negative,negative,79.89
42539,@ RANAUTKANGNAHP Kangana aaj apki manikarnika dekhi aap sach me jhasi ki rani lag rahi thi you are my best actress … https // t . co / ricmuIwkkJ,1,@ RANAUTKANGNAHP Kangana aaj apki manikarnika dekhi aap sach me jhasi ki rani lag rahi thi you are my best actress … // t . co / ricmuIwkkJ,neutral,positive,85.19
21916,@ DilipGhoshBJP Dilip ghosh jindabad . Bjp jindabad . Narendra Modi jindabad . Narendra Modi jindabad .,2,@ DilipGhoshBJP Dilip ghosh jindabad . Bjp jindabad . Narendra Modi jindabad . Narendra Modi jindabad .,positive,positive,85.0
35306,RT @ hafsayy _ 72 Ap k liye jo bhi kahun km hai 🙈 Thanks for always be there in my hardships ... ❤ you better know how to deal my mood s …,1,RT @ hafsayy _ 72 Ap k liye jo bhi kahun km hai 🙈 Thanks for always be there in my hardships ... ❤ you better know how to deal my mood s …,neutral,positive,85.26
13403,@ priyankagandhi Madam aj ke yuwa ne jab pakoda talne wali Sarkar ko chuna hai is tarah ki cheezen to hongi hi it … https // t . co / zMo8ay4zMi,0,@ priyankagandhi Madam aj ke yuwa ne jab pakoda talne wali Sarkar ko chuna hai is tarah ki cheezen to hongi hi it … // t . co / zMo8ay4zMi,negative,neutral,73.66
21141,@ ur _ n1ghtmare @ urbandictionary lagta hai office me electricity chli gyi hai iske 😭😂😂,2,@ ur _ n1ghtmare @ urbandictionary lagta hai office me electricity chli gyi hai iske 😭😂😂,positive,neutral,71.89
17999,@ ShefVaidya @ Tejasvi _ Surya Mam a huge fan 👐 Have a biggest wish to meet you Staying in Pune only kabhi gareeb par kripa kardo !! 🙏☺,2,@ ShefVaidya @ Tejasvi _ Surya Mam a huge fan 👐 Have a biggest wish to meet you Staying in Pune only kabhi gareeb par kripa kardo !! 🙏☺,positive,positive,85.42
16754,RT @ Kalpesh63520042 @ MaheshSurwase17 @ SushilModi Desh me Hindu dharm ki raksha karne valo ko hi jhute aropo me fasaya ja raha hai # WeSuppo …,1,RT @ Kalpesh63520042 @ MaheshSurwase17 @ SushilModi Desh me Hindu dharm ki raksha karne valo ko hi jhute aropo me fasaya ja raha hai # WeSuppo …,neutral,negative,63.01
10145,# CONGRATULATIONS ! FOR ALL NEW UPCOMING LUCKY COUPLES UNDER SOCIAL WELFARE COMMETTEE NAME - Bharosha Marriage … https // t co / Yn8C2IjCOp,2,# CONGRATULATIONS ! FOR ALL NEW UPCOMING LUCKY COUPLES UNDER SOCIAL WELFARE COMMETTEE NAME - Bharosha Marriage … // t co / Yn8C2IjCOp,positive,positive,82.4
33458,@ yarmiahbukhari lol . but i keep telling everyone kai they ’ ve the best pizza . and they truly do on most of the days … https // t . co / 3daSwiQ4rn,2,@ yarmiahbukhari lol . but i keep telling everyone kai they ’ ve the best pizza . and they truly do on most of the days … // t . co / 3daSwiQ4rn,positive,positive,84.39
17481,Ulta Beauty is hiring our newest professional in # Peoria AZ . We would love to connect with you ! If interested cli … https // t . co / 0cQi5JXSOS,1,Ulta Beauty is hiring our newest professional in # Peoria AZ . We would love to connect with you ! If interested cli … // t . co / 0cQi5JXSOS,neutral,positive,84.18
43285,@ awasthis Yes Modi ji policy hai sabka sath sabka vikash + sabka viswas = Modi ji,1,@ awasthis Yes Modi ji policy hai sabka sath sabka vikash + sabka viswas = Modi ji,neutral,positive,84.64
33288,RT @ goruinsa3 @ mpawanbijarnia @ ImKasam _ insan1 @ Gurmeetramrahim @ derasachasauda @ ImSuresh _ insan Happy Birthday Sister May Sohne satguru ji …,2,RT @ goruinsa3 @ mpawanbijarnia @ ImKasam _ insan1 @ Gurmeetramrahim @ derasachasauda @ ImSuresh _ insan Happy Birthday Sister May Sohne satguru ji …,positive,positive,84.82
16385,RT @ JL _ Kdiamond [ Eng Sub ] FULL INSIGHT by Bang Shi Bhuk PD on BTS & the production One of the best insightful documentaries about BTS & Bi …,2,RT @ JL _ Kdiamond [ Eng Sub ] FULL INSIGHT by Bang Shi Bhuk PD on BTS & the production One of the best insightful documentaries about BTS & Bi …,positive,positive,66.59
18242,@ jawadahmadone Aik singer r dancer ko kia pta k Muslim Umma ka dard kia hta h . Tm stage performer ho whi rho . Apni … https // t . co / 31cnY23ygw,0,@ jawadahmadone Aik singer r dancer ko kia pta k Muslim Umma ka dard kia hta h . Tm stage performer ho whi rho . Apni … // t . co / 31cnY23ygw,negative,neutral,72.62
884,@ ibne _ haytham @ SnehaNa13439620 @ Raqibsyed1 @ SabahKashmiri @ Ibne _ Sena @ ZakirKhan012 Kuch Yaad Aaya https // tco / DAWi4YG59f,1,@ ibne _ haytham @ SnehaNa13439620 @ Raqibsyed1 @ SabahKashmiri @ Ibne _ Sena @ ZakirKhan012 Kuch Yaad Aaya // tco / DAWi4YG59f,neutral,neutral,72.43
28622,RT @ incorrect _ 1997 interviewer hi my name is jonnaton - jungkook ok ask me how much I love jonn interviewer how much do you love jo …,1,RT @ incorrect _ 1997 interviewer hi my name is jonnaton - jungkook ok ask me how much I love jonn interviewer how much do you love jo …,neutral,neutral,55.64
14470,Mid thirties me shadi krna I think advantage offer krta hai Guests khud me interested rhte hai bride groom ko zyda pareshan nhe krte,1,Mid thirties me shadi krna I think advantage offer krta hai Guests khud me interested rhte hai bride groom ko zyda pareshan nhe krte,neutral,neutral,73.89
14346,@ pawankyadav @ Swamy39 @ AmitRoy20121996 Aree Bhai har insaan ki alag seemaye hain .... kaion ke jahan khatam hote ha … https // t . co / VGtI9aO4x0,1,@ pawankyadav @ Swamy39 @ AmitRoy20121996 Aree Bhai har insaan ki alag seemaye hain .... kaion ke jahan khatam hote ha … // t . co / VGtI9aO4x0,neutral,neutral,73.73
27345,@ mesilviya @ FlyYeti @ thesanjiv @ devilruck It'll be a gift for you guys la jityo bhane haha,1,@ mesilviya @ FlyYeti @ thesanjiv @ devilruck It'll be a gift for you guys la jityo bhane haha,neutral,positive,83.29
20278,@ AmitShah @ narendramodi Aapko aur Manya Pradhan Mantri Ji ko shapath grahan ki bahut bahut shubhkamnaye aur 2024 Ke … https // t . co / Er8MK93szx,2,@ AmitShah @ narendramodi Aapko aur Manya Pradhan Mantri Ji ko shapath grahan ki bahut bahut shubhkamnaye aur 2024 Ke … // t . co / Er8MK93szx,positive,positive,85.49
13794,@ SHABAZGIL @ asif _ na88 Ns ka nazria hi vote ko izat do mgr jaly Dr ye tery smjh m nahi aega . Ab ye corruption ka j … https // t . co / bQmyXe2cfU,0,@ SHABAZGIL @ asif _ na88 Ns ka nazria hi vote ko izat do mgr jaly Dr ye tery smjh m nahi aega . Ab ye corruption ka j … // t . co / bQmyXe2cfU,negative,negative,79.67
1505,@ asadowaisi How come he was the first man . What about earlier incidents .. Ab inke Naam se roti pel raha hai ... Shame on you,0,@ asadowaisi How come he was the first man . What about earlier incidents .. Ab inke Naam se roti pel raha hai ... Shame on you,negative,negative,80.72
6768,@ sherryontopp Behan ke lodey dekh tere chahte Pakistan mein hinduo ka bina mushkil ho gaya Ram Kal ki 2 betiyon ka … https // t co / pkYdrFFj17,0,@ sherryontopp Behan ke lodey dekh tere chahte Pakistan mein hinduo ka bina mushkil ho gaya Ram Kal ki 2 betiyon ka … // t co / pkYdrFFj17,negative,negative,77.83
14940,@ MaaaD __ hun yeah some are dead but interact nhi krty koi b,1,@ MaaaD __ hun yeah some are dead but interact nhi krty koi b,neutral,neutral,73.39
18940,@ SushmaSwaraj Mam we will miss you .... Allah blessed you aap hamesa healthy rahain aapko hum sabki umar lag Jaye .,2,@ SushmaSwaraj Mam we will miss you .... Allah blessed you aap hamesa healthy rahain aapko hum sabki umar lag Jaye .,positive,positive,85.54
11520,@ sambitswaraj Mujhe aapke har ka bahut dukh hua hai . BHAGWAN JAGANNATH ki jaisi ichchha ............ JAI JAGANNATH ...… https // t . co / xv3eoc34rS,1,@ sambitswaraj Mujhe aapke har ka bahut dukh hua hai . BHAGWAN JAGANNATH ki jaisi ichchha ............ JAI JAGANNATH ...… // t . co / xv3eoc34rS,neutral,positive,85.29
3765,Mas excited pako makuha yung skin kesa pasukan hahahaha,1,Mas excited pako makuha yung skin kesa pasukan hahahaha,neutral,neutral,71.51
1150,@ republic He is a bemaar bhikhari kutta why was he dying dub his stupid movies in hindi no wonder the people of tn … https // t . co / jj2g6rNBHr,1,@ republic He is a bemaar bhikhari kutta why was he dying dub his stupid movies in hindi no wonder the people of tn … // t . co / jj2g6rNBHr,neutral,negative,80.8
21639,@ narendramodi sir me vote apko diya hu mera ek demand ki ye private company jo btech wale ko 11k / 12k me kaam krwat … https // t . co / ROOZHDU8Tv,1,@ narendramodi sir me vote apko diya hu mera ek demand ki ye private company jo btech wale ko 11k / 12k me kaam krwat … // t . co / ROOZHDU8Tv,neutral,neutral,74.57
1160,@ GAUAHAR _ KHAN Kal tak tumse log freedom maang rahe the ki jise jo pehenna hai jise jo khana h . Aj sarfaraz ne apne … https // t . co / 7K6YDopiWq,1,@ GAUAHAR _ KHAN Kal tak tumse log freedom maang rahe the ki jise jo pehenna hai jise jo khana h . Aj sarfaraz ne apne … // t . co / 7K6YDopiWq,neutral,negative,80.81
31028,RT @ JodiStaMaria Lord I need you to teach me how to love . I haven ’ t been doing a good job at it . Plant your seed of love in my heart and …,1,RT @ JodiStaMaria Lord I need you to teach me how to love . I haven ’ t been doing a good job at it . Plant your seed of love in my heart and …,neutral,positive,82.43
35331,@ Squirrel _ Soul @ Mini _ lama _ 2 @ dodo Kasauti zindagi ki 😵😱😭 kabhi nahi koi saas bahu serial nahi dekhti main kabhi nahi dekha,1,@ Squirrel _ Soul @ Mini _ lama _ 2 @ dodo Kasauti zindagi ki 😵😱😭 kabhi nahi koi saas bahu serial nahi dekhti main kabhi nahi dekha,neutral,neutral,72.76
15315,Ye log toh apne se jyda creative hai bc ye meme use hi nhi kiya humne kabhi https // t co / 6yF37f8505,0,Ye log toh apne se jyda creative hai bc ye meme use hi nhi kiya humne kabhi // t co / 6yF37f8505,negative,neutral,73.46
15719,@ chanbaekdt para kaisa nalang HAHAHAHAHAHA imposible man i love them all equally,2,@ chanbaekdt para kaisa nalang HAHAHAHAHAHA imposible man i love them all equally,positive,positive,85.48
28123,@ yadavdimples @ priyankagandhi Tu Randi chup kar Sali ghar ki aurat hai ghar me hi reh Warna Tera pati ka lauda kat … https // t . co / QRYrp9YKjH,0,@ yadavdimples @ priyankagandhi Tu Randi chup kar Sali ghar ki aurat hai ghar me hi reh Warna Tera pati ka lauda kat … // t . co / QRYrp9YKjH,negative,negative,80.81
34373,@ cricketaakash Pak wl bounce back vry hard .... Gud sign amir in form ... Be scared rohit nd kholi 😜,1,@ cricketaakash Pak wl bounce back vry hard .... Gud sign amir in form ... Be scared rohit nd kholi 😜,neutral,neutral,66.19
12995,@ Juttrockes @ RT _ com Bc decide ker lo . Aal e sauds are killers or saints ? .. jb wo pakistan aya tha to saron be do c … https // t . co / iJFsE6HwX5,0,@ Juttrockes @ RT _ com Bc decide ker lo . Aal e sauds are killers or saints ? .. jb wo pakistan aya tha to saron be do c … // t . co / iJFsE6HwX5,negative,negative,79.71
22202,@ narendramodi You have made Atalji proud as your predecessor Bengal is waiting We simply want swarg hua hai in bengal,2,@ narendramodi You have made Atalji proud as your predecessor Bengal is waiting We simply want swarg hua hai in bengal,positive,positive,85.33
27677,@ MahomaHussain Amiiiiin Ya Rabbi Al'Amin .. Jazzarkhallahu Khair for the dua May Allah Bless You With All Good Thin … https // t . co / CWqHPd6N62,1,@ MahomaHussain Amiiiiin Ya Rabbi Al'Amin .. Jazzarkhallahu Khair for the dua May Allah Bless You With All Good Thin … // t . co / CWqHPd6N62,neutral,positive,85.47
7776,@ MirwaizKashmir Q be madarchod ramadan mai goli nahi maarsakte lekin terroist ko bachane k liye pathhar fek sakte h … https // t co / CllQ2gQ5rZ,0,@ MirwaizKashmir Q be madarchod ramadan mai goli nahi maarsakte lekin terroist ko bachane k liye pathhar fek sakte h … // t co / CllQ2gQ5rZ,negative,negative,77.28
37754,RT @ hero _ gum @ OfficialDGISPR O jnab hum jantay Hain ap log dollars ki khatir apni maa ko bhi bech sakty ho Jo 70 sal se tum log bechtay a …,0,RT @ hero _ gum @ OfficialDGISPR O jnab hum jantay Hain ap log dollars ki khatir apni maa ko bhi bech sakty ho Jo 70 sal se tum log bechtay a …,negative,negative,78.36
16687,@ ArvindKejriwal Hahahaha Joke of the day ! 100 chuhe kha ke billi HUZ ko chali .... Sad ji AAP toh rehne do .. Pakista … https // t . co / szqNqA9m0K,2,@ ArvindKejriwal Hahahaha Joke of the day ! 100 chuhe kha ke billi HUZ ko chali .... Sad ji AAP toh rehne do .. Pakista … // t . co / szqNqA9m0K,positive,negative,64.67
14677,Sharam ka muqaam chor khaandaan ! Laanat 🖐🏼🖐🏼🖐🏼 Bajaye iss k apnay baap ki chorion pay usay jail chhorr kar aye besh … https // t . co / SjLf0HdLUW,0,Sharam ka muqaam chor khaandaan ! Laanat 🖐🏼🖐🏼🖐🏼 Bajaye iss k apnay baap ki chorion pay usay jail chhorr kar aye besh … // t . co / SjLf0HdLUW,negative,negative,80.78
39823,@ narendramodi Thanks You are best PM Appko mera pronam,2,@ narendramodi Thanks You are best PM Appko mera pronam,positive,positive,85.46
25726,RT @ MaheshNBhatt # VeeruDevgan & I began our career together in the 70 ’ s “ Make Ajay a great actor ” I remember him telling me after Ajay ’ s …,1,RT @ MaheshNBhatt # VeeruDevgan & I began our career together in the 70 ’ s “ Make Ajay a great actor ” I remember him telling me after Ajay ’ s …,neutral,neutral,65.72
13185,@ sanjay _ vidrohi Good Wish for the better Luck @ sanjay _ vidrohi vaiya,2,@ sanjay _ vidrohi Good Wish for the better Luck @ sanjay _ vidrohi vaiya,positive,positive,85.34
14375,@ Ranapmln33 Himat nhi zalalt he qk tax chor to tm log khud ho harsm khoro,0,@ Ranapmln33 Himat nhi zalalt he qk tax chor to tm log khud ho harsm khoro,negative,negative,80.85
17043,@ GautamGambhir sir you are great jeet khushi mein subhkamnaye aur dher sara pyar 🇮🇳❤️✌️ https // t . co / eWfncteQSY,2,@ GautamGambhir sir you are great jeet khushi mein subhkamnaye aur dher sara pyar 🇮🇳❤️✌️ // t . co / eWfncteQSY,positive,positive,85.53
44880,@ drshamamohd @ INCIndia @ BJP4India Akkal ke andhe !!! Paaltu kutto ki tarah dum hilana band karo !!! Supreme Court ne … https // t . co / qm76umYWLs,0,@ drshamamohd @ INCIndia @ BJP4India Akkal ke andhe !!! Paaltu kutto ki tarah dum hilana band karo !!! Supreme Court ne … // t . co / qm76umYWLs,negative,negative,80.68
5944,@ Swamy39 Sir agar aap fm ban Jate to bombino buddhu bc pucca chor vegarah ko jail kaun bhejta .. aap isi role Mai bdi … https // t . co / khoVDwIN89,0,@ Swamy39 Sir agar aap fm ban Jate to bombino buddhu bc pucca chor vegarah ko jail kaun bhejta .. aap isi role Mai bdi … // t . co / khoVDwIN89,negative,negative,80.65
10481,Nice Song ( y ) Bekhayali mein bhi tera hi khayaal aaye .... Kyun bichhadna hai zaroori ye sawaal aaye .... https // t . co / goCEH7HcOn,2,Nice Song ( y ) Bekhayali mein bhi tera hi khayaal aaye .... Kyun bichhadna hai zaroori ye sawaal aaye .... // t . co / goCEH7HcOn,positive,neutral,71.28
28256,@ asheeshtiwari28 @ PMOIndia Ek sarkar ko 70 sal diye the .. Dusari sarkar ko 7 sal to dedo bhai ..... Suhagrat ke bad … https // t . co / 1MVaG5NbNc,1,@ asheeshtiwari28 @ PMOIndia Ek sarkar ko 70 sal diye the .. Dusari sarkar ko 7 sal to dedo bhai ..... Suhagrat ke bad … // t . co / 1MVaG5NbNc,neutral,neutral,56.39
7272,@ TalhaGhouri786 @ shahidmemon20 Hamyat tu khota khor corrupt ganje ki bhi kerte thy kia ukhar lia unhon ne Lanat tere te patwari,0,@ TalhaGhouri786 @ shahidmemon20 Hamyat tu khota khor corrupt ganje ki bhi kerte thy kia ukhar lia unhon ne Lanat tere te patwari,negative,negative,80.75
26366,@ narendramodi Param Aaderniya Shri Modi Ji . 1997 mein Purv Pardhan-Mantri Swargiya Sh . Atal Bihari Bajpai Ji ne San … https // t . co / EhzPmO1xgq,2,@ narendramodi Param Aaderniya Shri Modi Ji . 1997 mein Purv Pardhan-Mantri Swargiya Sh . Atal Bihari Bajpai Ji ne San … // t . co / EhzPmO1xgq,positive,neutral,49.08
24329,Fuck this team and management bc bezt krwate rehty hen hamesha khelne ni hota to mujra krne ku Chale jate ho udr # PAKvWI,0,Fuck this team and management bc bezt krwate rehty hen hamesha khelne ni hota to mujra krne ku Chale jate ho udr # PAKvWI,negative,negative,80.82
24849,RT @ nsitharaman Wishing Shri @ nitin _ gadkari a very happy birthday My prayers for a long and healthy life Your dedication and hard work …,2,RT @ nsitharaman Wishing Shri @ nitin _ gadkari a very happy birthday My prayers for a long and healthy life Your dedication and hard work …,positive,positive,85.54
2482,@ anandvijay210 @ CMJoshi108 @ sardesairajdeep Yadavo ko delhi se bhagao sale apne gaw jaa dudh bech bc,2,@ anandvijay210 @ CMJoshi108 @ sardesairajdeep Yadavo ko delhi se bhagao sale apne gaw jaa dudh bech bc,positive,negative,80.79
17013,70% Bunny hoon Travel Time hi nahi milta Adventure Nahi i m peace loving Dance itna nahi ata TP ke liye ata hai … https // t co / Vb1WqeWPpB,1,70% Bunny hoon Travel Time hi nahi milta Adventure Nahi i m peace loving Dance itna nahi ata TP ke liye ata hai … // t co / Vb1WqeWPpB,neutral,neutral,71.72
27243,# akak Musical songs 🎶🎶🎧📻🎵🎼 Thank you so much Anmol nice story Very nice song Enjoying so much 👌👌👌👏👏 Musical … https // t co / e4vxkiDMuh,2,# akak Musical songs 🎶🎶🎧📻🎵🎼 Thank you so much Anmol nice story Very nice song Enjoying so much 👌👌👌👏👏 Musical … // t co / e4vxkiDMuh,positive,positive,85.52
43571,Woh sab toh thik hai hamara # Kohinoor kab wapas kar rahe ho ?? https // t . co / S95jH3fVqw,1,Woh sab toh thik hai hamara # Kohinoor kab wapas kar rahe ho ?? // t . co / S95jH3fVqw,neutral,neutral,50.93
15307,ya allah Aaj jumma ki Namaz ke baad jitne bhi hath tere bargah me dua ke liye uthe sab ki dua kabool farma Aameen … https // t . co / 1EsCbGK1dT,2,ya allah Aaj jumma ki Namaz ke baad jitne bhi hath tere bargah me dua ke liye uthe sab ki dua kabool farma Aameen … // t . co / 1EsCbGK1dT,positive,positive,78.36
41850,Congressiyo ka kch na hoga beda gark hai in sbka ab km se km 5 saal aur 😂😂😝😝😝😝 # abkiBaarModiSarkar https // tco / ufdW2vBYEK,1,Congressiyo ka kch na hoga beda gark hai in sbka ab km se km 5 saal aur 😂😂😝😝😝😝 # abkiBaarModiSarkar // tco / ufdW2vBYEK,neutral,negative,61.65
7122,@ marothefatso Oye preshan nahi ho Maro . Ayatal kursi parh k phoonk do it does work . Nahi gum hogi,1,@ marothefatso Oye preshan nahi ho Maro . Ayatal kursi parh k phoonk do it does work . Nahi gum hogi,neutral,neutral,59.09
24646,Ruthe Ko Manane Ki Dua Wazifa Amal Tarika Aur Taweez https // t . co / rlKAFLRV71 via @ YouTube,1,Ruthe Ko Manane Ki Dua Wazifa Amal Tarika Aur Taweez // t . co / rlKAFLRV71 via @ YouTube,neutral,neutral,74.06
30632,Dear Modiji appne students k stipends to badhadie achha batt hain filpns apne ye kam per hamare desh main kab hoga … https // t . co / sjuAVh3JIN,1,Dear Modiji appne students k stipends to badhadie achha batt hain filpns apne ye kam per hamare desh main kab hoga … // t . co / sjuAVh3JIN,neutral,neutral,74.69
13192,Tumhari sabha me Tumhari gandagi sun kar vote bjp ko diye soch Es aadami ko to bahut diyaa baap ko diya to jail ga … https // t co / ODgG6yzxhd,0,Tumhari sabha me Tumhari gandagi sun kar vote bjp ko diye soch Es aadami ko to bahut diyaa baap ko diya to jail ga … // t co / ODgG6yzxhd,negative,negative,80.83
33597,@ SAMBIT _ PATRAg Tumhare purvajo ne Babasaheb Ko school se bahar rkha Dalito Ko Pani tk pine nhi dete the dalito … https // t . co / h3T4B1a6OL,0,@ SAMBIT _ PATRAg Tumhare purvajo ne Babasaheb Ko school se bahar rkha Dalito Ko Pani tk pine nhi dete the dalito … // t . co / h3T4B1a6OL,negative,negative,80.6
24318,saya pesan untuk semua yg bergelar wanita bukan “ wanita berloceng ” ye dan jugak diri saya 😊❤️,1,saya pesan untuk semua yg bergelar wanita bukan “ wanita berloceng ” ye dan jugak diri saya 😊❤️,neutral,neutral,73.01
24403,In teeno main sey imran khan ne aek paisa bhi nahi khaya qoam ka .. no doubt but dusre 2 bando ne bhi itna nahi kh … https // t . co / dCM3r6Xw1E,1,In teeno main sey imran khan ne aek paisa bhi nahi khaya qoam ka .. no doubt but dusre 2 bando ne bhi itna nahi kh … // t . co / dCM3r6Xw1E,neutral,negative,64.15
20602,@ narendramodi subhkamnaye or bahut badhaiya Mananiy Pradhan mantri shri Narendra Modi ji ko . Ek BJP karykarta hone … https // t . co / 1mqmwc9AGq,2,@ narendramodi subhkamnaye or bahut badhaiya Mananiy Pradhan mantri shri Narendra Modi ji ko . Ek BJP karykarta hone … // t . co / 1mqmwc9AGq,positive,positive,85.53
12021,@ smritiirani main or pura desh apki jeet ke liye apko bohot badhai deta hoon nd ummid karta hoon ki aap agle 5saalo … https // t . co / UrxcbRDyNu,2,@ smritiirani main or pura desh apki jeet ke liye apko bohot badhai deta hoon nd ummid karta hoon ki aap agle 5saalo … // t . co / UrxcbRDyNu,positive,positive,85.53
3235,ok but if u r hyping my pic up in dms rn or at all really . this is for u MUAH 🥺🥺💘💘💘💘,2,ok but if u r hyping my pic up in dms rn or at all really . this is for u MUAH 🥺🥺💘💘💘💘,positive,neutral,75.17
24379,RT @ ArmaanMalik22 I ’ ll be sharing a snippet of # NayaJahaan tomorrow for all you guys to hear ! ❤️✨🎶,1,RT @ ArmaanMalik22 I ’ ll be sharing a snippet of # NayaJahaan tomorrow for all you guys to hear ! ❤️✨🎶,neutral,neutral,64.5
17424,@_ pallavighosh Hum to pehle hi kehte they Congress of Nehru was different Congress after Indira Gandhi is just … https // t co / 84MgsSHM1p,1,@_ pallavighosh Hum to pehle hi kehte they Congress of Nehru was different Congress after Indira Gandhi is just … // t co / 84MgsSHM1p,neutral,neutral,67.98
20672,# BleedBlue Jitega toh India hi !🇮🇳 # LayegaTohKohliHi # Worldcup # India # TeamIndia # Worldcup2019 # India # Dhoni # Kohli https // t . co / ReGVcuhygr,1,# BleedBlue Jitega toh India hi !🇮🇳 # LayegaTohKohliHi # Worldcup # India # TeamIndia # Worldcup2019 # India # Dhoni # Kohli // t . co / ReGVcuhygr,neutral,positive,83.63
23045,I'm Sorry Hiba Nawaab ji ...... But meri ek hi wish hai .. ki main aapse miloon ..... aur aapke saath photo loon . https // t . co / 8cNcqsfkSW,2,I'm Sorry Hiba Nawaab ji ...... But meri ek hi wish hai .. ki main aapse miloon ..... aur aapke saath photo loon . // t . co / 8cNcqsfkSW,positive,positive,84.92
13365,@ notsocoolyogi Wahaa bhi Achha acting tha . Check out his movie Good Time,2,@ notsocoolyogi Wahaa bhi Achha acting tha . Check out his movie Good Time,positive,positive,74.62
13514,Kya yahi Islamic roja or ramjaan ki kahaani ye fake ID bata rahi hai ... kya humaare nabi ke bare me ye jo fake id b … https // t . co / 24B0CwUyNo,0,Kya yahi Islamic roja or ramjaan ki kahaani ye fake ID bata rahi hai ... kya humaare nabi ke bare me ye jo fake id b … // t . co / 24B0CwUyNo,negative,negative,75.13
41232,@ UmarCheema1 Khan sb ko Modi ne is liay nahee bulaya k agar Khan sb aajayenge tou INDIAN MEDIA modi kochour kar Kha … https // t . co / byDunhuu3U,1,@ UmarCheema1 Khan sb ko Modi ne is liay nahee bulaya k agar Khan sb aajayenge tou INDIAN MEDIA modi kochour kar Kha … // t . co / byDunhuu3U,neutral,negative,69.07
5326,RT @ RedSox 🎶 ALLEZ ALLEZ ALLEZ 🎶 Showing some love for our friends across the pond today ! Good luck @ LFC ! # UCLFinal https // t . co / OFG5ntBa …,2,RT @ RedSox 🎶 ALLEZ ALLEZ ALLEZ 🎶 Showing some love for our friends across the pond today ! Good luck @ LFC ! # UCLFinal // t . co / OFG5ntBa …,positive,positive,85.37
22659,Jai jai shree ram .... inquiklaab jindabaad ... Bharat mata ki jai https // t . co / zDlYS38o8j,1,Jai jai shree ram .... inquiklaab jindabaad ... Bharat mata ki jai // t . co / zDlYS38o8j,neutral,positive,85.02
43039,# SarfarazAhmed MASSIVE RESPECT to our Captain Sarfraz for wearing our national dress World Cup jeeto ya haaro per … https // t co / LpcH8XY5Us,2,# SarfarazAhmed MASSIVE RESPECT to our Captain Sarfraz for wearing our national dress World Cup jeeto ya haaro per … // t co / LpcH8XY5Us,positive,positive,83.74
13881,RT @ purnima7772 @ IExpressSports @ IndianExpress Iske bas ki hai bhi nahi Glti se famous ho gya kya dekh ke log sarpe chdha dete hain,0,RT @ purnima7772 @ IExpressSports @ IndianExpress Iske bas ki hai bhi nahi Glti se famous ho gya kya dekh ke log sarpe chdha dete hain,negative,negative,80.2
24126,@ RC _ Shukl @ PMOIndia @ HMOIndia Chor harami Bhardwaj Civil war karayega neech,0,@ RC _ Shukl @ PMOIndia @ HMOIndia Chor harami Bhardwaj Civil war karayega neech,negative,negative,80.49
20870,RT @ Raju _ Pr4 Happy birthday 🎂🎉🎁 @ richaanirudh Mam ! May you always scatter smile and God always bless you . I have been watching you on on …,2,RT @ Raju _ Pr4 Happy birthday 🎂🎉🎁 @ richaanirudh Mam ! May you always scatter smile and God always bless you . I have been watching you on on …,positive,positive,85.53
25615,@ phuphoodamunda Haha o bhai mujy pta mujy na btaa ... Main just pyar sy tujy tang krtaa tyrn sath e dil lgta meri jan ...,1,@ phuphoodamunda Haha o bhai mujy pta mujy na btaa ... Main just pyar sy tujy tang krtaa tyrn sath e dil lgta meri jan ...,neutral,positive,80.75
30712,Kya karenge agar musalmaano ko khud ka wajood bachana hai to khud ke imaan ko salamat rakhna hai or agar abhi bhi u … https // t co / ujtJCC0H6r,1,Kya karenge agar musalmaano ko khud ka wajood bachana hai to khud ke imaan ko salamat rakhna hai or agar abhi bhi u … // t co / ujtJCC0H6r,neutral,neutral,59.68
11248,RT @ EkAbhijeet @ Rohitsahota007 @ foxstarhindi First space movie hai bc aur ye bc ek poster nahi de rhe Launch se lekar mars ke chakkar lg …,0,RT @ EkAbhijeet @ Rohitsahota007 @ foxstarhindi First space movie hai bc aur ye bc ek poster nahi de rhe Launch se lekar mars ke chakkar lg …,negative,neutral,63.65
26506,@ vikasbha Buddhi bhrasht hai iss Vikas ki aur aane wale Vikas ki bhi . Matlab logo ka kaatna kaise hai koi in Chu *… https // t . co / 5XPyXm59SZ,0,@ vikasbha Buddhi bhrasht hai iss Vikas ki aur aane wale Vikas ki bhi . Matlab logo ka kaatna kaise hai koi in Chu *… // t . co / 5XPyXm59SZ,negative,negative,44.8
12750,@ SRKian _ Baadshah @ aadisrkian1 @ sinchan21029371 @ SRKs _ Wolverine Bechare wo zakham nhi bhole 40% screens pe Housefull 😂😂😂,1,@ SRKian _ Baadshah @ aadisrkian1 @ sinchan21029371 @ SRKs _ Wolverine Bechare wo zakham nhi bhole 40% screens pe Housefull 😂😂😂,neutral,neutral,72.82
32310,RT @ IndianNaeem @ AnupamPKher Is pr 7 mukaddme darj h .. cristian graham stance ko un k bachho k sath jalane ka mukaddma bhi h,1,RT @ IndianNaeem @ AnupamPKher Is pr 7 mukaddme darj h .. cristian graham stance ko un k bachho k sath jalane ka mukaddma bhi h,neutral,negative,80.47
34232,@ No __ Ray Bachy ko marny sy uski tarbiyat ni hotii piyar sy smjhaany sy hoti hy Is main is bichary ka kasoor ni jit … https // t co / RXm66b8HHW,1,@ No __ Ray Bachy ko marny sy uski tarbiyat ni hotii piyar sy smjhaany sy hoti hy Is main is bichary ka kasoor ni jit … // t co / RXm66b8HHW,neutral,negative,67.97
15828,@ UmarMadani2 @ fawadchaudhry oye choot k dhakan pehle apne afghnistan ko to fatah krwa lo phr pakistan ki trf dekhna … https // t . co / 3S2ftKQHqq,0,@ UmarMadani2 @ fawadchaudhry oye choot k dhakan pehle apne afghnistan ko to fatah krwa lo phr pakistan ki trf dekhna … // t . co / 3S2ftKQHqq,negative,negative,80.82
34031,RT @ NewSonam10 _ 12 IDU why don't sm ppl understand that the show # YehUnDinonKiBaatHai dey r watching is wriiten by naina ( Shashi mam ) Ag …,1,RT @ NewSonam10 _ 12 IDU why don't sm ppl understand that the show # YehUnDinonKiBaatHai dey r watching is wriiten by naina ( Shashi mam ) Ag …,neutral,neutral,75.13
28958,RT @ Srikant00845239 @ NirbhayShanka20 @ rashtrapatibhvn @ ECISVEEP Ye desh ka ab kya hoga yaha to koi emmandar nahi h,0,RT @ Srikant00845239 @ NirbhayShanka20 @ rashtrapatibhvn @ ECISVEEP Ye desh ka ab kya hoga yaha to koi emmandar nahi h,negative,neutral,51.88
30657,@ ppbajpai U r right sir hum sarvey vaha se chalu kare jaha se SP-BSP aur TMC jite hai NDA ki 350+ hai bahut time lagega,1,@ ppbajpai U r right sir hum sarvey vaha se chalu kare jaha se SP-BSP aur TMC jite hai NDA ki 350+ hai bahut time lagega,neutral,neutral,66.66
44517,@ RiaRevealed @ abhisar _ sharma @ BJP4India Chamcha of Congress apne pappu ko kuch padao desh ke baare mai or ye Jo bjp … https // t co / iQU8wsEY41,1,@ RiaRevealed @ abhisar _ sharma @ BJP4India Chamcha of Congress apne pappu ko kuch padao desh ke baare mai or ye Jo bjp … // t co / iQU8wsEY41,neutral,negative,72.4
25701,@ UmarCheema1 Abay jaahil . Itnay andaazay agar apni family k lye laga lete to aaj Kch R ..... kam hotin Pakistan main,0,@ UmarCheema1 Abay jaahil . Itnay andaazay agar apni family k lye laga lete to aaj Kch R ..... kam hotin Pakistan main,negative,neutral,48.18
36410,@ ShahidK12512 @ videshi _ bakht11 @ dilipmandal Iss desh me congress jaise neta bache hi nhi . Adarshwadi payar batne w … https // t . co / 2LpJrwWzTW,0,@ ShahidK12512 @ videshi _ bakht11 @ dilipmandal Iss desh me congress jaise neta bache hi nhi . Adarshwadi payar batne w … // t . co / 2LpJrwWzTW,negative,negative,69.64
38734,@ ZeeNews Bhik mango BJP se . Tum log ab garib ho chuke ho .. Bhik mango Hindu se agar bachna chahoge toh .. Ghamand chhod … https // t . co / 4wjndr9Zbe,0,@ ZeeNews Bhik mango BJP se . Tum log ab garib ho chuke ho .. Bhik mango Hindu se agar bachna chahoge toh .. Ghamand chhod … // t . co / 4wjndr9Zbe,negative,negative,80.78
720,RT @ BabarBaAishKosh Me looking at Mayoos o Manhoos tweets about Pak batting . Na mayoos toh tum log aisay ho rahe ho jaisay Pak team ki lon …,1,RT @ BabarBaAishKosh Me looking at Mayoos o Manhoos tweets about Pak batting . Na mayoos toh tum log aisay ho rahe ho jaisay Pak team ki lon …,neutral,neutral,47.02
43612,@ SrBachchan Sir ! Remember .. “ Pistol Maine pehli baar uthaya hai magar yeh jaanata hoon ki a Trigger dabaane se gol … https // t . co / CT9IfKf89h,0,@ SrBachchan Sir ! Remember .. “ Pistol Maine pehli baar uthaya hai magar yeh jaanata hoon ki a Trigger dabaane se gol … // t . co / CT9IfKf89h,negative,neutral,74.99
7788,Bachpan maii yeh chuha Mera crush tha 😂❤️ https // t . co / sMlniJd7eN,1,Bachpan maii yeh chuha Mera crush tha 😂❤️ // t . co / sMlniJd7eN,neutral,positive,66.35
5134,RT @ Baba73710 Is it possible ?? Sabhi situatiin ko dkhne ke baad nd saari logical chz ke result ko jaannne ke baad aisa hona chahiye ya n …,1,RT @ Baba73710 Is it possible ?? Sabhi situatiin ko dkhne ke baad nd saari logical chz ke result ko jaannne ke baad aisa hona chahiye ya n …,neutral,neutral,75.2
32551,@ INCMP ye extra votes jo government employee bahar rahte hai apni constituency se unke h . vo EVM me nhi hote ballet se hote hai,2,@ INCMP ye extra votes jo government employee bahar rahte hai apni constituency se unke h . vo EVM me nhi hote ballet se hote hai,positive,negative,50.92
30958,@ TausiM14 very true say shabash to me,1,@ TausiM14 very true say shabash to me,neutral,positive,73.29
15701,@ AmitShah mama ji aap ko ke he rahe hai koi bhi tmc ke karyakarta ko bjp mai nahi le nahi kyoki logo ne tmc ke un … https // t co / tLXTBPmQHV,1,@ AmitShah mama ji aap ko ke he rahe hai koi bhi tmc ke karyakarta ko bjp mai nahi le nahi kyoki logo ne tmc ke un … // t co / tLXTBPmQHV,neutral,neutral,74.22
40723,@ AngryRonnie _ @ sonalen @ moseen __ khan @ asadowaisi I will defnetly fuck hindutva bc gandu madarxhod abuse karega bhad … https // t . co / FiM91E7nPh,0,@ AngryRonnie _ @ sonalen @ moseen __ khan @ asadowaisi I will defnetly fuck hindutva bc gandu madarxhod abuse karega bhad … // t . co / FiM91E7nPh,negative,negative,80.84
29237,@ chaudhary _ kapil @ awsome _ freaking Sadly Pakistan team mein khelne ke liye Somali bhi nahi ayenge 😂,0,@ chaudhary _ kapil @ awsome _ freaking Sadly Pakistan team mein khelne ke liye Somali bhi nahi ayenge 😂,negative,neutral,46.04
36907,@ nitin _ gadkari @ sambitswaraj Aapke janmadivas per Humari Hardik Subhkamnaye gadkari sir aur aapke Achche swasthya a … https // t . co / 4NRI7ASbQj,2,@ nitin _ gadkari @ sambitswaraj Aapke janmadivas per Humari Hardik Subhkamnaye gadkari sir aur aapke Achche swasthya a … // t . co / 4NRI7ASbQj,positive,positive,85.52
33406,@ bhupendrachaube You called my icon names .. Now look how your icon was no better ... Lado sab ke sab .... mughlo Angrejo … https // t . co / qxnRIKSOpw,1,@ bhupendrachaube You called my icon names .. Now look how your icon was no better ... Lado sab ke sab .... mughlo Angrejo … // t . co / qxnRIKSOpw,neutral,neutral,74.98
44600,@ TimesNow Kyu faltu ke mudde me pade ho ..... Hindu Muslim best for TRP,1,@ TimesNow Kyu faltu ke mudde me pade ho ..... Hindu Muslim best for TRP,neutral,negative,50.57
24840,@ sanjeevsanyal Hindi me bhi bolunga Rothchilds ke paltu kutte SEN ke bareme . I know you very well sale tu wahi he … https // t . co / rXZf0ojTq3,0,@ sanjeevsanyal Hindi me bhi bolunga Rothchilds ke paltu kutte SEN ke bareme . I know you very well sale tu wahi he … // t . co / rXZf0ojTq3,negative,negative,80.84
24191,@ ImamUlHaq12 Tm jeeto ya haro suno hame tm s payr h love u @ ImamUlHaq12 im ur huge fan love u more 😍😘😘😘🇵🇰 pakistan zindabad,2,@ ImamUlHaq12 Tm jeeto ya haro suno hame tm s payr h love u @ ImamUlHaq12 im ur huge fan love u more 😍😘😘😘🇵🇰 pakistan zindabad,positive,positive,85.53
6155,Siyar agar sher ki khaal pahan le tho sher nahi ho jata hai jese hi muh kholta hai apni aukat bata deta hai . Ves … https // t . co / tuoc27neAV,2,Siyar agar sher ki khaal pahan le tho sher nahi ho jata hai jese hi muh kholta hai apni aukat bata deta hai . Ves … // t . co / tuoc27neAV,positive,neutral,66.52
1484,@ Vipul49997183 @ dtptraffic Ghoda Ghaans se Dosti kar lega to khayega kya .. Delhi Sarkaar Home Ministry public ki na … https // t . co / EVp3m8f0i8,0,@ Vipul49997183 @ dtptraffic Ghoda Ghaans se Dosti kar lega to khayega kya .. Delhi Sarkaar Home Ministry public ki na … // t . co / EVp3m8f0i8,negative,neutral,50.45
17484,sonu didi ko fuck karnewala ki bahan dusre se chudati hui . leaked video https // t . co / dYq9Ov40d7,0,sonu didi ko fuck karnewala ki bahan dusre se chudati hui . leaked video // t . co / dYq9Ov40d7,negative,negative,73.31
14719,@ sanjaygobind Kyon ki vikas ke muddopar baat chalegi to Shehzade Pappu ko @ INCIndia ki 70 saalon ki chori ghotale … https // t co / 0VM1aHGIBe,1,@ sanjaygobind Kyon ki vikas ke muddopar baat chalegi to Shehzade Pappu ko @ INCIndia ki 70 saalon ki chori ghotale … // t co / 0VM1aHGIBe,neutral,negative,76.73
33238,RT @ HindeOks If it means something for you Fight for it,1,RT @ HindeOks If it means something for you Fight for it,neutral,neutral,69.35
39853,@ VIVEK01SHARMA . . A vyapari hai usdin Modi ji k photos aur dialogs k CD bechega ....!!!,1,@ VIVEK01SHARMA . . A vyapari hai usdin Modi ji k photos aur dialogs k CD bechega ....!!!,neutral,neutral,74.39
43009,So sad Eid kreb hay in deno me hum Eidian bantete phirte the but mujhe or mere bete ko apke bagir koi nahe poshta a … https // t co / LaC7vWc8jK,0,So sad Eid kreb hay in deno me hum Eidian bantete phirte the but mujhe or mere bete ko apke bagir koi nahe poshta a … // t co / LaC7vWc8jK,negative,neutral,52.94
7008,Aj @ PMImranKhan ne OIC ma jo takreer ki h us ko sunany k bad un logon ko ghairat se mar jana chahiye jo Khan ko yah … https // t . co / 6PHJrMOXcS,0,Aj @ PMImranKhan ne OIC ma jo takreer ki h us ko sunany k bad un logon ko ghairat se mar jana chahiye jo Khan ko yah … // t . co / 6PHJrMOXcS,negative,negative,59.16
39419,@ saimakramwriter Hanji Ab Shahana bane gi Arsal ki Maa or Phir Arsal bane ga Jia ka Purane wala Aashiq 😉😉 Wow its go … https // t . co / K1H686pc1M,1,@ saimakramwriter Hanji Ab Shahana bane gi Arsal ki Maa or Phir Arsal bane ga Jia ka Purane wala Aashiq 😉😉 Wow its go … // t . co / K1H686pc1M,neutral,neutral,66.73
36839,Congratulations @ vivekoberoi for your upcoming Narendra Modi 🙏 in advance 🙏 Modi ji to aa gaye ab aapki film k liye … https // t . co / zC5dgjgZWz,2,Congratulations @ vivekoberoi for your upcoming Narendra Modi 🙏 in advance 🙏 Modi ji to aa gaye ab aapki film k liye … // t . co / zC5dgjgZWz,positive,positive,85.49
14771,@ one _ by _ two @ HumorouslyVipul Bhai Apne comments dekh . Fans tere 1 percent bhi nhi . Sab maa behen hi karte hain teri . # AtulChutri,0,@ one _ by _ two @ HumorouslyVipul Bhai Apne comments dekh . Fans tere 1 percent bhi nhi . Sab maa behen hi karte hain teri . # AtulChutri,negative,neutral,74.27
30064,@ Swamy39 Sir aap trust wapis nahi kar payenge BJP You're a nice and intelligent person but ab BJP risk nahi legi .… https // t . co / inLd7BCx8W,1,@ Swamy39 Sir aap trust wapis nahi kar payenge BJP You're a nice and intelligent person but ab BJP risk nahi legi .… // t . co / inLd7BCx8W,neutral,positive,85.03
32056,@ TarekFatah Sir ultimate troll hai ye too good 👌 Sleeping dress .... ha ha ha . In Pakistan everything is imported … https // t . co / 3iUMckg0lc,0,@ TarekFatah Sir ultimate troll hai ye too good 👌 Sleeping dress .... ha ha ha . In Pakistan everything is imported … // t . co / 3iUMckg0lc,negative,positive,58.58
14634,@ agscinemas @ NGKmovie @ Suriya _ offl @ Sai _ Pallavi92 @ Rakulpreet @ DreamWarriorpic @ selvaraghavan One movie NGK,1,@ agscinemas @ NGKmovie @ Suriya _ offl @ Sai _ Pallavi92 @ Rakulpreet @ DreamWarriorpic @ selvaraghavan One movie NGK,neutral,neutral,71.28
6150,@ narendramodi there is no space science sir ... for finding dowry case is true n false ... plz save young india ... jai jawan,1,@ narendramodi there is no space science sir ... for finding dowry case is true n false ... plz save young india ... jai jawan,neutral,neutral,71.33
28896,@ Unsakht @ who _ is _ pc Bc mereko untag karo tum dono,0,@ Unsakht @ who _ is _ pc Bc mereko untag karo tum dono,negative,neutral,68.84
2782,You make me wanna # MAGA 😀😁😎 3 times . Third Time Charm is underway .. Results thus far >> SEE @ TuckerCarlson So far … https // t . co / Y2GlLIZTae,1,You make me wanna # MAGA 😀😁😎 3 times . Third Time Charm is underway .. Results thus far >> SEE @ TuckerCarlson So far … // t . co / Y2GlLIZTae,neutral,neutral,71.22
18766,@ vikasbha Agar thodhisi bhi sharam aapme hoti to ab tak aap ye fake video delete kar dete .. Lekin Godi Media ka kuc … https // t . co / cXG5MqD1N0,0,@ vikasbha Agar thodhisi bhi sharam aapme hoti to ab tak aap ye fake video delete kar dete .. Lekin Godi Media ka kuc … // t . co / cXG5MqD1N0,negative,negative,80.83
44067,@ enzd88 @ bercha _ i @ sherryrehman Lolzz Alhumdulillah Allah ne iss ki naubat hi nahi aanay deni enjoy tou aap karei … https // t . co / mkg7nUo3k0,2,@ enzd88 @ bercha _ i @ sherryrehman Lolzz Alhumdulillah Allah ne iss ki naubat hi nahi aanay deni enjoy tou aap karei … // t . co / mkg7nUo3k0,positive,positive,81.34
3903,@ ZeeNews Jo party desh k logo k sath h nahi khadi rehti unhe bhala kon vote dega,1,@ ZeeNews Jo party desh k logo k sath h nahi khadi rehti unhe bhala kon vote dega,neutral,neutral,66.15
24664,RT @ AmanIns72212263 Thanku so much Rab ji to Saint Dr @ Gurmeetramrahim Ji for useful Guidance about This # PledgeAgainstCorruption @ der …,2,RT @ AmanIns72212263 Thanku so much Rab ji to Saint Dr @ Gurmeetramrahim Ji for useful Guidance about This # PledgeAgainstCorruption @ der …,positive,positive,83.97
44616,@ timesofindia Ramzade ki sarkar yaa haraamzade ki sarkar the lady was not at all wrong Afsos haramzado ki sarkar nahi bani,0,@ timesofindia Ramzade ki sarkar yaa haraamzade ki sarkar the lady was not at all wrong Afsos haramzado ki sarkar nahi bani,negative,negative,80.36
38444,@ RJDforIndia @ ShivChandraRamm Ye fraud modi maha chor hai pata nahi mere desh ki janta ki basis per inhe vote kar … https // t co / IGfKXz7Zho,1,@ RJDforIndia @ ShivChandraRamm Ye fraud modi maha chor hai pata nahi mere desh ki janta ki basis per inhe vote kar … // t co / IGfKXz7Zho,neutral,negative,70.71
2315,I FROM SO GOOD HEARTWISH SO AND SO HAPPY AND BLESSED # RAMADAN OR # RAMJAAN MONTH KINDS TO YOU THE HON SECRETARY GEN … https // t . co / KqaJlomcJO,1,I FROM SO GOOD HEARTWISH SO AND SO HAPPY AND BLESSED # RAMADAN OR # RAMJAAN MONTH KINDS TO YOU THE HON SECRETARY GEN … // t . co / KqaJlomcJO,neutral,positive,85.5
23450,@ PMOIndia Modi ji Desh Ke corrupt officer on ko hatao Desh Khud BA Khud Sudhar Jayega aap ke pm house Mein Baithe … https // t co / G4Q0oRVaFf,0,@ PMOIndia Modi ji Desh Ke corrupt officer on ko hatao Desh Khud BA Khud Sudhar Jayega aap ke pm house Mein Baithe … // t co / G4Q0oRVaFf,negative,neutral,59.05
15761,@ ihansraj @ waglenikhil @ narendramodi Mother fucker jab janta nahi hai to bol mat . Crpf jawans ki family ko pahle hi … https // t . co / HWq22gxWbE,0,@ ihansraj @ waglenikhil @ narendramodi Mother fucker jab janta nahi hai to bol mat . Crpf jawans ki family ko pahle hi … // t . co / HWq22gxWbE,negative,negative,80.61
8178,@ MaryamNSharif tmhy is bt pe shrm ani chahye jo in masoom bacho ki jano pe b sayast kr rahi ho ... itma drd tha to t … https // t . co / DgSHVK2JEL,0,@ MaryamNSharif tmhy is bt pe shrm ani chahye jo in masoom bacho ki jano pe b sayast kr rahi ho ... itma drd tha to t … // t . co / DgSHVK2JEL,negative,negative,58.17
29304,This girl is already excited to celebrate her birthday on 2nd June . 😅😅😂😂 @ sonakshisinha Let's we all sonakshian re … https // t . co / oSaWUHHldt,1,This girl is already excited to celebrate her birthday on 2nd June . 😅😅😂😂 @ sonakshisinha Let's we all sonakshian re … // t . co / oSaWUHHldt,neutral,positive,83.5
12283,RT @ Bhyanjaat1 @ cmohry @ narendramodi Sir group d waiting clear karwa dijiya ab hamara future aap k hatho ma ha sir bhot mahnat karke test …,2,RT @ Bhyanjaat1 @ cmohry @ narendramodi Sir group d waiting clear karwa dijiya ab hamara future aap k hatho ma ha sir bhot mahnat karke test …,positive,positive,83.12
22808,@ BJPsoldIndia Bhai inshaallah aapki mehnat zaya nahi jayegi ab .. Dua karte hain ke allah khair ka mamla rakhe .. India … https // t . co / Cl3H7PU31Q,2,@ BJPsoldIndia Bhai inshaallah aapki mehnat zaya nahi jayegi ab .. Dua karte hain ke allah khair ka mamla rakhe .. India … // t . co / Cl3H7PU31Q,positive,neutral,70.74
42549,RT @ Rakeshtimex @ sherryontopp Sidhu ji Suna tha sardar baat k pakke hote hai kya hua AAP saradar nahi ya baat ke pakke nahi https // t . co …,0,RT @ Rakeshtimex @ sherryontopp Sidhu ji Suna tha sardar baat k pakke hote hai kya hua AAP saradar nahi ya baat ke pakke nahi // t . co …,negative,neutral,75.28
19566,@ Lady _ JisMe Yes but it ’ s my personal page I haven ’ t made my nail page yet it ’ s coming soon,1,@ Lady _ JisMe Yes but it ’ s my personal page I haven ’ t made my nail page yet it ’ s coming soon,neutral,neutral,74.54
34952,# KatrinaKaif I'm scared of # Akshaykumar ! # candid # interview # Bharat @ talwar _ puja so Happy to work with you on … https // t . co / NJs71Ukllv,1,# KatrinaKaif I'm scared of # Akshaykumar ! # candid # interview # Bharat @ talwar _ puja so Happy to work with you on … // t . co / NJs71Ukllv,neutral,neutral,67.93
24124,@ Ansari786619433 @ AliSohrab007 @ cpimspeak @ akramtyagi Shukr manao sirf pite hai khatm nahi kiye . Mandir ke pas … https // t . co / JKQKCKCMXT,0,@ Ansari786619433 @ AliSohrab007 @ cpimspeak @ akramtyagi Shukr manao sirf pite hai khatm nahi kiye . Mandir ke pas … // t . co / JKQKCKCMXT,negative,negative,75.49
27187,@ ANI Ajib admi hai khud confuse hai aur hume bhi kar raha hai ... kabi court ki nahi manata kabi police hatao bolt … https // t . co / sYFwrmJ4ZC,0,@ ANI Ajib admi hai khud confuse hai aur hume bhi kar raha hai ... kabi court ki nahi manata kabi police hatao bolt … // t . co / sYFwrmJ4ZC,negative,negative,76.38
26110,RT @ TiiimesHow Just In ICC ne bada galat kiya hamare sath jab unhe pata hai ramzan ka pak mahina chal raha hai to EID ke bad Wcup rakhn …,1,RT @ TiiimesHow Just In ICC ne bada galat kiya hamare sath jab unhe pata hai ramzan ka pak mahina chal raha hai to EID ke bad Wcup rakhn …,neutral,neutral,49.1
26362,@ jigneshmevani80 @ GulPanag @ ReallySwara @ prakashraaj Kutta pal Billi pal Capacity hain to hathi pal Lekin galat f … https // t . co / O7ZLHsvd1w,0,@ jigneshmevani80 @ GulPanag @ ReallySwara @ prakashraaj Kutta pal Billi pal Capacity hain to hathi pal Lekin galat f … // t . co / O7ZLHsvd1w,negative,negative,80.77
36208,@ Shehzad _ Ind @ smritiirani @ RahulGandhi Ye insaan Smriti ji aur Modi ji ke pichhe hath dhokar padd gaya hai 😂😂 Har t … https // t . co / MucaAJJd87,1,@ Shehzad _ Ind @ smritiirani @ RahulGandhi Ye insaan Smriti ji aur Modi ji ke pichhe hath dhokar padd gaya hai 😂😂 Har t … // t . co / MucaAJJd87,neutral,negative,74.26
13289,@ malavika _ va @ luvizinfectious @ tejasswiholic1 @ gharbiiaaaa Promo scene kab ayegi after shadhi before shadhi 🤔,1,@ malavika _ va @ luvizinfectious @ tejasswiholic1 @ gharbiiaaaa Promo scene kab ayegi after shadhi before shadhi 🤔,neutral,neutral,74.41
35421,@ zainabsikander Mast brain hai aapki Einstein pagal hojayenge aapki tweet padhke Out of 100% of those who voted … https // t co / DjB373uE7F,1,@ zainabsikander Mast brain hai aapki Einstein pagal hojayenge aapki tweet padhke Out of 100% of those who voted … // t co / DjB373uE7F,neutral,neutral,74.55
34074,@ anjanaomkashyap Mam in congress walo ki ab aap bhi chutti Kar do ? bahut desh paresan ho gya hai Modi ji to chutti … https // t co / miSmSYDQR2,1,@ anjanaomkashyap Mam in congress walo ki ab aap bhi chutti Kar do ? bahut desh paresan ho gya hai Modi ji to chutti … // t co / miSmSYDQR2,neutral,negative,80.82
21377,RT @ Ompraka73432358 # NoTobaccoDay Sant Rampal Ji Maharaj is acquainted with Mangal Knowledge and millions of families are living free of …,1,RT @ Ompraka73432358 # NoTobaccoDay Sant Rampal Ji Maharaj is acquainted with Mangal Knowledge and millions of families are living free of …,neutral,positive,84.66
31443,@ narendramodi Well come Modi ji again And save our village city and country Jai hind,2,@ narendramodi Well come Modi ji again And save our village city and country Jai hind,positive,positive,85.33
37094,@ Mrbean1 _ @_ RHMED _ @ 7rick37 @ arif00sheikh Congress party ne issliye aap ke samuday Ko pichada hua rakhha itne saalo … https // t . co / GOQ8SfrcrK,1,@ Mrbean1 _ @_ RHMED _ @ 7rick37 @ arif00sheikh Congress party ne issliye aap ke samuday Ko pichada hua rakhha itne saalo … // t . co / GOQ8SfrcrK,neutral,negative,79.08
13244,RT @ dead _ enside Good morning pyare logo,2,RT @ dead _ enside Good morning pyare logo,positive,neutral,71.97
3167,@ RayeesVP2 Jaahil thinking Every voter voted for bjp is not godse bhakt netiher mindsick like u,0,@ RayeesVP2 Jaahil thinking Every voter voted for bjp is not godse bhakt netiher mindsick like u,negative,negative,80.6
20670,@ rssurjewala Sir ji Good evening ji 🙏 Sir ji yadi aap ko apni baat ko janta thak pohochana hay thoo sub shay phalay … https // t co / qb4nv9VHOS,1,@ rssurjewala Sir ji Good evening ji 🙏 Sir ji yadi aap ko apni baat ko janta thak pohochana hay thoo sub shay phalay … // t co / qb4nv9VHOS,neutral,positive,54.27
14204,@ shubhammudgal10 @ chitraaum Rahul Gandhi ke chele logo ko marne ki bate kah rahe hai @ RahulGandhi shame on you,0,@ shubhammudgal10 @ chitraaum Rahul Gandhi ke chele logo ko marne ki bate kah rahe hai @ RahulGandhi shame on you,negative,negative,80.79
14482,@ RealHa55an Hassan bhai ap say kaho ga Jeet ki lghan nazar atii hai fight kro larai nazar ani chye ham apko hamesh … https // t . co / ziLDdW0AgO,2,@ RealHa55an Hassan bhai ap say kaho ga Jeet ki lghan nazar atii hai fight kro larai nazar ani chye ham apko hamesh … // t . co / ziLDdW0AgO,positive,positive,75.34
21544,@ Hoorain97 sorry miss i don't no agr kohi tl mention ho saki tu pta chal jya ga otherwise i don't remember,1,@ Hoorain97 sorry miss i don't no agr kohi tl mention ho saki tu pta chal jya ga otherwise i don't remember,neutral,neutral,75.16
26631,@ TarekFatah Hr insan cheezo ko us trha sy dekhta h jesa wo andar sy hota h Negtive mind always think negtive,0,@ TarekFatah Hr insan cheezo ko us trha sy dekhta h jesa wo andar sy hota h Negtive mind always think negtive,negative,neutral,68.61
34182,# ModiAaGaya # MobLynching India ka naam baigan me milaadere https // t co / GwgxG5UI01,1,# ModiAaGaya # MobLynching India ka naam baigan me milaadere // t co / GwgxG5UI01,neutral,neutral,75.23
6484,@ Faheemzzz @ ArsalanAliSyed @_ asadayaz @ Asad _ Umar They are not farishtas but whol system is fucked up . People get to … https // t . co / lRRJWIo94G,0,@ Faheemzzz @ ArsalanAliSyed @_ asadayaz @ Asad _ Umar They are not farishtas but whol system is fucked up . People get to … // t . co / lRRJWIo94G,negative,negative,80.74
15593,Akhir rishte itne nazuk hi kyu hote hain ? Akhir hum rishto k zariye khud ko pura krne ki koshish hi kyu karte hain … https // t . co / QBDmzXNOny,1,Akhir rishte itne nazuk hi kyu hote hain ? Akhir hum rishto k zariye khud ko pura krne ki koshish hi kyu karte hain … // t . co / QBDmzXNOny,neutral,neutral,74.04
19504,RT @ No _ Mi __ My favorite movie off all time . Old days Bachpan ..😍😂 Baby Days Out (1994) https // t . co / AIjvadEHWT,2,RT @ No _ Mi __ My favorite movie off all time . Old days Bachpan ..😍😂 Baby Days Out (1994) // t . co / AIjvadEHWT,positive,positive,50.1
20493,RT @ bollywood _ life # KabirSingh new song # TujheKitnaChahneLage is the new age love ballad filled with melancholy and longing - watch video …,1,RT @ bollywood _ life # KabirSingh new song # TujheKitnaChahneLage is the new age love ballad filled with melancholy and longing - watch video …,neutral,positive,70.24
11744,RT @ maninder _ sarna @ cskkanu @ DurexIndia Hume Chaiye Purush Ayog We Want Men's Right Men's Right are Human Rights . Jis din Men's Right ke k …,1,RT @ maninder _ sarna @ cskkanu @ DurexIndia Hume Chaiye Purush Ayog We Want Men's Right Men's Right are Human Rights . Jis din Men's Right ke k …,neutral,positive,78.25
26306,RT @ loveli143 Good night my dear friends 😑😑😑😑😑😑 # ankahealfaza https // t . co / 8pwS86gqop,2,RT @ loveli143 Good night my dear friends 😑😑😑😑😑😑 # ankahealfaza // t . co / 8pwS86gqop,positive,positive,83.15
36135,@ sibakiakungu @ ai0fgiru @ NS _ jkt @ GRR44B @ MukeGile73 Klo lagi sadisnya grep gagu 3jam 🙈 Ato argo teri kena macet 1jam Biasanya yg argo 17k,1,@ sibakiakungu @ ai0fgiru @ NS _ jkt @ GRR44B @ MukeGile73 Klo lagi sadisnya grep gagu 3jam 🙈 Ato argo teri kena macet 1jam Biasanya yg argo 17k,neutral,negative,80.83
24999,@ AasmaBatool5 Bhoolo mat sarbjeet ko bhi spy btaya tha tumari geedad Army ne lekin ham tume galat saabit krne mn ka … https // t . co / 2Kk4XaWNVC,2,@ AasmaBatool5 Bhoolo mat sarbjeet ko bhi spy btaya tha tumari geedad Army ne lekin ham tume galat saabit krne mn ka … // t . co / 2Kk4XaWNVC,positive,negative,80.84
9127,@ mrxbone Yie yie 😂😂 it ’ s not me,1,@ mrxbone Yie yie 😂😂 it ’ s not me,neutral,neutral,75.17
44490,@ MamataOfficial jai shree ram jai shree ram jai shree ram jai shree ram jai shree ram jai shree ram jai shree ram H … https // t . co / 3mx5LizOfp,1,@ MamataOfficial jai shree ram jai shree ram jai shree ram jai shree ram jai shree ram jai shree ram jai shree ram H … // t . co / 3mx5LizOfp,neutral,neutral,61.22
42858,@ GulBukhari Jab Teri maa ko uthaane keliye jab abhinandan ko bheja tha India ne tou wardi waale he thay jinhu ne us … https // t . co / NLZGe4pG1Q,1,@ GulBukhari Jab Teri maa ko uthaane keliye jab abhinandan ko bheja tha India ne tou wardi waale he thay jinhu ne us … // t . co / NLZGe4pG1Q,neutral,positive,63.09
28370,RT @ TeaammIK 22 crore ma se best 15 gye ho tum or 1% bhi confidence nam ki cheez nazar nhe ai amir or fakhar k elawa ksi ma thori si effor …,0,RT @ TeaammIK 22 crore ma se best 15 gye ho tum or 1% bhi confidence nam ki cheez nazar nhe ai amir or fakhar k elawa ksi ma thori si effor …,negative,neutral,71.65
3012,RT @ chashmish _ Ed With every passing day we are losinh essence of life I mean how we used to send eid cards with eidi to friends and then c …,2,RT @ chashmish _ Ed With every passing day we are losinh essence of life I mean how we used to send eid cards with eidi to friends and then c …,positive,neutral,66.18
29962,RT @ HamzaDonna I ’ ve never seen one bolan driver ko gandu nahi hai never one who doesn ’ t drive like a complete chutiya,0,RT @ HamzaDonna I ’ ve never seen one bolan driver ko gandu nahi hai never one who doesn ’ t drive like a complete chutiya,negative,negative,79.08
12667,RT @ victoriouslogan It ’ s June . We ’ re officially halfway thru the year . MIND BLOWING .,1,RT @ victoriouslogan It ’ s June . We ’ re officially halfway thru the year . MIND BLOWING .,neutral,neutral,48.56
20559,@ vijaita What do u mean tease . U mean in india we can say Jai Shri Ram,1,@ vijaita What do u mean tease . U mean in india we can say Jai Shri Ram,neutral,neutral,58.69
28324,@ chitraaum @ AmitShah @ narendramodi @ aajtak Chitra ji agar ye exit poll galat sabit hue to aap patrakarita chhod den … https // tco / ToZspqD9lT,0,@ chitraaum @ AmitShah @ narendramodi @ aajtak Chitra ji agar ye exit poll galat sabit hue to aap patrakarita chhod den … // tco / ToZspqD9lT,negative,neutral,74.37
352,@ SenTi _ GuLwisH Nahi wo is news ko defend kerne ki koshesh ker rhe hain https // t . co / uxIfr8Z0ZF,1,@ SenTi _ GuLwisH Nahi wo is news ko defend kerne ki koshesh ker rhe hain // t . co / uxIfr8Z0ZF,neutral,neutral,67.91
31447,@ AadmralPenergy Hakeem sab apnae leae koi kushta bana rahae thae tu wo olta hogaya bass khanae ke bad ye hal hogay … https // t . co / xYu8oLgq78,1,@ AadmralPenergy Hakeem sab apnae leae koi kushta bana rahae thae tu wo olta hogaya bass khanae ke bad ye hal hogay … // t . co / xYu8oLgq78,neutral,neutral,73.72
25613,For me - there is nothing in d world more important than # Namaz Mera Zindigi se v Badhkar ek he chez hai # Namaz # 4DaysForBharat,2,For me - there is nothing in d world more important than # Namaz Mera Zindigi se v Badhkar ek he chez hai # Namaz # 4DaysForBharat,positive,neutral,53.43
20194,@ asadowaisi Tu sahi kehta hai ki tu hissedaar hai kiraydar nahi . Isiliye tera itna hissa hoga ki tere jihadiyon ko … https // t . co / VVxY7Zxcow,0,@ asadowaisi Tu sahi kehta hai ki tu hissedaar hai kiraydar nahi . Isiliye tera itna hissa hoga ki tere jihadiyon ko … // t . co / VVxY7Zxcow,negative,negative,80.53
34908,@_ jkimary @ jkimary @ BTS _ twt insha'Allah I'll get 💜 thank you love,2,@_ jkimary @ jkimary @ BTS _ twt insha'Allah I'll get 💜 thank you love,positive,positive,85.47
796,Sun be ghi ke .. ab to teri g faadunga suwar ke .. tu ek suwar ka hai ya kyi musalmaan teri ma mei ghuse the https // t . co / PbVDtPuM3f,0,Sun be ghi ke .. ab to teri g faadunga suwar ke .. tu ek suwar ka hai ya kyi musalmaan teri ma mei ghuse the // t . co / PbVDtPuM3f,negative,negative,80.54
18776,@ SushmaSwaraj mam meri modi ji se gujaris hi ki aapko aor 5 saal maoka de aap pravasio ke liye ab tak sabse achchi … https // t . co / zynM4LtENo,2,@ SushmaSwaraj mam meri modi ji se gujaris hi ki aapko aor 5 saal maoka de aap pravasio ke liye ab tak sabse achchi … // t . co / zynM4LtENo,positive,neutral,66.37
29935,@ SinghlSomya Sahi pakri hoo pick send karana mujha all the best,2,@ SinghlSomya Sahi pakri hoo pick send karana mujha all the best,positive,positive,70.23
42938,RT @ EvertonBlueArmy Former Everton player Wayne Rooney on potentially becoming a coach “ At Everton ? It would be nice . You love your famil …,2,RT @ EvertonBlueArmy Former Everton player Wayne Rooney on potentially becoming a coach “ At Everton ? It would be nice . You love your famil …,positive,positive,85.41
21960,Since you've been around i smile a lot more than i use to ! charot haha,1,Since you've been around i smile a lot more than i use to ! charot haha,neutral,positive,85.2
30558,@ RIzvI ___ says @ abbaslaila5 @ SyedaHijab14 @ your _ cruxh @ AbyHansLo @ Abbas _ naazir @ HussainiLashkar @ pagl _ ho _ tm Lanat beshumarrrrrrr,1,@ RIzvI ___ says @ abbaslaila5 @ SyedaHijab14 @ your _ cruxh @ AbyHansLo @ Abbas _ naazir @ HussainiLashkar @ pagl _ ho _ tm Lanat beshumarrrrrrr,neutral,neutral,74.78
28070,@ Deepasrivastav4 @ kamaalrkhan Because sushant's big movie is coming this august by Nitesh Tiwari and it has good hy … https // t . co / TwTfk2nisT,2,@ Deepasrivastav4 @ kamaalrkhan Because sushant's big movie is coming this august by Nitesh Tiwari and it has good hy … // t . co / TwTfk2nisT,positive,positive,82.1
16352,@ narendramodi Hamare Desh Ke PM Shree Modi Sir Ji Aap Mata Pita Bhagwan Ke Saman Hai Aapko Lakho Lakh Bar Namskar A … https // t . co / PUjZtvNWtI,2,@ narendramodi Hamare Desh Ke PM Shree Modi Sir Ji Aap Mata Pita Bhagwan Ke Saman Hai Aapko Lakho Lakh Bar Namskar A … // t . co / PUjZtvNWtI,positive,positive,85.38
12927,@ 1abramamjad @ Kashmala _ Says @ Zummii _ here @ Chal _ Phutt _ @ ItsMornii @ meri __ merzi @ ainey786 @ iamShanKazmi @ urooj _ says … https // tco / gkFGmwfleq,1,@ 1abramamjad @ Kashmala _ Says @ Zummii _ here @ Chal _ Phutt _ @ ItsMornii @ meri __ merzi @ ainey786 @ iamShanKazmi @ urooj _ says … // tco / gkFGmwfleq,neutral,neutral,75.21
17391,@ GabbbarSingh Ye sale ko pehchan too Ganna ne dilwaya iski Aukat Kiya he Iske jaise Tukde tukde gang Walo ko Kashmi … https // t . co / ztCZ5KOuad,0,@ GabbbarSingh Ye sale ko pehchan too Ganna ne dilwaya iski Aukat Kiya he Iske jaise Tukde tukde gang Walo ko Kashmi … // t . co / ztCZ5KOuad,negative,negative,80.83
42932,@ MadhavSheth1 Pehle realme 2 pro me android pie ka update do 😡😡😡😡,2,@ MadhavSheth1 Pehle realme 2 pro me android pie ka update do 😡😡😡😡,positive,neutral,74.16
40024,RT @ kamalaxmiles @ dukethcmas that's nice but PUDINAY KI CHATNI >>>>,2,RT @ kamalaxmiles @ dukethcmas that's nice but PUDINAY KI CHATNI >>>>,positive,neutral,62.35
21980,Ati kar di besharmi ki .. are prabhu inteha ho gyi hai ab do Isteefa .. isse jyada sitam na kro janta pe 🙏 https // t . co / JNnstFuL79,0,Ati kar di besharmi ki .. are prabhu inteha ho gyi hai ab do Isteefa .. isse jyada sitam na kro janta pe 🙏 // t . co / JNnstFuL79,negative,negative,62.28
33623,Hi Mr . Pak PM . Aapane bola that ki Modi Jitege to Ham Phatake Bajayage ? Bajaye kya agar Nahi Bajaye to Lagao re … https // t . co / D6nqPzE3Ft,0,Hi Mr . Pak PM . Aapane bola that ki Modi Jitege to Ham Phatake Bajayage ? Bajaye kya agar Nahi Bajaye to Lagao re … // t . co / D6nqPzE3Ft,negative,neutral,74.53
19673,Happy Birthday @ NishaMehta _ Nish Ji 🎊🎊🎊🎉🎉🎂🎂🎈🎈🍫🍧🍧🍦🍦👈 😍😍😘😘🌹🌹 # HappyBdayNisha 👈 @ NishaMehta _ Nish 👈 follow her Many Man … https // t . co / OanocjRoj0,2,Happy Birthday @ NishaMehta _ Nish Ji 🎊🎊🎊🎉🎉🎂🎂🎈🎈🍫🍧🍧🍦🍦👈 😍😍😘😘🌹🌹 # HappyBdayNisha 👈 @ NishaMehta _ Nish 👈 follow her Many Man … // t . co / OanocjRoj0,positive,positive,84.84
29953,RT @ ArsalanKHabib1 @ HamidMirPAK Ham Awam Hain q k Musalmano ne 1000 Saal Tak Angrezon par hukmrani ki mager is k bad Muslmano ki apis main …,2,RT @ ArsalanKHabib1 @ HamidMirPAK Ham Awam Hain q k Musalmano ne 1000 Saal Tak Angrezon par hukmrani ki mager is k bad Muslmano ki apis main …,positive,negative,71.84
3161,@ DubeyAbhayRofl dhurv tyagi ko delhi me kaat diya bhaat yadav ko mathura me kaat diya dr narang ko delhi ke vikashp … https // t co / 5Inh91m7aw,0,@ DubeyAbhayRofl dhurv tyagi ko delhi me kaat diya bhaat yadav ko mathura me kaat diya dr narang ko delhi ke vikashp … // t co / 5Inh91m7aw,negative,negative,74.24
31667,@ IndiaToday question kaahe puchte ho . opinion hai kya bc . direct bataate kyun nahi ?,0,@ IndiaToday question kaahe puchte ho . opinion hai kya bc . direct bataate kyun nahi ?,negative,neutral,73.19
30447,@ sardanarohit sir ji Ravis Kumar ke show M to jyenge pravakta kyu Ki udar Dhoda feel gud hoga,1,@ sardanarohit sir ji Ravis Kumar ke show M to jyenge pravakta kyu Ki udar Dhoda feel gud hoga,neutral,positive,79.73
15401,RT @ BikRam37855602 # unemployment modi Hein to Mumkin hein . sad reality https // t . co / FFPILmRUR7,0,RT @ BikRam37855602 # unemployment modi Hein to Mumkin hein . sad reality // t . co / FFPILmRUR7,negative,neutral,61.58
19468,@ SAMBIT _ PATRAg @ anjanaomkashyap BJP party aur members sirf Hindu - Muslim ke siwaye kuch nahi karsakta 2014 manifes … https // t co / IVnfjMPDin,1,@ SAMBIT _ PATRAg @ anjanaomkashyap BJP party aur members sirf Hindu - Muslim ke siwaye kuch nahi karsakta 2014 manifes … // t co / IVnfjMPDin,neutral,negative,52.0
17668,smashed Hard but itne wade wade Bundries hai Ball pahonch he nahi raha ya shayed Ramzan ke wajah se players hard nahi mar sakhte # PAKvWI,1,smashed Hard but itne wade wade Bundries hai Ball pahonch he nahi raha ya shayed Ramzan ke wajah se players hard nahi mar sakhte # PAKvWI,neutral,neutral,62.49
3994,# ChaleAana song sung by me @ ArmaanMalik22 please if you have little time then watch this video . Very beautiful son … https // t . co / IYLHxpLdnd,1,# ChaleAana song sung by me @ ArmaanMalik22 please if you have little time then watch this video . Very beautiful son … // t . co / IYLHxpLdnd,neutral,positive,84.56
126,@ TheSamirAbbas Hadd hai ye ladki pagal hai . Pagal ka arth hai mentally disturbed . Ranchi ya agra,0,@ TheSamirAbbas Hadd hai ye ladki pagal hai . Pagal ka arth hai mentally disturbed . Ranchi ya agra,negative,negative,80.44
41220,@ tikam53 30 % se adhik muslim voters wale seats par BJP nahi jeet paayi hai . Matlab saaf hai ki Muslimon ne BJP ko … https // t . co / ERAQWwAiHa,0,@ tikam53 30 % se adhik muslim voters wale seats par BJP nahi jeet paayi hai . Matlab saaf hai ki Muslimon ne BJP ko … // t . co / ERAQWwAiHa,negative,neutral,69.69
28392,@ priyankagandhi Robert vadra be zameen chori bhi congress Sarkar ke naak ke niche hi ki hai 🤣😂😂😂 pehle apna ghar to … https // t . co / iXei4Y2FIc,0,@ priyankagandhi Robert vadra be zameen chori bhi congress Sarkar ke naak ke niche hi ki hai 🤣😂😂😂 pehle apna ghar to … // t . co / iXei4Y2FIc,negative,negative,80.47
40016,What a great match # ENGvSA let's see # CricketKaCrown kiska hota hai !!,2,What a great match # ENGvSA let's see # CricketKaCrown kiska hota hai !!,positive,positive,72.94
4148,@ spokenatlast @ AMtouristerIN @ india4contests Chaa gaaye bhai ... 🎇🎇 Keep winning !! 👌,2,@ spokenatlast @ AMtouristerIN @ india4contests Chaa gaaye bhai ... 🎇🎇 Keep winning !! 👌,positive,positive,85.05
43603,Mashallah aaj pakistani team ne batting bohat a6i ki aur 349 ka target diya bowling to wese bhi pakistan ki bohat mazboot hai dua kare,2,Mashallah aaj pakistani team ne batting bohat a6i ki aur 349 ka target diya bowling to wese bhi pakistan ki bohat mazboot hai dua kare,positive,positive,84.3
43724,RT @ creambellindia Mazze ko nahi kar saktey beg borrow steal – mazze ko kartey hain sirf FEEL . # IceCreamKaShortForm CREAM BELL BON BON …,1,RT @ creambellindia Mazze ko nahi kar saktey beg borrow steal – mazze ko kartey hain sirf FEEL . # IceCreamKaShortForm CREAM BELL BON BON …,neutral,neutral,73.08
1925,Dear nakko thank you for being the best part of my life . Thank you for always there for me i know you love to hug … https // t . co / J29jcMhhpH,2,Dear nakko thank you for being the best part of my life . Thank you for always there for me i know you love to hug … // t . co / J29jcMhhpH,positive,positive,85.53
15170,RT @ Kavya83052593 M dekho main koi shararat nhi krunga .. kuch bhi nhi krunga jo dekh k tumhe kharab lage .. main sirf baat karunga .. i wont e …,1,RT @ Kavya83052593 M dekho main koi shararat nhi krunga .. kuch bhi nhi krunga jo dekh k tumhe kharab lage .. main sirf baat karunga .. i wont e …,neutral,neutral,72.36
37152,@_ Mansoor _ Ali Jab tak khan sahab hain hamari team wc nahi jeet sakti ..... Kyun k woh ye credit kisi or ko nahi dena … https // t . co / k6jeMlqRws,0,@_ Mansoor _ Ali Jab tak khan sahab hain hamari team wc nahi jeet sakti ..... Kyun k woh ye credit kisi or ko nahi dena … // t . co / k6jeMlqRws,negative,neutral,74.31
31077,RT @ BadigerArun What a movement . No words to say about democracy . Pic itself says thousand words .🙏 modiji . # ModiSarkar2 # ModiCabinet # tren …,1,RT @ BadigerArun What a movement . No words to say about democracy . Pic itself says thousand words .🙏 modiji . # ModiSarkar2 # ModiCabinet # tren …,neutral,neutral,69.55
28603,Tickets kharid lo advance main bsdko nahi to line mai lag k Police k dande khauge 😬 # BHARATAdvanceBookingStarts,0,Tickets kharid lo advance main bsdko nahi to line mai lag k Police k dande khauge 😬 # BHARATAdvanceBookingStarts,negative,negative,72.75
27158,@ naeemul _ haque Shame shame shame on you . # zartajgulwazir ko apni party se nikalo . Lekin ye ap log kabhi b nahi kare … https // t . co / oYoqZV0W50,1,@ naeemul _ haque Shame shame shame on you . # zartajgulwazir ko apni party se nikalo . Lekin ye ap log kabhi b nahi kare … // t . co / oYoqZV0W50,neutral,negative,80.7
15116,Mr PM @ Narender Modi ji aur BJP Adyaksh @ Sh Amit Shah ji ko loktanter ke es sabse bade parv ki Jeet ki bahut bahut … https // t co / nmtGQAF3HO,2,Mr PM @ Narender Modi ji aur BJP Adyaksh @ Sh Amit Shah ji ko loktanter ke es sabse bade parv ki Jeet ki bahut bahut … // t co / nmtGQAF3HO,positive,positive,84.91
29211,@ altbalaji Aeshe to aap par yakin hai Aap meri ho Par Dil me ek jaldbaze lagi hai Mai aap se milne ke lie tadap Rh … https // t co / UIpulBSAl0,2,@ altbalaji Aeshe to aap par yakin hai Aap meri ho Par Dil me ek jaldbaze lagi hai Mai aap se milne ke lie tadap Rh … // t co / UIpulBSAl0,positive,positive,73.26
10075,@ myogiadityanath Mujhe sharm mahasus hoti hai ki uttar Pradesh me BJP ki Sarkar hai hame insaf nhi Mila mere khet G … https // t . co / Imoeku9SrM,0,@ myogiadityanath Mujhe sharm mahasus hoti hai ki uttar Pradesh me BJP ki Sarkar hai hame insaf nhi Mila mere khet G … // t . co / Imoeku9SrM,negative,neutral,60.68
33656,@ b _ shaq You can like it and unlike it if it makes you feel better,1,@ b _ shaq You can like it and unlike it if it makes you feel better,neutral,neutral,73.6
13107,In journalist se mujhe sirf ek hi cheez kehna hai .... Har andhere ke Baad sawera hai .... Sarkarein ayengi aur jaeng … https // t . co / qtUJidBRL8,1,In journalist se mujhe sirf ek hi cheez kehna hai .... Har andhere ke Baad sawera hai .... Sarkarein ayengi aur jaeng … // t . co / qtUJidBRL8,neutral,neutral,67.74
41411,RT @ swatantra015 @ DeepakK75503704 @ LokeshG08608021 @ chitraaum Ye dalal media nahi es party ke dalal aur bekar neta hain .. jis party ka koi …,0,RT @ swatantra015 @ DeepakK75503704 @ LokeshG08608021 @ chitraaum Ye dalal media nahi es party ke dalal aur bekar neta hain .. jis party ka koi …,negative,negative,80.62
39976,@ chhavi @ nikster007 Well aware of this but I've never yet seen ' Pindi Masala ' It's always been Pindi Chhole,1,@ chhavi @ nikster007 Well aware of this but I've never yet seen ' Pindi Masala ' It's always been Pindi Chhole,neutral,neutral,73.96
13233,RT @ Sangeeta123S Only one week wait for bhaijan Fan Salman khan who's always ready to introduce new comers One biggest hits awaiting #…,2,RT @ Sangeeta123S Only one week wait for bhaijan Fan Salman khan who's always ready to introduce new comers One biggest hits awaiting #…,positive,neutral,56.5
44410,No doubt Asish played well but wtf his Raftar Sir se badla ? Gang leaders se bhi badla lega ab yeh ? Xerxes was … https // t . co / QHEC4hQ6aI,0,No doubt Asish played well but wtf his Raftar Sir se badla ? Gang leaders se bhi badla lega ab yeh ? Xerxes was … // t . co / QHEC4hQ6aI,negative,neutral,69.41
35760,@ IzhaanSubhani @ DrNaumanNiaz @ iRashidLatif They deserve even more I love every show eagerly wait for every video .… https // t . co / mp7MANmsGg,2,@ IzhaanSubhani @ DrNaumanNiaz @ iRashidLatif They deserve even more I love every show eagerly wait for every video .… // t . co / mp7MANmsGg,positive,positive,85.5
9543,RT @ FilmHistoryPic Cast and Crew of ‘ Jo Jeeta Wohi Sikandar ’ released 27 years ago on 22 May 1992 @ aamir _ khan @ TheFarahKhan https // tc …,1,RT @ FilmHistoryPic Cast and Crew of ‘ Jo Jeeta Wohi Sikandar ’ released 27 years ago on 22 May 1992 @ aamir _ khan @ TheFarahKhan // tc …,neutral,neutral,67.77
16409,RT @ Trendmood Shade Extensions 🚨 We love it and happy to see more of it @ plouiseacademy is brining us 4 NEW Shades ! 🙌🏻🙌🏼🙌🏽🙌🏾🙌🏿 to our favo …,2,RT @ Trendmood Shade Extensions 🚨 We love it and happy to see more of it @ plouiseacademy is brining us 4 NEW Shades ! 🙌🏻🙌🏼🙌🏽🙌🏾🙌🏿 to our favo …,positive,positive,85.38
24156,@ ZachThEaVeNgEr Hahahahah see this is why your super wolf ! Savage as hell and always true 😆😁👊🏻 i had several games … https // t . co / 2igRKejCI3,2,@ ZachThEaVeNgEr Hahahahah see this is why your super wolf ! Savage as hell and always true 😆😁👊🏻 i had several games … // t . co / 2igRKejCI3,positive,positive,84.77
37381,@ ptshrikant Pranam Bhai Sahab aapke dwara n p kh etasarai jaunpur u p me bijali ki sthithi bahut Achhi hai paran … https // t co / uNAAzlpVOl,2,@ ptshrikant Pranam Bhai Sahab aapke dwara n p kh etasarai jaunpur u p me bijali ki sthithi bahut Achhi hai paran … // t co / uNAAzlpVOl,positive,neutral,53.06
38844,jo bhi Sarkar Ne kuch nahi kiya aap BJP Ki Sarkar Ke Upar Umeed hai Jo hamari Sanjay Colony Bhartiya mangela Jyothi … https // t . co / 837VWulqN6,1,jo bhi Sarkar Ne kuch nahi kiya aap BJP Ki Sarkar Ke Upar Umeed hai Jo hamari Sanjay Colony Bhartiya mangela Jyothi … // t . co / 837VWulqN6,neutral,positive,81.15
30021,@ ZeeNewsHindi Mujhe nahi pata hamare politicians ki kya majburi hai .... Warna Haqikat to unhe bhi pata hai ..... Hatsoff Officer,1,@ ZeeNewsHindi Mujhe nahi pata hamare politicians ki kya majburi hai .... Warna Haqikat to unhe bhi pata hai ..... Hatsoff Officer,neutral,neutral,50.22
8843,@ jokers _ LieMind @ SiddhiS Seriously u're proving that u're a real moron .! BC MKL . Actly u didn't get any points t … https // t . co / agbuirya0o,0,@ jokers _ LieMind @ SiddhiS Seriously u're proving that u're a real moron .! BC MKL . Actly u didn't get any points t … // t . co / agbuirya0o,negative,negative,73.3
23545,@ sharmaprachi61 @ VarShu _ OffiCal @ ritz _ roop @ iam _ prash04 @ deep _ deepika006 @ dazzling _ Snehal @ prakashachary1 … https // t . co / op6qbrUFMP,2,@ sharmaprachi61 @ VarShu _ OffiCal @ ritz _ roop @ iam _ prash04 @ deep _ deepika006 @ dazzling _ Snehal @ prakashachary1 … // t . co / op6qbrUFMP,positive,neutral,73.21
8405,@ Rampuniyani1945 Chutiyani fake news failata hai haramkhor buddhe,0,@ Rampuniyani1945 Chutiyani fake news failata hai haramkhor buddhe,negative,negative,80.82
11382,@ Shailes76803503 @ kishanjha3 @ kunalkamra88 Is bkl ki shakal hi suar jaise hai ... usi ko dekh k log paisa fenk dete hai,0,@ Shailes76803503 @ kishanjha3 @ kunalkamra88 Is bkl ki shakal hi suar jaise hai ... usi ko dekh k log paisa fenk dete hai,negative,negative,80.76
21902,Cute badshah with beautiful style # za __ bb @ iamsrk https // t co / mNHZJadMug,2,Cute badshah with beautiful style # za __ bb @ iamsrk // t co / mNHZJadMug,positive,positive,85.1
17083,Wishing You A Many Many Happy Return Of The Day Happy Birthday Babu Bhaiya @ SirPareshRawal https // t . co / ICxcbH6Iu6,2,Wishing You A Many Many Happy Return Of The Day Happy Birthday Babu Bhaiya @ SirPareshRawal // t . co / ICxcbH6Iu6,positive,positive,85.46
26120,RT @ gfriend __ phrp Happy birthday @ gfrnd _ jeb ! Enjoy your day mama base loves you 😊 https // t co / puMCw7qPUE,2,RT @ gfriend __ phrp Happy birthday @ gfrnd _ jeb ! Enjoy your day mama base loves you 😊 // t co / puMCw7qPUE,positive,positive,85.44
27497,@ Sanjeev _ Baliyan Sir best of luck deen dukhiyo ki madad karna ye janta sirf vote k liye nahi balki hakeekat me jana … https // t co / J1zVf8DO8X,2,@ Sanjeev _ Baliyan Sir best of luck deen dukhiyo ki madad karna ye janta sirf vote k liye nahi balki hakeekat me jana … // t co / J1zVf8DO8X,positive,neutral,59.44
11853,@ 345718 _ nk @ ankitjain237 Isi ko kehte hai aankh mein patti laga kr k bhakti karna . Jaise congress kuch kiya hi nahi … https // t . co / z8l3kjdm6K,0,@ 345718 _ nk @ ankitjain237 Isi ko kehte hai aankh mein patti laga kr k bhakti karna . Jaise congress kuch kiya hi nahi … // t . co / z8l3kjdm6K,negative,neutral,67.0
5513,RT @ jiya _ sharma _ # NAKASH _ AZIZ # live _ concert # happy Red fm bajaate raho ! https // t . co / qHelJQIcXg,2,RT @ jiya _ sharma _ # NAKASH _ AZIZ # live _ concert # happy Red fm bajaate raho ! // t . co / qHelJQIcXg,positive,positive,53.12
7840,@ ladywithflaws Mujhe samajh ni aya please clarify ma'am,1,@ ladywithflaws Mujhe samajh ni aya please clarify ma'am,neutral,neutral,75.12
18702,@ Draj93Peter @ Being _ Tamanna Nahi ji Aapke type ke school mein toh bilkul nahi gayi aur na kabhi jaaungi ! Ab nikali … https // t co / KtjfgDfjK5,1,@ Draj93Peter @ Being _ Tamanna Nahi ji Aapke type ke school mein toh bilkul nahi gayi aur na kabhi jaaungi ! Ab nikali … // t co / KtjfgDfjK5,neutral,neutral,73.46
32035,@ TheQuint BUTCHERS YE MUSLIM MUSLIM K BHI NAHI HUE YE PATA NAHI KISKE H APNE LOGO KO ATMGHATI HAMLAVAR BANA K M … https // t co / h9nZ3XdhfA,0,@ TheQuint BUTCHERS YE MUSLIM MUSLIM K BHI NAHI HUE YE PATA NAHI KISKE H APNE LOGO KO ATMGHATI HAMLAVAR BANA K M … // t co / h9nZ3XdhfA,negative,negative,71.9
23638,RT @ NextLevel _ APC Inauguration day !! Great time catching up with illustrious people . @ fkeyamo @ Ayourb @ BashirAhmaad @ MrAbuSidiq @ Sohia …,2,RT @ NextLevel _ APC Inauguration day !! Great time catching up with illustrious people . @ fkeyamo @ Ayourb @ BashirAhmaad @ MrAbuSidiq @ Sohia …,positive,positive,84.67
21532,RT @ saddamhussain _ g Ye ha # PTM ki haqeet & Jo log in k huq me bool rahe han wo Pakistan k dushman han . # WeStandWithPakArmy # PTMkoBANNkaro …,0,RT @ saddamhussain _ g Ye ha # PTM ki haqeet & Jo log in k huq me bool rahe han wo Pakistan k dushman han . # WeStandWithPakArmy # PTMkoBANNkaro …,negative,negative,73.48
14188,@ Pontifex Kuttar bacca / Son of dog .... Kutte ki billo ... Waladul kalb,1,@ Pontifex Kuttar bacca / Son of dog .... Kutte ki billo ... Waladul kalb,neutral,negative,80.84
30614,@ BTS _ twt RM is such a good speaker ! Hands down to his sexy mentality ! BTS IS REALLY LUCKY TO HAVE YOU AS A LEADER ! 😭😍,2,@ BTS _ twt RM is such a good speaker ! Hands down to his sexy mentality ! BTS IS REALLY LUCKY TO HAVE YOU AS A LEADER ! 😭😍,positive,positive,85.52
24571,@ RoflBabu _ kewo ki kaniye ko maloom ham sab ka bap muslim tha es liye sala preshan kaniya ne shadi nahe ki kahe pho … https // t co / qBc160dufk,0,@ RoflBabu _ kewo ki kaniye ko maloom ham sab ka bap muslim tha es liye sala preshan kaniya ne shadi nahe ki kahe pho … // t co / qBc160dufk,negative,negative,80.29
27513,@ Being _ Bhaii _ Fan @ akshaykumar 😎😎😎😎 Ye Nasha nahi karna hai re baba . E tu aa re ye list Ko bhulja aur Herapheri pe d … https // t . co / wVsT2YiF70,1,@ Being _ Bhaii _ Fan @ akshaykumar 😎😎😎😎 Ye Nasha nahi karna hai re baba . E tu aa re ye list Ko bhulja aur Herapheri pe d … // t . co / wVsT2YiF70,neutral,neutral,72.92
12539,@ AamAadmiParty @ ArvindKejriwal sale chu .... Arvind Kezriwal wo hai jo aaj bhi tum jaise chatukhore ko apne pas bait … https // t . co / 7UBwF3Fdrs,0,@ AamAadmiParty @ ArvindKejriwal sale chu .... Arvind Kezriwal wo hai jo aaj bhi tum jaise chatukhore ko apne pas bait … // t . co / 7UBwF3Fdrs,negative,negative,80.85
19321,@ narendramodi Congratulations sir Hmlog ko apse kafi ummid h Ap k sath Sare indian h Jai hind jai shree Ram,2,@ narendramodi Congratulations sir Hmlog ko apse kafi ummid h Ap k sath Sare indian h Jai hind jai shree Ram,positive,positive,85.54
31620,Increase vacancies for SSC CGL 2017 Sabka Sath Sabka Vikas # IncreaseSSCCGL2017Vacancies … https // tco / 8g72qqE4hp,2,Increase vacancies for SSC CGL 2017 Sabka Sath Sabka Vikas # IncreaseSSCCGL2017Vacancies … // tco / 8g72qqE4hp,positive,positive,66.44
34910,@ rssurjewala @ INCIndia Abhi to BJP Ko 303 aaye hai congress wale sadme me chal gaye 2024 me jab BJP 400+ aayege to … https // t co / CozW2rtVEU,1,@ rssurjewala @ INCIndia Abhi to BJP Ko 303 aaye hai congress wale sadme me chal gaye 2024 me jab BJP 400+ aayege to … // t co / CozW2rtVEU,neutral,negative,76.79
11433,@ Nationalist _ Om Islaam kabool karne ki bohut AAG lagi thi Jawaani ka bhooth jo sirpe chadha tha . Ab Jawaani ke s … https // t . co / z9kVargp6V,0,@ Nationalist _ Om Islaam kabool karne ki bohut AAG lagi thi Jawaani ka bhooth jo sirpe chadha tha . Ab Jawaani ke s … // t . co / z9kVargp6V,negative,neutral,74.69
7952,@ AnupamConnects Bhakt Before election - 45 years or 70 years unemployment rate high Aayega to modi hi . After elec … https // t . co / 36zp789H64,0,@ AnupamConnects Bhakt Before election - 45 years or 70 years unemployment rate high Aayega to modi hi . After elec … // t . co / 36zp789H64,negative,neutral,68.44
38711,Jis Sena ke but Modi Ji chunav me Jit Kar ate Hain BJP ki Sarkar wale Rajya me unke hi Gunde Sainikon ko Lahu luhan … https // t . co / V60IgArzOv,1,Jis Sena ke but Modi Ji chunav me Jit Kar ate Hain BJP ki Sarkar wale Rajya me unke hi Gunde Sainikon ko Lahu luhan … // t . co / V60IgArzOv,neutral,negative,57.63
27291,@ TahirMughalPml1 @ MaryamNSharif Ye paisa imran niazi k baap ka jo ura rha hai jo pakistan barbaad krn cha rha Allah … https // t . co / HdTDCFgqhI,0,@ TahirMughalPml1 @ MaryamNSharif Ye paisa imran niazi k baap ka jo ura rha hai jo pakistan barbaad krn cha rha Allah … // t . co / HdTDCFgqhI,negative,negative,80.81
22017,@ SyedHam14393491 @ MaryamNSharif @ rubinasadiqe Chor chor chor machaye shor Maryam bibi Ramadan ka month guzar gaya … https // t . co / KdY7CXZR8I,0,@ SyedHam14393491 @ MaryamNSharif @ rubinasadiqe Chor chor chor machaye shor Maryam bibi Ramadan ka month guzar gaya … // t . co / KdY7CXZR8I,negative,negative,79.16
6200,@ aajtak Kaya pak media channels ne b indian players ko invite kita hai . BC tumhari gaa @#@# mai jiyada khujli hoti … https // t . co / K9R9kpke9u,0,@ aajtak Kaya pak media channels ne b indian players ko invite kita hai . BC tumhari gaa @#@# mai jiyada khujli hoti … // t . co / K9R9kpke9u,negative,negative,80.45
13119,@ Dream11 Band kr drama dream 11 50% use nhi kr payenge toh khelunga kya bc 25% tax kabhi kate ho 😠 31% tax GSt sgst … https // t co / PchcLECfE4,0,@ Dream11 Band kr drama dream 11 50% use nhi kr payenge toh khelunga kya bc 25% tax kabhi kate ho 😠 31% tax GSt sgst … // t co / PchcLECfE4,negative,neutral,66.51
17456,@ SirPareshRawal Janamdin ki Dher sari Subhkamnaye Sir Maalik Aapko achhi Health ke Sath dher sari Khusiya bhi de 🎂… https // t co / 5upFXm2zJ0,2,@ SirPareshRawal Janamdin ki Dher sari Subhkamnaye Sir Maalik Aapko achhi Health ke Sath dher sari Khusiya bhi de 🎂… // t co / 5upFXm2zJ0,positive,positive,85.53
43872,@ BushraAamir baz oqat alfaz nahi hote un jazbat ko byan karne k lye or zuban sath nhi dyti un ehsasat ko samjhne k … https // t . co / MmYoo3nQ21,2,@ BushraAamir baz oqat alfaz nahi hote un jazbat ko byan karne k lye or zuban sath nhi dyti un ehsasat ko samjhne k … // t . co / MmYoo3nQ21,positive,neutral,70.28
14593,@ chavanabhi1418 Behad mandbudhi ho tum Na history ka Gyan h na shastra ka sayad chamche ho well chamcho s Hume umid b ni,1,@ chavanabhi1418 Behad mandbudhi ho tum Na history ka Gyan h na shastra ka sayad chamche ho well chamcho s Hume umid b ni,neutral,negative,46.22
17085,So my angel mum is making my fav pilau chicken salan raita salad and is allowing us all to open our Iftar and ea … https // t . co / dEgXd97TwM,2,So my angel mum is making my fav pilau chicken salan raita salad and is allowing us all to open our Iftar and ea … // t . co / dEgXd97TwM,positive,neutral,61.3
24568,@ peaceforchange Ghanta ...... Khaane ko Roti nahi Aawam Pareshaan hai Mehangayi se aur Imran aur Fauz ke Generals ne … https // t . co / IbfgRErKav,0,@ peaceforchange Ghanta ...... Khaane ko Roti nahi Aawam Pareshaan hai Mehangayi se aur Imran aur Fauz ke Generals ne … // t . co / IbfgRErKav,negative,neutral,71.01
30806,@ sky _ larkaa O ni koi msla ni Ab jisko pta ni us ne puch b liya tou kia kch ni,1,@ sky _ larkaa O ni koi msla ni Ab jisko pta ni us ne puch b liya tou kia kch ni,neutral,neutral,74.51
27311,@ different _ F @ MJibranNasir China bhi kafir hai agar waha bolne ki himmat nahi to India se bhi naa bole kaayde me … https // t . co / hMy5TYMqUN,0,@ different _ F @ MJibranNasir China bhi kafir hai agar waha bolne ki himmat nahi to India se bhi naa bole kaayde me … // t . co / hMy5TYMqUN,negative,negative,73.71
20355,AMNESIA PURPLE 🌱 🌱 Amnesia Lemon x Purple Kush 🌱 Follow up by Adri G Have a great day ! 😉 # GreenwoodGifts 🌱 High Qua … https // t co / 3nhDVIBWs0,2,AMNESIA PURPLE 🌱 🌱 Amnesia Lemon x Purple Kush 🌱 Follow up by Adri G Have a great day ! 😉 # GreenwoodGifts 🌱 High Qua … // t co / 3nhDVIBWs0,positive,positive,83.31
35086,@ MashwaniAzhar @ Ahmad _ CG @ MahmoodK69 Ub hum sarkar ka mukabla tu nhi ker sekty akhir is shaher mai jeena bhi hai 😀,1,@ MashwaniAzhar @ Ahmad _ CG @ MahmoodK69 Ub hum sarkar ka mukabla tu nhi ker sekty akhir is shaher mai jeena bhi hai 😀,neutral,neutral,73.49
23533,@ abpnewshindi @ NitishKumar @ NitishKumar ji ka chutiya kaat diya Modi ne .... saari malai @ irvpaswan le gaya wo bhi … https // t . co / 0kBXvlt7aM,1,@ abpnewshindi @ NitishKumar @ NitishKumar ji ka chutiya kaat diya Modi ne .... saari malai @ irvpaswan le gaya wo bhi … // t . co / 0kBXvlt7aM,neutral,negative,78.79
28914,RT @ ArvindK02696397 Sarkar ne aaj cabinet baithak me teacher bahali .. par koi nirnay nahi liya ... so sad,0,RT @ ArvindK02696397 Sarkar ne aaj cabinet baithak me teacher bahali .. par koi nirnay nahi liya ... so sad,negative,neutral,73.38
15249,@ sardanarohit @ sardanarohit ye aap nahi vo gussa bol raha he jo @ jarariya91 ne Godi media ko boycott karne ko kaha … https // t co / SUWtNCXWrE,1,@ sardanarohit @ sardanarohit ye aap nahi vo gussa bol raha he jo @ jarariya91 ne Godi media ko boycott karne ko kaha … // t co / SUWtNCXWrE,neutral,neutral,73.28
8726,@ DrSEShinde @ subhashgbhoir dombiwali traffic problem bas dusare kahi nahi @ AmhiDombivlikar,1,@ DrSEShinde @ subhashgbhoir dombiwali traffic problem bas dusare kahi nahi @ AmhiDombivlikar,neutral,neutral,72.32
39459,@ GanemSalauddin @ Rangoli _ A @ KanganaTeam @ Advani _ Kiara @ karanjohar Tum logo ke bolne se koi fark ni pdta .. usko . Usk … https // t . co / 0tixqx05Kw,1,@ GanemSalauddin @ Rangoli _ A @ KanganaTeam @ Advani _ Kiara @ karanjohar Tum logo ke bolne se koi fark ni pdta .. usko . Usk … // t . co / 0tixqx05Kw,neutral,negative,78.06
13721,@ SanjayAzadSln Abbey Dalle Beti ko molest karne ki shikayat karne gaya Bap ki Tere Jija or Sasuraliyo ne jo Boti Bo … https // t . co / 3ZaaCjVpYE,0,@ SanjayAzadSln Abbey Dalle Beti ko molest karne ki shikayat karne gaya Bap ki Tere Jija or Sasuraliyo ne jo Boti Bo … // t . co / 3ZaaCjVpYE,negative,negative,80.68
14935,@ abhisar _ sharma Madamji mee tera bhai nahi hai .. arre guu aadmi agar @ MamataOfficial aaisa nahi karegi toh muslim vo … https // t . co / 1cVgHptXU6,0,@ abhisar _ sharma Madamji mee tera bhai nahi hai .. arre guu aadmi agar @ MamataOfficial aaisa nahi karegi toh muslim vo … // t . co / 1cVgHptXU6,negative,neutral,46.9
35054,@ tinygums YAYYYYYY IM HAPPY FOR U 💜 im sure its socute )-,2,@ tinygums YAYYYYYY IM HAPPY FOR U 💜 im sure its socute )-,positive,positive,53.57
14903,@ LambaAlka Manmohan singh kahan se aaye the ..... Is election mein bjp ka koi candidate nahin jeeta hai ... Sirf modi … https // t . co / DSkqLgIm4p,1,@ LambaAlka Manmohan singh kahan se aaye the ..... Is election mein bjp ka koi candidate nahin jeeta hai ... Sirf modi … // t . co / DSkqLgIm4p,neutral,neutral,63.13
23911,Me and my friends are really looking forward for this movie https // t co / QLYEiXkeuR # MenInBlackHindiTrailer,1,Me and my friends are really looking forward for this movie // t co / QLYEiXkeuR # MenInBlackHindiTrailer,neutral,positive,78.76
31240,@ TheHinduMag @ nathan _ archana Yahan logon ko khaane ko nahi mil raha aur ye khaane me onion-garlic dhund rahe hain .… https // t . co / 8HKzG2CfNZ,0,@ TheHinduMag @ nathan _ archana Yahan logon ko khaane ko nahi mil raha aur ye khaane me onion-garlic dhund rahe hain .… // t . co / 8HKzG2CfNZ,negative,negative,50.91
34160,@ abdulahkatwiter @ Hoorain97 yr serious poucho to dil nai krta bus ye jo log fake fake chor bolty hn inhon ne hi mujy bnaya ha,0,@ abdulahkatwiter @ Hoorain97 yr serious poucho to dil nai krta bus ye jo log fake fake chor bolty hn inhon ne hi mujy bnaya ha,negative,negative,80.79
35245,Nothing beats Roti with chatni and makhni along with lassi in this heat ! # desi,2,Nothing beats Roti with chatni and makhni along with lassi in this heat ! # desi,positive,neutral,63.76
32565,@ UHBVN _ sir mani gadariya line me roz light nahi rhti complaint phone band he,1,@ UHBVN _ sir mani gadariya line me roz light nahi rhti complaint phone band he,neutral,neutral,73.6
8307,Congress + opposition ko jab News debate main jaake Govt ko pelke hawa / nanga karna tha GDP + Unemployment data pe ye … https // t . co / VbQGjhOi6V,0,Congress + opposition ko jab News debate main jaake Govt ko pelke hawa / nanga karna tha GDP + Unemployment data pe ye … // t . co / VbQGjhOi6V,negative,neutral,71.46
29329,@ saleem _ mohad @ ANILSHA33854761 Abbbe to saale paidal chala kar madarchod Pappu k gulam Hindu rashtra k liye taiiyar hoja katue,0,@ saleem _ mohad @ ANILSHA33854761 Abbbe to saale paidal chala kar madarchod Pappu k gulam Hindu rashtra k liye taiiyar hoja katue,negative,negative,80.81
16170,@ OmerAlazawy10 @ SuperSaf I absolutely had no lag or stutter on my Exynos Note 9. Everything runs really great .,2,@ OmerAlazawy10 @ SuperSaf I absolutely had no lag or stutter on my Exynos Note 9. Everything runs really great .,positive,positive,71.59
19470,@ herofwinterfell @ ParineetiChopra Reply milne ke baad with love from Anup bolnaa 😗,2,@ herofwinterfell @ ParineetiChopra Reply milne ke baad with love from Anup bolnaa 😗,positive,positive,49.98
19568,@ SaleemKhanSafi Saleem Safi tere jaman taey lanat tu apni Maan k kasam nawaz shareef kuttey par Kabhi nahi Bola Lif … https // t . co / ENuAyLaN11,0,@ SaleemKhanSafi Saleem Safi tere jaman taey lanat tu apni Maan k kasam nawaz shareef kuttey par Kabhi nahi Bola Lif … // t . co / ENuAyLaN11,negative,negative,80.85
6997,@ Being _ Shupriya @ Incognito _ River Mateey 😕 aapke ashirwad ss koii abaad nahi hoga barbaad hoga # radhemaa,1,@ Being _ Shupriya @ Incognito _ River Mateey 😕 aapke ashirwad ss koii abaad nahi hoga barbaad hoga # radhemaa,neutral,neutral,54.13
10430,@ Gulati _ Ka _ Gyan @ free _ thinker Tum Mulle ho . Atankwadi ko suport karte ho . Tumko IB pe yakin nahi Court pe yakin n … https // t . co / 4k7RoBcvzU,1,@ Gulati _ Ka _ Gyan @ free _ thinker Tum Mulle ho . Atankwadi ko suport karte ho . Tumko IB pe yakin nahi Court pe yakin n … // t . co / 4k7RoBcvzU,neutral,negative,65.0
15261,@ narendramodi Abhinandan Modigi 300+ Nitinji Gadkari Ko aap VICE prime minister banayiye + jo Abhi ki ministry bh … https // t . co / o0JIH3gD2R,1,@ narendramodi Abhinandan Modigi 300+ Nitinji Gadkari Ko aap VICE prime minister banayiye + jo Abhi ki ministry bh … // t . co / o0JIH3gD2R,neutral,positive,74.37
22124,RT @ VirusUncle Tujh jaisa khud India ka loss mtlb Sanghiyo aur bhakto ka loss bta rha h .. fir royega ki ham ( muzlims ) se nationalism ka pro …,0,RT @ VirusUncle Tujh jaisa khud India ka loss mtlb Sanghiyo aur bhakto ka loss bta rha h .. fir royega ki ham ( muzlims ) se nationalism ka pro …,negative,negative,64.14
5480,@ Cricket _ GIF @ RoflGandhi _ Very good . You are saccha desh bhakt . Proud of you . Who needs food when there is air !,2,@ Cricket _ GIF @ RoflGandhi _ Very good . You are saccha desh bhakt . Proud of you . Who needs food when there is air !,positive,positive,85.55
17067,RT @ YasArafat12 Thanks alot hafeez bhai and good luck for the world cup inshallha will do well 🤲🤲 all prayers with you . https // t . co / Si7Z3 …,1,RT @ YasArafat12 Thanks alot hafeez bhai and good luck for the world cup inshallha will do well 🤲🤲 all prayers with you . // t . co / Si7Z3 …,neutral,positive,85.52
31889,@ Aintyou3 Ha ha ha ... you are in the right place . apna toh pata nahi but aapki toh wapas laane ki koshish start ...,2,@ Aintyou3 Ha ha ha ... you are in the right place . apna toh pata nahi but aapki toh wapas laane ki koshish start ...,positive,positive,81.75
18881,Aww I love this 😂😂😂❤️ Happy 32nd @ sonakshisinha 😘 # HappyBirthdaySonakshiSinha https // t . co / nLvJqCSnjP,2,Aww I love this 😂😂😂❤️ Happy 32nd @ sonakshisinha 😘 # HappyBirthdaySonakshiSinha // t . co / nLvJqCSnjP,positive,positive,85.4
7056,E dekho sarwa neharuaa patane me laga hai ... desh bhakt aazadi ki ladai ladd rahe the aur E saala aiasi me laga hua … https // t . co / aK6G5RRbDv,2,E dekho sarwa neharuaa patane me laga hai ... desh bhakt aazadi ki ladai ladd rahe the aur E saala aiasi me laga hua … // t . co / aK6G5RRbDv,positive,neutral,66.34
33821,@ narendramodi @ AmitShah sir I am a blind supporter of BJP but not a dumb . I can sense the arrogance of BJP MLA in y … https // t . co / omK0pCQFjD,1,@ narendramodi @ AmitShah sir I am a blind supporter of BJP but not a dumb . I can sense the arrogance of BJP MLA in y … // t . co / omK0pCQFjD,neutral,negative,72.17
323,@ Lelo _ na I love it sm 😂 a gone gal 🤣🤣,2,@ Lelo _ na I love it sm 😂 a gone gal 🤣🤣,positive,positive,85.27
13892,24th Ramadan Kareem ! # 24thRamadanKareem # Happy # RamadanMubarak # Muslims # Rehmat # Maghfirat # Nijaat # 2k19 … https // t co / 1zhZN6jZJ1,2,24th Ramadan Kareem ! # 24thRamadanKareem # Happy # RamadanMubarak # Muslims # Rehmat # Maghfirat # Nijaat # 2k19 … // t co / 1zhZN6jZJ1,positive,positive,82.88
38424,@ narendramodi Hearty Congratulations Hon Prime Minister Shri Narendra Modi ji and wish you all the best to continue … https // t co / YqIiGyUZgK,2,@ narendramodi Hearty Congratulations Hon Prime Minister Shri Narendra Modi ji and wish you all the best to continue … // t co / YqIiGyUZgK,positive,positive,85.51
17015,Bharat Bijlee We are offering Bharat Bijlee Brake Motors Keeping ou For more info visit https // t co / gHwxXE6P5n https // t co / wubk8Ngicg,1,Bharat Bijlee We are offering Bharat Bijlee Brake Motors Keeping ou For more info visit // t co / gHwxXE6P5n // t co / wubk8Ngicg,neutral,neutral,72.68
38179,RT @ komalwalia14 @ BhavikaKapoor5 @ smritiirani Yeah Sab Ek jaise hai ghadhe actually no donkeys have more intelligence then them 🙄🙄🙄🙄,0,RT @ komalwalia14 @ BhavikaKapoor5 @ smritiirani Yeah Sab Ek jaise hai ghadhe actually no donkeys have more intelligence then them 🙄🙄🙄🙄,negative,neutral,72.62
44162,23may k baad modi aur shah ko Pakistan chor aate hai qki pata nahi q bjp aur Pakistan ka gehra nata hai https // tco / CDBzzXf3jK,0,23may k baad modi aur shah ko Pakistan chor aate hai qki pata nahi q bjp aur Pakistan ka gehra nata hai // tco / CDBzzXf3jK,negative,negative,80.16
2550,@ Outof _ league Nahi bahan ladkiyan to aajkal Queen's life ji rahi . Him hi log bhikhari ho gaye hain .,0,@ Outof _ league Nahi bahan ladkiyan to aajkal Queen's life ji rahi . Him hi log bhikhari ho gaye hain .,negative,negative,79.32
30413,@ RahulGandhi Hum Congress se the aur Congress se rhege humare irado ko ye Kya todege godse ko desh bhakt manne wal … https // t co / CYd8cdG6ew,1,@ RahulGandhi Hum Congress se the aur Congress se rhege humare irado ko ye Kya todege godse ko desh bhakt manne wal … // t co / CYd8cdG6ew,neutral,negative,70.14
42112,@ Rksharm72077106 @ MuslimXDiff @ TarekFatah Ye Dharam Ke chalane walon ne likha Hai . Iska सार्वभौमिक रूप से ( Univers … https // t . co / YJaIFxsEpg,1,@ Rksharm72077106 @ MuslimXDiff @ TarekFatah Ye Dharam Ke chalane walon ne likha Hai . Iska सार्वभौमिक रूप से ( Univers … // t . co / YJaIFxsEpg,neutral,negative,79.13
35248,@ asha _ shahid Dua to everyone yar .. kehne ki b zarurat nahi 😊😊 .. but kuch special person k lye special si dua b hoti haina 😉,2,@ asha _ shahid Dua to everyone yar .. kehne ki b zarurat nahi 😊😊 .. but kuch special person k lye special si dua b hoti haina 😉,positive,neutral,51.79
15184,@ udaykotak @ narendramodi Congratulations to our Prime Minister Shri Narendra Modi ji for the massive mandate and be … https // t . co / 7JQFtk5Hd1,2,@ udaykotak @ narendramodi Congratulations to our Prime Minister Shri Narendra Modi ji for the massive mandate and be … // t . co / 7JQFtk5Hd1,positive,positive,85.52
17244,@ sardanarohit Agar kisika ke naam se entertainment Karke koi apna pet bharta h to usme burai Nahi h bohot sare com … https // t . co / MFUeXK2vuR,1,@ sardanarohit Agar kisika ke naam se entertainment Karke koi apna pet bharta h to usme burai Nahi h bohot sare com … // t . co / MFUeXK2vuR,neutral,negative,74.99
26223,Papa ki princess with half dp ko to wesay bhi koi nahi janta https // tco / 0ffn0lV13x,1,Papa ki princess with half dp ko to wesay bhi koi nahi janta // tco / 0ffn0lV13x,neutral,neutral,74.41
24592,@ Anshika _ Pandit _ Kya Hindu Muslims iske elaawa aur koi baat nahi hoti yahan Are ye socho Hindu ho ya Muslim hay to … https // t co / cyItAF2c8R,1,@ Anshika _ Pandit _ Kya Hindu Muslims iske elaawa aur koi baat nahi hoti yahan Are ye socho Hindu ho ya Muslim hay to … // t co / cyItAF2c8R,neutral,neutral,63.64
42509,@ Muhamma37196903 @ YouTube @ TSeries Pakistani nalle itna darte hai humse ki apna chehra bhi nahi lagate profile pic … https // t co / qglkj5Um6p,0,@ Muhamma37196903 @ YouTube @ TSeries Pakistani nalle itna darte hai humse ki apna chehra bhi nahi lagate profile pic … // t co / qglkj5Um6p,negative,negative,50.29
32148,@ HeyAhsaasChanna I like your pairing with Jeetu bhaiyya @ Farjigulzar very much . Both of you look awesome .,2,@ HeyAhsaasChanna I like your pairing with Jeetu bhaiyya @ Farjigulzar very much . Both of you look awesome .,positive,positive,85.51
42741,sayad kuch IPS ne criminal broker se illegal rupee & deal kiye the up police khud ko chor proof kr ti hui aap sb ko … https // t . co / Bvn3dQd1qA,0,sayad kuch IPS ne criminal broker se illegal rupee & deal kiye the up police khud ko chor proof kr ti hui aap sb ko … // t . co / Bvn3dQd1qA,negative,negative,73.79
9079,Kya baat hai hamare India ki 😆😁# JCBkikhudai https // t . co / 0gT7GEtnT7,2,Kya baat hai hamare India ki 😆😁# JCBkikhudai // t . co / 0gT7GEtnT7,positive,neutral,73.46
11717,@ kunalkamra88 @ Swamy39 Teri okat gaddaro k talue chatne ki hi he .,0,@ kunalkamra88 @ Swamy39 Teri okat gaddaro k talue chatne ki hi he .,negative,negative,80.78
12337,@ Ashokkumar21219 Congress ka bantadar tho congress ke gulam aur chamche hi Kar rahe hai 😂😂😂😂😂 Accha hai ye log ais … https // t . co / MREUcECiGv,0,@ Ashokkumar21219 Congress ka bantadar tho congress ke gulam aur chamche hi Kar rahe hai 😂😂😂😂😂 Accha hai ye log ais … // t . co / MREUcECiGv,negative,negative,80.81
805,@ AmitShah @ narendramodi Aapko bahut bahut badhai ho Amitshah ji asha karte Hain ki aap bhi Modi ji ki tarah hi hama … https // t . co / 1hTGPqK2ma,1,@ AmitShah @ narendramodi Aapko bahut bahut badhai ho Amitshah ji asha karte Hain ki aap bhi Modi ji ki tarah hi hama … // t . co / 1hTGPqK2ma,neutral,positive,85.52
24533,Happy belated birthday ya @ Amgedelshiekh 🎉🎊🎉 in shaa allah lil sana al jaya arsenal ytsl7,2,Happy belated birthday ya @ Amgedelshiekh 🎉🎊🎉 in shaa allah lil sana al jaya arsenal ytsl7,positive,positive,85.14
18721,@ Bhuvan _ Bam Muje to vohi hi real papa lgte h # bablu _ ji really . This is good news that he is fine your real Papa ji .🤗,1,@ Bhuvan _ Bam Muje to vohi hi real papa lgte h # bablu _ ji really . This is good news that he is fine your real Papa ji .🤗,neutral,neutral,56.51
22963,@ AfreenPargan Ok ab samjha yeh musalman saare rapist kyun hote hain ... Bas suwaron ki tarah paida karne ko seekhte … https // t . co / TO7BRHhB2K,0,@ AfreenPargan Ok ab samjha yeh musalman saare rapist kyun hote hain ... Bas suwaron ki tarah paida karne ko seekhte … // t . co / TO7BRHhB2K,negative,negative,80.53
23147,@ dgurjarofficial @ RahulGandhi @ INCIndia Gurjar bhai janta banati he or bigad bhi deti he Samajhdar ko esara kafi he Jai hind,0,@ dgurjarofficial @ RahulGandhi @ INCIndia Gurjar bhai janta banati he or bigad bhi deti he Samajhdar ko esara kafi he Jai hind,negative,neutral,42.9
2235,Bapa ki 26veen aap sab ko Mubarak ho Humari Mubabbat Bapa se aur barh jaati hai jb hum Mureed e Kamil Nigran e Shoo … https // t . co / Lytj9MHGyJ,1,Bapa ki 26veen aap sab ko Mubarak ho Humari Mubabbat Bapa se aur barh jaati hai jb hum Mureed e Kamil Nigran e Shoo … // t . co / Lytj9MHGyJ,neutral,positive,85.48
19218,@ badTAEmiz HAYEEE U FINALLY DID IT 🤣🤣🤣🤣🔥🔥🔥🔥 Jahangir Bhai ka jalwa toh dekho 🔥🔥💅🏻💅🏻 https // t co / mryuDT9qMg,2,@ badTAEmiz HAYEEE U FINALLY DID IT 🤣🤣🤣🤣🔥🔥🔥🔥 Jahangir Bhai ka jalwa toh dekho 🔥🔥💅🏻💅🏻 // t co / mryuDT9qMg,positive,neutral,50.73
561,@ ANI Mazhab ke naam par Election jeetna koi bada kaarnama nahi hota A message to @ asadowaisi and @ narendramodi https // t . co / RRMXHuYnUU,0,@ ANI Mazhab ke naam par Election jeetna koi bada kaarnama nahi hota A message to @ asadowaisi and @ narendramodi // t . co / RRMXHuYnUU,negative,neutral,73.65
17054,@ KapilMishra _ IND @ DrKumarVishwas jha tk maine aapke tweet pde aap bhi sirf ek hi mamle pr tweet kiye the Yha mai ki … https // t . co / gXoC3O9Kly,1,@ KapilMishra _ IND @ DrKumarVishwas jha tk maine aapke tweet pde aap bhi sirf ek hi mamle pr tweet kiye the Yha mai ki … // t . co / gXoC3O9Kly,neutral,neutral,75.21
6051,@ LSUDBharath @ RChacharia @ Dhananjay _ Tech ahh no problem Thanks for offering help !,1,@ LSUDBharath @ RChacharia @ Dhananjay _ Tech ahh no problem Thanks for offering help !,neutral,positive,60.53
19014,RT @ venicitys Worst feeling ever ? — walking away from a relationship that u really wanted to work so bad damn i dont want to let u go but …,0,RT @ venicitys Worst feeling ever ? — walking away from a relationship that u really wanted to work so bad damn i dont want to let u go but …,negative,neutral,56.79
37377,@ MamataOfficial aapki tanashahi khatam ab ek bhi Bjp ka worker ka murder kiya tmc ne toh president rule pakka phi … https // t co / DOQiXR1F1Q,0,@ MamataOfficial aapki tanashahi khatam ab ek bhi Bjp ka worker ka murder kiya tmc ne toh president rule pakka phi … // t co / DOQiXR1F1Q,negative,negative,75.6
14,@ zWffFY9JGklElA1 @ Min _ Of _ Lyching @ thakurdadu089 @ manakgupta @ OfficeOfKNath Mein kahna nae chahta qki mere Yaha btay … https // tco / JWSdvvomt8,1,@ zWffFY9JGklElA1 @ Min _ Of _ Lyching @ thakurdadu089 @ manakgupta @ OfficeOfKNath Mein kahna nae chahta qki mere Yaha btay … // tco / JWSdvvomt8,neutral,neutral,72.75
20033,@ Xadeejournalist @ zartajgulwazir Hahaha ... you want her to be disqualified from govt position as well . Ramzan ka khyal karo,2,@ Xadeejournalist @ zartajgulwazir Hahaha ... you want her to be disqualified from govt position as well . Ramzan ka khyal karo,positive,neutral,54.28
28044,@ DrSJaishankar @ SushmaSwaraj Sushma Ji has set great bench marks in foreign ministry . @ DrSJaishankar Sir you have … https // t . co / frasvx55kw,1,@ DrSJaishankar @ SushmaSwaraj Sushma Ji has set great bench marks in foreign ministry . @ DrSJaishankar Sir you have … // t . co / frasvx55kw,neutral,positive,85.33
18184,Raat to Waqt Ki Pa'band Hai Dhall Jaye Gi * Dekhna Yeh Hai Charaghon Ka Safar Kitna Hai !!!… https // t co / Bxi508S9Wl,2,Raat to Waqt Ki Pa'band Hai Dhall Jaye Gi * Dekhna Yeh Hai Charaghon Ka Safar Kitna Hai !!!… // t co / Bxi508S9Wl,positive,neutral,68.63
9187,@ VijayKedia1 Samay Samay ki baat hi @ dhruv _ rathee ab # ModiIsNoDivider # timemagazine ispr kch bolne ki himmat bc … https // t co / tG43OAFL9e,1,@ VijayKedia1 Samay Samay ki baat hi @ dhruv _ rathee ab # ModiIsNoDivider # timemagazine ispr kch bolne ki himmat bc … // t co / tG43OAFL9e,neutral,neutral,48.65
35497,Abki bar jalsa or sandar Bahut Bahut subhkamnaye Maniey P . M Modi ji https // t . co / PYDHDSVX9Y,2,Abki bar jalsa or sandar Bahut Bahut subhkamnaye Maniey P . M Modi ji // t . co / PYDHDSVX9Y,positive,positive,85.52
13674,@ irenaakbar Mullon ka yahi problem hai See any country other then islamic onesthey hate the country they live in … https // tco / oJw2fWzgv8,0,@ irenaakbar Mullon ka yahi problem hai See any country other then islamic onesthey hate the country they live in … // tco / oJw2fWzgv8,negative,negative,79.02
16500,@ Unknown83117895 @ riyaOmm @ WickedMandar @ jack aap sab purane movie kalaakaron ko sarkar ka taraf se great service award milna chaheye g !,1,@ Unknown83117895 @ riyaOmm @ WickedMandar @ jack aap sab purane movie kalaakaron ko sarkar ka taraf se great service award milna chaheye g !,neutral,positive,73.02
35472,RT @ faizzanzafar007 Oh my god . The best catch in history of World cricket . Oh Bhains what a catch . # Stokes # ENGSA,2,RT @ faizzanzafar007 Oh my god . The best catch in history of World cricket . Oh Bhains what a catch . # Stokes # ENGSA,positive,positive,85.39
38975,@ TahirMughalPml1 @ Asimrafi9 Kaan Mian Baat Ki Phir ISS Ki Behan Ko Bataia K Harami Brother Say Kaho K Kamm Bhonka K … https // t . co / 5rVKOMGGyQ,0,@ TahirMughalPml1 @ Asimrafi9 Kaan Mian Baat Ki Phir ISS Ki Behan Ko Bataia K Harami Brother Say Kaho K Kamm Bhonka K … // t . co / 5rVKOMGGyQ,negative,negative,80.69
13653,@ AmitShah sir ji Is bar Dooud ko nipta Do Nirav modi Vijay malya in sab see kugh nahi hoga ye to rat he kugh na … https // t . co / 2PVpv8byvj,0,@ AmitShah sir ji Is bar Dooud ko nipta Do Nirav modi Vijay malya in sab see kugh nahi hoga ye to rat he kugh na … // t . co / 2PVpv8byvj,negative,neutral,73.99
40801,RT @ ghost _ spotter @ anikjaat8 Ye sirf pauranik kathaon mein payi jaati thi . Vaastavikta se iska koi sambandh nahi hai,1,RT @ ghost _ spotter @ anikjaat8 Ye sirf pauranik kathaon mein payi jaati thi . Vaastavikta se iska koi sambandh nahi hai,neutral,neutral,71.66
4577,@ SushmaSwaraj Madam aapne jo desh hit m kam kiya m us ke liye aapko dill se badhai deta hu or aap ke behtar swasth … https // t . co / 0rjDQ6O7OT,2,@ SushmaSwaraj Madam aapne jo desh hit m kam kiya m us ke liye aapko dill se badhai deta hu or aap ke behtar swasth … // t . co / 0rjDQ6O7OT,positive,positive,85.51
26214,# CongMediaBoycott ab iska kya matlab samje cong ne media ko boycott kiya hai ya media ne congress ko bahut hee confusion hai 😂😂,1,# CongMediaBoycott ab iska kya matlab samje cong ne media ko boycott kiya hai ya media ne congress ko bahut hee confusion hai 😂😂,neutral,neutral,72.35
18500,@ RajThackeray Mahrastra ka nirman ho chuka haii aur Tere gundo ki sena ki jaroort nahii — - bas tere jaise gundo ka s … https // t . co / AXPhKPyLUN,0,@ RajThackeray Mahrastra ka nirman ho chuka haii aur Tere gundo ki sena ki jaroort nahii — - bas tere jaise gundo ka s … // t . co / AXPhKPyLUN,negative,negative,79.54
43342,@ saurabh32796567 @ ashutosh83B Chud be sale . Kahan se start hua ye dekh . Pehle ashutosh ne sardana ko to kuchh nah … https // t . co / eMN8mw3syR,0,@ saurabh32796567 @ ashutosh83B Chud be sale . Kahan se start hua ye dekh . Pehle ashutosh ne sardana ko to kuchh nah … // t . co / eMN8mw3syR,negative,negative,77.53
20111,@ INCIndia Gaddho Abhi to sudhro Chaplusi chamchagiri ki Rajniti band karo Abhi bahut Dam _ Kham Baki hai Congress me … https // t . co / zlIYj9fgny,1,@ INCIndia Gaddho Abhi to sudhro Chaplusi chamchagiri ki Rajniti band karo Abhi bahut Dam _ Kham Baki hai Congress me … // t . co / zlIYj9fgny,neutral,negative,80.78
25406,@ TheNeuroticGal Yeh loog be afghani sympathizers hai yeh Pakistan ko Aman main dekna nahi chahte,1,@ TheNeuroticGal Yeh loog be afghani sympathizers hai yeh Pakistan ko Aman main dekna nahi chahte,neutral,negative,79.28
23291,@ KapilSharmaK9 @ SonyTV rabb tuhaanu hor trakki bkshe sir ifda agge vd de rho love u sir,2,@ KapilSharmaK9 @ SonyTV rabb tuhaanu hor trakki bkshe sir ifda agge vd de rho love u sir,positive,positive,85.46
22250,Uttar joota Maar joota Desh ke gaddar ISI ke kutte Maderchod Ambani ki tatti chatne Wale Harami EVM De peda hue gad … https // t . co / qJkUh3NtTi,0,Uttar joota Maar joota Desh ke gaddar ISI ke kutte Maderchod Ambani ki tatti chatne Wale Harami EVM De peda hue gad … // t . co / qJkUh3NtTi,negative,negative,80.73
11715,roz bombay train k bahar se logo ko side me potty karte dekhna log jhopde me hai bhook se mar rahe hai log road … https // t co / xIVpf41xdq,1,roz bombay train k bahar se logo ko side me potty karte dekhna log jhopde me hai bhook se mar rahe hai log road … // t co / xIVpf41xdq,neutral,negative,79.3
28036,@ narendramodi Indian Prime minister Shri Narendar modi ji Badhai congratulations,2,@ narendramodi Indian Prime minister Shri Narendar modi ji Badhai congratulations,positive,positive,85.14
19968,@ Abn07 @ nadiakhaan Kabih Fail siraf Kisi Aurat say Relation hi nahi or bhi Bohat say Fail Kabih haain jo ham Insano … https // t . co / YS0VYc3wUW,0,@ Abn07 @ nadiakhaan Kabih Fail siraf Kisi Aurat say Relation hi nahi or bhi Bohat say Fail Kabih haain jo ham Insano … // t . co / YS0VYc3wUW,negative,neutral,68.38
11942,@ TheLallantop Dear Saurabh ji requesting you please make video on emergency I likes your video very much special … https // t co / zVhfbyvLzY,1,@ TheLallantop Dear Saurabh ji requesting you please make video on emergency I likes your video very much special … // t co / zVhfbyvLzY,neutral,positive,85.11
16903,@ mohsinbhutta5 So sweet 🌸🌸 Thanks Mohsin 😊🙏 Aap bhi hmesha khush rahiye May God bless you https // t co / X3FghFzzJO,2,@ mohsinbhutta5 So sweet 🌸🌸 Thanks Mohsin 😊🙏 Aap bhi hmesha khush rahiye May God bless you // t co / X3FghFzzJO,positive,positive,85.52
15034,RT @ ManjariPravin RajeevKhandelwal flop actor tha h aur rhega . Maiya KTH me se lath mar k nikali thi aur industry se bhi phenk diya tha .…,0,RT @ ManjariPravin RajeevKhandelwal flop actor tha h aur rhega . Maiya KTH me se lath mar k nikali thi aur industry se bhi phenk diya tha .…,negative,negative,71.44
29465,RT @ Emren _ Mustafa Just read “ Jab dil ko lagti ha tab h dil Khuda se lagta ha ” and it ’ s 101% true in my opinion .,1,RT @ Emren _ Mustafa Just read “ Jab dil ko lagti ha tab h dil Khuda se lagta ha ” and it ’ s 101% true in my opinion .,neutral,neutral,70.31
23624,@ Raymeenovic Best option niyen . Awa niyen o,2,@ Raymeenovic Best option niyen . Awa niyen o,positive,neutral,69.76
17359,@ narendramodi @ hagegeingob Narendra modi jee aapne 5sal take bahut ache kam kiye hai aap hi ke dwara bharat ki puri … https // t co / x4uHNG5s8c,2,@ narendramodi @ hagegeingob Narendra modi jee aapne 5sal take bahut ache kam kiye hai aap hi ke dwara bharat ki puri … // t co / x4uHNG5s8c,positive,positive,84.25
16223,Aap ki dna news me is awaj ko sare desh bashi o ko pouchao hame aasha hai modi ji aapka dna interview ki jariye se … https // t co / v3sbPBL3KX,2,Aap ki dna news me is awaj ko sare desh bashi o ko pouchao hame aasha hai modi ji aapka dna interview ki jariye se … // t co / v3sbPBL3KX,positive,neutral,72.79
20011,RT @ KJoonTR [⭐] Merhaba ç i ç eklerim Biliyorsunuz ki yar ı n lgs s ı nav ı na girecek olan arkada ş lar ı m ı z var . O ki ş iler i ç in birka ç ş ey s ö ylemek is …,1,RT @ KJoonTR [⭐] Merhaba ç i ç eklerim Biliyorsunuz ki yar ı n lgs s ı nav ı na girecek olan arkada ş lar ı m ı z var . O ki ş iler i ç in birka ç ş ey s ö ylemek is …,neutral,neutral,73.24
3441,Fucking with low IQ girl .... Girl Is * fookne se hum kya karenge ... Me 😣😣! Birthday banayenge aur kya ...,1,Fucking with low IQ girl .... Girl Is * fookne se hum kya karenge ... Me 😣😣! Birthday banayenge aur kya ...,neutral,negative,80.71
6989,News Channels Se Bhi Experts Social Media hai kyu ki Evm me ghotala Gadbadi ke Hajaaro Videos Social media me aarah … https // t . co / Y1gXdEA40J,0,News Channels Se Bhi Experts Social Media hai kyu ki Evm me ghotala Gadbadi ke Hajaaro Videos Social media me aarah … // t . co / Y1gXdEA40J,negative,negative,78.65
19936,@ YogiDevnathji @ MamataOfficial @ AmitShah @ myogiadityanath @ KailashOnline @ sardanarohit Mamta kutiya ..... Jai shree ram @ MamataOfficial,0,@ YogiDevnathji @ MamataOfficial @ AmitShah @ myogiadityanath @ KailashOnline @ sardanarohit Mamta kutiya ..... Jai shree ram @ MamataOfficial,negative,neutral,72.85
32638,@ LambaAlka Delhi ki janta ne tumhe jitaya tha kon sa teer mar liya jinhe rat din chor-2 bolte nahi thakte the unhi … https // t . co / JJV5QAlz7C,0,@ LambaAlka Delhi ki janta ne tumhe jitaya tha kon sa teer mar liya jinhe rat din chor-2 bolte nahi thakte the unhi … // t . co / JJV5QAlz7C,negative,negative,79.57
16519,RT @ Insa _ vrsha 🌺 Good Morning @ Gurmeetramrahim Papa ji ...🌺💕 Bless me for Sewa Simrn n Parmarth Rabb ji ..🙇‍♀️ Dhan dhan satguru tera hi aasr …,2,RT @ Insa _ vrsha 🌺 Good Morning @ Gurmeetramrahim Papa ji ...🌺💕 Bless me for Sewa Simrn n Parmarth Rabb ji ..🙇‍♀️ Dhan dhan satguru tera hi aasr …,positive,positive,85.51
32738,@ rummanraees15 MA SHA ALLAH ! A very happy birthday to bhabhi and Rohaan ! Stay blessed !,2,@ rummanraees15 MA SHA ALLAH ! A very happy birthday to bhabhi and Rohaan ! Stay blessed !,positive,positive,85.52
22344,Jay modi raj Super talented differently abled artist paints PM Modi using his toes https // t co / 8UW3brISJ2,2,Jay modi raj Super talented differently abled artist paints PM Modi using his toes // t co / 8UW3brISJ2,positive,positive,85.05
19420,@ BebakAawaj Sahi h sir Is jazbe ko kabhi kam hone nahi dena Is ladaai me hum bhi aapke sath h Social media ke jari … https // t . co / UleEBXDPRB,2,@ BebakAawaj Sahi h sir Is jazbe ko kabhi kam hone nahi dena Is ladaai me hum bhi aapke sath h Social media ke jari … // t . co / UleEBXDPRB,positive,positive,84.56
4840,RT @ Ritika _ Sjian _ @ Queen36040611 Behen ! Tere tweets padh pr meri pet dard hone laga he ! # 1YearOfBehir,0,RT @ Ritika _ Sjian _ @ Queen36040611 Behen ! Tere tweets padh pr meri pet dard hone laga he ! # 1YearOfBehir,negative,neutral,75.32
38603,RT @ Abhishe58164643 @ vivekoberoi @ narendramodi Modi is gift for us he is not leader of Hindumuslmansikh etc he is leader of human of ind …,2,RT @ Abhishe58164643 @ vivekoberoi @ narendramodi Modi is gift for us he is not leader of Hindumuslmansikh etc he is leader of human of ind …,positive,neutral,63.32
39297,Chutiye gai ki puja kyu ki jaati hai kabhi socha hai ? Kyuki wo kisan ko dudh deti hai jisse usko kuch kamai hi jati … https // t co / 46eiYNb3RT,1,Chutiye gai ki puja kyu ki jaati hai kabhi socha hai ? Kyuki wo kisan ko dudh deti hai jisse usko kuch kamai hi jati … // t co / 46eiYNb3RT,neutral,negative,80.58
34805,@ chitraaum @ aajtak @ BeingSalmanKhan U shud not call such criminals on ur show Saale ne maasoom logon pe apni gaadi chadha di thi Qaatil,0,@ chitraaum @ aajtak @ BeingSalmanKhan U shud not call such criminals on ur show Saale ne maasoom logon pe apni gaadi chadha di thi Qaatil,negative,negative,80.8
18898,@ VasundharaBJP @ narendramodi Congratulations Hon P M @ narendramodi aapko jeet ki bhut badhai ho Congress vale aa … https // t co / 8Dvf1phy1A,2,@ VasundharaBJP @ narendramodi Congratulations Hon P M @ narendramodi aapko jeet ki bhut badhai ho Congress vale aa … // t co / 8Dvf1phy1A,positive,positive,85.52
6918,jb samny wala kuch keh raha ho to phir bass usski suno or sirf muskrao 😜😜 cox apka time bhi aiga phir ap bolein … https // tco / wZHev9ZPBj,2,jb samny wala kuch keh raha ho to phir bass usski suno or sirf muskrao 😜😜 cox apka time bhi aiga phir ap bolein … // tco / wZHev9ZPBj,positive,neutral,74.42
14954,@ rajnathsingh Bhaut bhaut bhadhyai ho app ko ki aap hamare new india ke defence minister bane 🙏. Bas ek request y … https // t . co / cvrXfhqTXU,2,@ rajnathsingh Bhaut bhaut bhadhyai ho app ko ki aap hamare new india ke defence minister bane 🙏. Bas ek request y … // t . co / cvrXfhqTXU,positive,neutral,74.09
27009,# MeSheStories She I want to give you something you will always remember . Me Bc dhokha mat dena ab .,0,# MeSheStories She I want to give you something you will always remember . Me Bc dhokha mat dena ab .,negative,neutral,72.86
16834,@ ManaalMushtaq usko bhool jao warna hurt hoti rahogi atleast Allah ne tumhe bachaliya un janwaar say .. jo hua wo t … https // t . co / QyYwD7U2ma,1,@ ManaalMushtaq usko bhool jao warna hurt hoti rahogi atleast Allah ne tumhe bachaliya un janwaar say .. jo hua wo t … // t . co / QyYwD7U2ma,neutral,negative,79.55
30921,@ foxtrot _ zulu93 meray to wo aik mamo bhi nahi aarahe is bar eid pe 😪,1,@ foxtrot _ zulu93 meray to wo aik mamo bhi nahi aarahe is bar eid pe 😪,neutral,neutral,74.58
16582,AJ BABA RAM DEV KEH RAHE HAI KI TISARE BACHE KA VOTE NHI HONA CHIYE FIR KAL KAHEGE KAM PADE LIKH KO VOTE KA ADHIKAR … https // t . co / qojhh04ccB,0,AJ BABA RAM DEV KEH RAHE HAI KI TISARE BACHE KA VOTE NHI HONA CHIYE FIR KAL KAHEGE KAM PADE LIKH KO VOTE KA ADHIKAR … // t . co / qojhh04ccB,negative,negative,80.54
35202,RT @ batoolzquotes My father's favourite words if any of us fails in something Girtay hein shehsawaar hi maidaan-e-jang mein ! Really …,2,RT @ batoolzquotes My father's favourite words if any of us fails in something Girtay hein shehsawaar hi maidaan-e-jang mein ! Really …,positive,neutral,75.11
9181,Dil jigra ek he hi lekin ispe har bar kurban kar du # Bharat ki shan salman khan https // t co / DHheyz38O8,2,Dil jigra ek he hi lekin ispe har bar kurban kar du # Bharat ki shan salman khan // t co / DHheyz38O8,positive,positive,83.82
26394,@ DrRPNishank @ HRDMinistry @ narendramodi Sir Ji ' HRD ' Minister Bannne Ki Aapko Bahut Bahut Bhadai . Sir Ji Mujhe B … https // t . co / 0g4e5kvu8m,2,@ DrRPNishank @ HRDMinistry @ narendramodi Sir Ji ' HRD ' Minister Bannne Ki Aapko Bahut Bahut Bhadai . Sir Ji Mujhe B … // t . co / 0g4e5kvu8m,positive,positive,85.5
14704,@ chitraaum @ BJP4India @ MamataOfficial Mamata didi fas Gayi hai apne jaal me seculars ko khush karne k chakkar me hindu chitak Gaye,2,@ chitraaum @ BJP4India @ MamataOfficial Mamata didi fas Gayi hai apne jaal me seculars ko khush karne k chakkar me hindu chitak Gaye,positive,negative,80.28
36346,@ prateek2502 @ bhak _ sala Boss is always right waalo ko bulaya hai bas 😅,1,@ prateek2502 @ bhak _ sala Boss is always right waalo ko bulaya hai bas 😅,neutral,neutral,65.12
19822,@ Imransh62361845 Imran miyan Thank you for liking R / T my poetry I am really greatful to you Your appreciation en … https // t co / enXtDsXWOU,2,@ Imransh62361845 Imran miyan Thank you for liking R / T my poetry I am really greatful to you Your appreciation en … // t co / enXtDsXWOU,positive,positive,85.48
20818,Koi butiful ki piche koi paisa ki piche koi ladki ki piche koi dusaron ki biwi ki piche koi dusaron ki pati ki … https // t . co / llQ2RCCmmm,1,Koi butiful ki piche koi paisa ki piche koi ladki ki piche koi dusaron ki biwi ki piche koi dusaron ki pati ki … // t . co / llQ2RCCmmm,neutral,negative,75.3
36726,@ kamaalrkhan You are a much better actor than most of our current superstar . Please do more big budget action movies .,2,@ kamaalrkhan You are a much better actor than most of our current superstar . Please do more big budget action movies .,positive,positive,84.8
33223,@ shen _ asman @ DrSMFanClub Bc tujhy payr se samjha raha hn tu kuty ki trha bhonk raha inta mard hai to randi k bachy … https // t . co / A3G6UV4lfJ,0,@ shen _ asman @ DrSMFanClub Bc tujhy payr se samjha raha hn tu kuty ki trha bhonk raha inta mard hai to randi k bachy … // t . co / A3G6UV4lfJ,negative,negative,80.83
16659,RT @ YearOfRat Some Saira woman on Republic The majority is NOT always right Ye vohi log hain jo pichhle 5 saal se humein bataa rahe t …,1,RT @ YearOfRat Some Saira woman on Republic The majority is NOT always right Ye vohi log hain jo pichhle 5 saal se humein bataa rahe t …,neutral,negative,74.68
17307,@ RahulGandhi Lokshabh me Rajasthan or MP me isliye hre kyuki yha sarkar banne ke bad koi vacancy nhi Nikli or Aap berojgari ki bat krte ho,1,@ RahulGandhi Lokshabh me Rajasthan or MP me isliye hre kyuki yha sarkar banne ke bad koi vacancy nhi Nikli or Aap berojgari ki bat krte ho,neutral,negative,64.67
21270,Happy Birthday @ AshVerma111 Sir 🎉🎊 May this day bring you all the things that make you Smile 😊 Sir return Gift 🎁 mei … https // t co / 5jNmhjihLH,2,Happy Birthday @ AshVerma111 Sir 🎉🎊 May this day bring you all the things that make you Smile 😊 Sir return Gift 🎁 mei … // t co / 5jNmhjihLH,positive,positive,85.43
22206,RT @ CutestFunniest Me Bhai Tinde hain ? Sabzi wala Nahi . Me Laana bhi mat iss area me kabhi .,1,RT @ CutestFunniest Me Bhai Tinde hain ? Sabzi wala Nahi . Me Laana bhi mat iss area me kabhi .,neutral,neutral,74.79
34893,@ AbdulSrkians @ srk _ worldof @ TrickBolly jo hai tax bhar ke rakhi hai is hakle deshdrohi ki tarah ghotale nahi kiye 😂😂 https // tco / GnWskHx8gK,0,@ AbdulSrkians @ srk _ worldof @ TrickBolly jo hai tax bhar ke rakhi hai is hakle deshdrohi ki tarah ghotale nahi kiye 😂😂 // tco / GnWskHx8gK,negative,negative,73.25
36423,@ PujaaGhosh @ AK3Wonder Yeah my mom use to see to unke sath i too used watch 😊,1,@ PujaaGhosh @ AK3Wonder Yeah my mom use to see to unke sath i too used watch 😊,neutral,neutral,72.72
37104,@ Haaaanbol Mjhe 7 ssal hogaye I know tooter language but waqae life is way too much complex jo sirf migraine se khrab nhin hoti,0,@ Haaaanbol Mjhe 7 ssal hogaye I know tooter language but waqae life is way too much complex jo sirf migraine se khrab nhin hoti,negative,neutral,61.74
7741,@ StarSportsIndia we miss the mauka mauka campaign Get it back # indvspak # CWC2019 # maukamauka,2,@ StarSportsIndia we miss the mauka mauka campaign Get it back # indvspak # CWC2019 # maukamauka,positive,neutral,70.94
26494,@ D _ Roopa _ IPS Seedhe encounter kar diya fake news ka Salute to you Ma'am !!,1,@ D _ Roopa _ IPS Seedhe encounter kar diya fake news ka Salute to you Ma'am !!,neutral,neutral,74.59
37229,@ narendramodi @ hagegeingob Narendra modi jee aapne 5sal take bahut ache kam kiye hai . aap hi ke dwara bharat ki puri … https // t . co / x4uHNG5s8c,2,@ narendramodi @ hagegeingob Narendra modi jee aapne 5sal take bahut ache kam kiye hai . aap hi ke dwara bharat ki puri … // t . co / x4uHNG5s8c,positive,positive,84.31
876,Baby you did an amazing job today .. i hope you ’ re feeling good .. i wish i would be at your hotel room wating for yo … https // t . co / G7RWHiIDhs,2,Baby you did an amazing job today .. i hope you ’ re feeling good .. i wish i would be at your hotel room wating for yo … // t . co / G7RWHiIDhs,positive,positive,85.49
15721,RT @ tamashbeen _ Hello @ rahulkanwal why you have deleted your orgasmic tweet ? Zyada khushi ho rahi hai toh Bhagwa chaddi me anchoring kar …,0,RT @ tamashbeen _ Hello @ rahulkanwal why you have deleted your orgasmic tweet ? Zyada khushi ho rahi hai toh Bhagwa chaddi me anchoring kar …,negative,neutral,63.85
3196,@ Radha274402 nahi radha ji kaon kahta h ki bhagat singh chandrashekhar aajad jaise deshbhakt is dharati pe janm nhi … https // t co / Bx7D82EMXh,2,@ Radha274402 nahi radha ji kaon kahta h ki bhagat singh chandrashekhar aajad jaise deshbhakt is dharati pe janm nhi … // t co / Bx7D82EMXh,positive,neutral,72.42
27907,@ wtfluffy17 HAHAHAHA lagi best gift ever ba thankyou karra . see you around ),2,@ wtfluffy17 HAHAHAHA lagi best gift ever ba thankyou karra . see you around ),positive,positive,85.37
1472,@ myogiadityanath ese bar jogi ji Desh Ka home minister banenge to Desh Ke Liye bahut achha hoga Desh Ka andar bad … https // t co / DV9p0I5J83,1,@ myogiadityanath ese bar jogi ji Desh Ka home minister banenge to Desh Ke Liye bahut achha hoga Desh Ka andar bad … // t co / DV9p0I5J83,neutral,neutral,62.91
27082,@ Oye _ Aisha @ itx _ awari @ parran _ mar @_ its _ TAD07 @ lotus _ hun @ kazmi _ shahkar @ Bao _ Raaami @ ugly _ potato2001 @ Qasim _ Nobita @ sunoo _ chanda Sorry 😐,1,@ Oye _ Aisha @ itx _ awari @ parran _ mar @_ its _ TAD07 @ lotus _ hun @ kazmi _ shahkar @ Bao _ Raaami @ ugly _ potato2001 @ Qasim _ Nobita @ sunoo _ chanda Sorry 😐,neutral,neutral,71.76
44244,@ MamttaOfficial Ye v chal rha ispe v likha ja rha h to modi ko kyon nhi karenge @ khushsundar @ ShilpiSinghINC kya ba … https // t . co / hHoS1aZXY8,1,@ MamttaOfficial Ye v chal rha ispe v likha ja rha h to modi ko kyon nhi karenge @ khushsundar @ ShilpiSinghINC kya ba … // t . co / hHoS1aZXY8,neutral,neutral,73.01
31603,love my Indiya https // t . co / CB9FABdBcN,2,love my Indiya // t . co / CB9FABdBcN,positive,positive,84.81
18824,@ theskindoctor13 Happy Birthday Doctor sahab 💐 bhagwaan aapko khush or swasth rkhe or aap hme aise hi apni creativity se hansaate rhe 🎂,2,@ theskindoctor13 Happy Birthday Doctor sahab 💐 bhagwaan aapko khush or swasth rkhe or aap hme aise hi apni creativity se hansaate rhe 🎂,positive,positive,85.53
3328,vese me zada bat NI krti Saadi ki koi bi ho baat ise related but sir apke liy Waheguru ji Sach me apke zese bhut ac … https // t . co / Rdari00JQ6,2,vese me zada bat NI krti Saadi ki koi bi ho baat ise related but sir apke liy Waheguru ji Sach me apke zese bhut ac … // t . co / Rdari00JQ6,positive,neutral,71.72
16911,@ ZeeZooMeeMoo1 I miss the grill days - there is no maaza in a toaster https // t co / 5Tr7ULJlxQ,1,@ ZeeZooMeeMoo1 I miss the grill days - there is no maaza in a toaster // t co / 5Tr7ULJlxQ,neutral,neutral,67.7
29246,RT @ adarshdubey083 Today booked 2 tickets with my close buddy only for my fav actor @ BeingSalmanKhan of first day first show of # Bharat Y …,2,RT @ adarshdubey083 Today booked 2 tickets with my close buddy only for my fav actor @ BeingSalmanKhan of first day first show of # Bharat Y …,positive,neutral,70.55
44737,@ akhter _ se @ 08fahad _ khan @ ZedsDeadb BJP wale ho kya ? Sahi baat ko galat saabit kar rahe,1,@ akhter _ se @ 08fahad _ khan @ ZedsDeadb BJP wale ho kya ? Sahi baat ko galat saabit kar rahe,neutral,neutral,65.83
9657,@ ambedkariteIND Meat or Gost ? Iss video ki jaanch honi chahiye Hindu Gost nhi bolte hain . Koi bhi reaction dene se … https // t . co / sqvUPX7wCU,1,@ ambedkariteIND Meat or Gost ? Iss video ki jaanch honi chahiye Hindu Gost nhi bolte hain . Koi bhi reaction dene se … // t . co / sqvUPX7wCU,neutral,neutral,61.58
18529,@ SanjayAzadSln Ab naxali kutte hame terrorism ki baat samajhenge ..,1,@ SanjayAzadSln Ab naxali kutte hame terrorism ki baat samajhenge ..,neutral,negative,80.7
1706,@ rzikhan91 Ye to duniya janti h kaun kiski marta h . Dunuya ne bhi sari wars dekhi h . Khujli wale kutte se jyada puc … https // t . co / G77AKSh1p7,0,@ rzikhan91 Ye to duniya janti h kaun kiski marta h . Dunuya ne bhi sari wars dekhi h . Khujli wale kutte se jyada puc … // t . co / G77AKSh1p7,negative,negative,80.86
20261,RT @ afsheen _ mavi May on this EID The plate of your life is filled with Juicy Kababs and Tikkas topped with Chatni of Happiness and cover …,1,RT @ afsheen _ mavi May on this EID The plate of your life is filled with Juicy Kababs and Tikkas topped with Chatni of Happiness and cover …,neutral,neutral,49.06
32452,@ bts4eva1995 Ahh dear I can feel you haha,2,@ bts4eva1995 Ahh dear I can feel you haha,positive,positive,84.18
22756,@ KTRTRS good afternoon sir my name is Yadaiah IAM in Attapur Rajendra Nagar but I am very big problem please help … https // t co / FJCHacHW4s,1,@ KTRTRS good afternoon sir my name is Yadaiah IAM in Attapur Rajendra Nagar but I am very big problem please help … // t co / FJCHacHW4s,neutral,neutral,72.64
14077,@ RajputPinki2 @ narendramodi Dam laga lo jitna hai kabhi Nahi ho shakta hai 4number Ka Kaam puri zindgi nikal jig … https // t . co / G4iKflNpP0,2,@ RajputPinki2 @ narendramodi Dam laga lo jitna hai kabhi Nahi ho shakta hai 4number Ka Kaam puri zindgi nikal jig … // t . co / G4iKflNpP0,positive,positive,77.57
20199,What the fuck is this ? Is chote say bachay ko kiya sekhaa rahe hen ?? Emraan hashmi bana k rakh diya hai isko koi sh … https // t . co / xZziX1piBb,0,What the fuck is this ? Is chote say bachay ko kiya sekhaa rahe hen ?? Emraan hashmi bana k rakh diya hai isko koi sh … // t . co / xZziX1piBb,negative,negative,80.76
29137,@ vikasbha 12 k likes .... these 12 k think that they are nationalist they are Hindu they are bhkt of modi they are b … https // t . co / sEnK0SpxrZ,0,@ vikasbha 12 k likes .... these 12 k think that they are nationalist they are Hindu they are bhkt of modi they are b … // t . co / sEnK0SpxrZ,negative,negative,67.84
21313,@ jitupatwari Tumhari yahi samasya h pahle bhi nahi sudhre abhi bhi wahi harkat .... are desh ke logo ne vote diyaa h … https // t . co / vRfZc92Juw,0,@ jitupatwari Tumhari yahi samasya h pahle bhi nahi sudhre abhi bhi wahi harkat .... are desh ke logo ne vote diyaa h … // t . co / vRfZc92Juw,negative,negative,80.86
20479,@ rajnathsingh Congratulations sir ! Wish to see something Hatke from Kadi Ninda,2,@ rajnathsingh Congratulations sir ! Wish to see something Hatke from Kadi Ninda,positive,positive,85.38
2589,Modi Sir There is no LIGHT since 1020 pm in Tilak Nagar ( West Delhi ),1,Modi Sir There is no LIGHT since 1020 pm in Tilak Nagar ( West Delhi ),neutral,neutral,74.62
42688,@ narendramodi Bahut bahut badhai or subhkamnaye 🙏🙏 https // t . co / nGKQCuqk0p,2,@ narendramodi Bahut bahut badhai or subhkamnaye 🙏🙏 // t . co / nGKQCuqk0p,positive,positive,85.51
16912,RT @ shergill _ bunny Batao BC ek thappad mein girr jaane waale ladke bhi bhaari beard rakh ke deadly look de rahe hain aajkal,1,RT @ shergill _ bunny Batao BC ek thappad mein girr jaane waale ladke bhi bhaari beard rakh ke deadly look de rahe hain aajkal,neutral,negative,80.75
19027,@ AcharyaPramodk Duracharyon ko sabse pahle seedha karne ki jaroorat hai nahi ki News Anchors ko . Desh me Durachary … https // t . co / ThtRH8sdgL,0,@ AcharyaPramodk Duracharyon ko sabse pahle seedha karne ki jaroorat hai nahi ki News Anchors ko . Desh me Durachary … // t . co / ThtRH8sdgL,negative,negative,77.08
15657,@ fawadchaudhry Uski fikr chor k jo apky mulk mei choti bachio k rape ho ry hen uska koi qanoon bnae shame on you,0,@ fawadchaudhry Uski fikr chor k jo apky mulk mei choti bachio k rape ho ry hen uska koi qanoon bnae shame on you,negative,negative,80.82
17237,@ IMO1495 Kya achha keya hai ? destroying ki bina kuch nahi ke Pakistan destroyed my country,0,@ IMO1495 Kya achha keya hai ? destroying ki bina kuch nahi ke Pakistan destroyed my country,negative,negative,54.52
15275,RT @ SiddhantChturvD Jitne bhi Cheer Phaad CA huwele na aaj tak ;) All the best doston ! 🙌 # CAFinal,2,RT @ SiddhantChturvD Jitne bhi Cheer Phaad CA huwele na aaj tak ;) All the best doston ! 🙌 # CAFinal,positive,positive,85.41
25858,RT @ fatma _ karume Sina CHAMA CHOCHOTE ! I am a TZnian first . It makes life so much easier . Maana I am not blinded by party politics . Imagine …,1,RT @ fatma _ karume Sina CHAMA CHOCHOTE ! I am a TZnian first . It makes life so much easier . Maana I am not blinded by party politics . Imagine …,neutral,positive,59.47
26971,@ xoxo _ aaaj The only thing I felt bad about was how she lost her parents but after that she ’ s a mess,1,@ xoxo _ aaaj The only thing I felt bad about was how she lost her parents but after that she ’ s a mess,neutral,neutral,69.61
22049,ISB / Awam Hushyar Hojae Ogra Nay Petrol Aur Desel Ki Tamam Masnoat Ke Qemat 10 Rupy Zaed Kerny Ki Samrri Hakomat Ko Arsaal Kerdi .,0,ISB / Awam Hushyar Hojae Ogra Nay Petrol Aur Desel Ki Tamam Masnoat Ke Qemat 10 Rupy Zaed Kerny Ki Samrri Hakomat Ko Arsaal Kerdi .,negative,neutral,60.12
19233,@ Dildaar __ @ Aliwazirna50 Hum apni zameen pr hai or ty tum log India sy aye ty tum logo Ko lat mar ky India bejna c … https // t co / HfrE9wRnY6,0,@ Dildaar __ @ Aliwazirna50 Hum apni zameen pr hai or ty tum log India sy aye ty tum logo Ko lat mar ky India bejna c … // t co / HfrE9wRnY6,negative,negative,67.68
19038,@ Vedaant52277338 @ shan68290529 @ iam _ Against _ Me @ SanjayAzadSln Jo jis layak hota h aisa nhi ek chor ko samne wala c … https // t . co / oKsvyd99iu,1,@ Vedaant52277338 @ shan68290529 @ iam _ Against _ Me @ SanjayAzadSln Jo jis layak hota h aisa nhi ek chor ko samne wala c … // t . co / oKsvyd99iu,neutral,negative,76.26
28798,Visvas kumar great leader i don't know but he is great human and we like his performance 😄😄🎤 https // t . co / vzWRzwSdpH,2,Visvas kumar great leader i don't know but he is great human and we like his performance 😄😄🎤 // t . co / vzWRzwSdpH,positive,positive,85.5
898,Aise barish se dosti a66i nahi maaraz tere khud ka gar mitti ka h Ku6 to khyal kar Tera intzar har koi nahi karega … https // t . co / VnzralLxAe,1,Aise barish se dosti a66i nahi maaraz tere khud ka gar mitti ka h Ku6 to khyal kar Tera intzar har koi nahi karega … // t . co / VnzralLxAe,neutral,neutral,59.88
467,RT @ wunderbarfilms We love you back 500M + guys ❤️ We are speechless by the way you guys showered love on our # RowdyBaby . We mean it . Much …,2,RT @ wunderbarfilms We love you back 500M + guys ❤️ We are speechless by the way you guys showered love on our # RowdyBaby . We mean it . Much …,positive,positive,85.48
26526,@ UmarOfTexas Have to keep it dark to avoid too much bijlee for the bill,1,@ UmarOfTexas Have to keep it dark to avoid too much bijlee for the bill,neutral,neutral,74.35
19430,@ Mamun034 Kutte harrami aurtien badchallni khud se krti hain ? Harrami unn aurton k saath tere jese khabees iblees b … https // t . co / DEz1Nz0HqR,0,@ Mamun034 Kutte harrami aurtien badchallni khud se krti hain ? Harrami unn aurton k saath tere jese khabees iblees b … // t . co / DEz1Nz0HqR,negative,negative,80.85
15120,@ ansarraza16 Tu sbse bda chatukar h sale kbhi kbhi akilesh Ka aam chusta h to kbhi sivpal Ka or kuch me BJP Ka aam … https // t co / yDShc8JTYB,0,@ ansarraza16 Tu sbse bda chatukar h sale kbhi kbhi akilesh Ka aam chusta h to kbhi sivpal Ka or kuch me BJP Ka aam … // t co / yDShc8JTYB,negative,negative,80.79
2277,@ ANI Aksebdkrak neta congress committee ke meating . me sabhi members ko naye posts milege . congress aage badte javo .,1,@ ANI Aksebdkrak neta congress committee ke meating . me sabhi members ko naye posts milege . congress aage badte javo .,neutral,neutral,71.35
1900,RT @ viruswhiz One last reporting trip with @ priyanka _ runwal to pick strawberries (@ mendozamartha you were right — this is fun !) Can ’ t b …,1,RT @ viruswhiz One last reporting trip with @ priyanka _ runwal to pick strawberries (@ mendozamartha you were right — this is fun !) Can ’ t b …,neutral,neutral,68.51
24862,Modi ji kehte h 132 crore deshwasion ke samarthan se vo P M bane h magar m ek sikh hone ke Nate kehta hoo Punjab m … https // t co / AoPHFol4RO,1,Modi ji kehte h 132 crore deshwasion ke samarthan se vo P M bane h magar m ek sikh hone ke Nate kehta hoo Punjab m … // t co / AoPHFol4RO,neutral,neutral,66.18
22575,@ nitin _ gadkari Sirjee Wishing you a very Happy Birthday may you be blessed Long and Healthy life along with infinit … https // t . co / 4eGZ0BbnzC,2,@ nitin _ gadkari Sirjee Wishing you a very Happy Birthday may you be blessed Long and Healthy life along with infinit … // t . co / 4eGZ0BbnzC,positive,positive,85.54
34779,Wah wah Atif @ atifthepoet Zanjeer Salaamat hay jhankaar Salaamat hay ! Thank you @ SalmanHydr & @ AWGoraya for your … https // t co / Tdg8f3oNjT,1,Wah wah Atif @ atifthepoet Zanjeer Salaamat hay jhankaar Salaamat hay ! Thank you @ SalmanHydr & @ AWGoraya for your … // t co / Tdg8f3oNjT,neutral,positive,85.24
31126,@ sengar _ krishan @ anupamsuneet @ abhisin9 @ ShilpiSinghINC Kutto ME kutta hai doodh Peeta hai malaai nhi chipakne de … https // t . co / gEpSeFy5WJ,1,@ sengar _ krishan @ anupamsuneet @ abhisin9 @ ShilpiSinghINC Kutto ME kutta hai doodh Peeta hai malaai nhi chipakne de … // t . co / gEpSeFy5WJ,neutral,negative,80.78
14461,True .... The expectations are so low .... nothing's gonna change .... Koi badlao nehi hoga https // t . co / pmX7McanDI,0,True .... The expectations are so low .... nothing's gonna change .... Koi badlao nehi hoga // t . co / pmX7McanDI,negative,neutral,49.84
1192,@ kshukla778 @ Payal _ Rohatgi Tere maa baap ne bohat badhiya sikhaya hai certificate batna sabko ki kaun kiska chamcha … https // t . co / xmdkSszCN2,0,@ kshukla778 @ Payal _ Rohatgi Tere maa baap ne bohat badhiya sikhaya hai certificate batna sabko ki kaun kiska chamcha … // t . co / xmdkSszCN2,negative,negative,80.86
45012,RT @ Abhishekkar _ RichestBill GatesZuckerbergMukesh Ambani Bollywood-Salman Khan Airplanes - Wright Brothers PhilantrophyA . Premji Best B …,1,RT @ Abhishekkar _ RichestBill GatesZuckerbergMukesh Ambani Bollywood-Salman Khan Airplanes - Wright Brothers PhilantrophyA . Premji Best B …,neutral,neutral,60.33
26931,2221 for 2019 this is going to be ' aap sey mil kar achcha laga ! ' unless a better one comes ...,1,2221 for 2019 this is going to be ' aap sey mil kar achcha laga ! ' unless a better one comes ...,neutral,neutral,73.48
12887,If you love them buy them a bhau vadapaav https // t . co / sFesN5PxKk,2,If you love them buy them a bhau vadapaav // t . co / sFesN5PxKk,positive,neutral,71.74
22733,@ Jogaram20473208 @ Viveksi27985214 @ Ravish _ k9 Dalal nahi Chatukar he,0,@ Jogaram20473208 @ Viveksi27985214 @ Ravish _ k9 Dalal nahi Chatukar he,negative,negative,66.12
4784,RT @ Lalsinghyadav51 Dinbhar bus Congress ko 1 hi Tenshion Sarkar na Gir Jaye @ AmitShah @ KailashOnline 😂 https // t co / M9EYFjeOgQ,0,RT @ Lalsinghyadav51 Dinbhar bus Congress ko 1 hi Tenshion Sarkar na Gir Jaye @ AmitShah @ KailashOnline 😂 // t co / M9EYFjeOgQ,negative,neutral,65.58
17156,Jagrukta ka nayab tarika koi parivahan vibhag se sikhe Parivahan mantri ko bhi sahi jankari nahi de rahe adhika … https // t co / E26FIMXAy4,1,Jagrukta ka nayab tarika koi parivahan vibhag se sikhe Parivahan mantri ko bhi sahi jankari nahi de rahe adhika … // t co / E26FIMXAy4,neutral,negative,54.81
23467,Awwwiee 💖 We love you too Queen ! ;) https // t . co / 4Ie6IHxAqK,2,A 💖 We love you too Queen ! ;) // t . co / 4Ie6IHxAqK,positive,positive,85.39
18865,@ anjanaomkashyap Ye mera Desh hai jaha jaha ram Mandir ki rat to log roj lagate par unke adarsho Ko koi nahi Manta … https // t co / rl9l4WY6IW,2,@ anjanaomkashyap Ye mera Desh hai jaha jaha ram Mandir ki rat to log roj lagate par unke adarsho Ko koi nahi Manta … // t co / rl9l4WY6IW,positive,neutral,61.93
14890,Congratulations Sowmya akka 👏🎉. You are one of the most intelligent yet the most humble and down to earth persons I … https // t . co / uPzPXq1Y6h,2,Congratulations Sowmya akka 👏🎉. You are one of the most intelligent yet the most humble and down to earth persons I … // t . co / uPzPXq1Y6h,positive,positive,85.54
16588,"@ Nationalist _ RSS @ RahulGandhi 4 bache personal law nahi Quran chapter "" women ' sura Nisa me ye he ki do teen chaar s … https // tco / gNnSrGNEQa O",1,"@ Nationalist _ RSS @ RahulGandhi 4 bache personal law nahi Quran chapter "" women ' sura Nisa me ye he ki do teen chaar s … // tco / gNnSrGNEQa O",neutral,neutral,46.03
5947,I WISH VERY HAPPY AND BLESSED # RAMADAN OR # RAMJAAN MONTH TO YOU THE HON 44TH PRESIDENT SHRI @ BarackObama SIR OF UNI … https // t . co / Idv0nzNVdG,2,I WISH VERY HAPPY AND BLESSED # RAMADAN OR # RAMJAAN MONTH TO YOU THE HON 44TH PRESIDENT SHRI @ BarackObama SIR OF UNI … // t . co / Idv0nzNVdG,positive,positive,85.52
4048,Hindi kamo free sample yung chips pero kinain pa din ni mama 🤦🏽‍♂️,1,Hindi kamo free sample yung chips pero kinain pa din ni mama 🤦🏽‍♂️,neutral,neutral,72.88
21824,It was nice to be with @ AM _ Hume @ YunusJawaheer @ Dan __ Couture # CRAconnEXionsARC Great event wonderful people https // t co / u5jf2lncIr,2,It was nice to be with @ AM _ Hume @ YunusJawaheer @ Dan __ Couture # CRAconnEXionsARC Great event wonderful people // t co / u5jf2lncIr,positive,positive,85.3
31593,@ NightRiderbauaa Srk is not stylish ... dance b brabar nahi ..... no proper physique .... dhoom 4 flop karwa dega,0,@ NightRiderbauaa Srk is not stylish ... dance b brabar nahi ..... no proper physique .... dhoom 4 flop karwa dega,negative,negative,76.62
35496,@ sanchitabhartiy Ab kya karein Family wale bhi padhte kabhi kabhi 😒 Nahi to hum ye mante hain 😣 https // t co / jIAuLibFob,1,@ sanchitabhartiy Ab kya karein Family wale bhi padhte kabhi kabhi 😒 Nahi to hum ye mante hain 😣 // t co / jIAuLibFob,neutral,neutral,74.84
24986,Sukhan aate hain uske yaad bahut Dil ko tha uss se ittehaad bahut Jab bhi chalti hai us taraf se hawaaShor karte h … https // t co / yDVFMYVmgJ,2,Sukhan aate hain uske yaad bahut Dil ko tha uss se ittehaad bahut Jab bhi chalti hai us taraf se hawaaShor karte h … // t co / yDVFMYVmgJ,positive,positive,84.38
13307,@ sharon _ ondisa @ NdutaMartha @ KhainzaPaul @ RChemutai @ GKlif @ OkwembaJonathan @ crlkinuthia @ koieve3 @ mudaki _ moses … https // t . co / zYJC16XQpU,1,@ sharon _ ondisa @ NdutaMartha @ KhainzaPaul @ RChemutai @ GKlif @ OkwembaJonathan @ crlkinuthia @ koieve3 @ mudaki _ moses … // t . co / zYJC16XQpU,neutral,neutral,75.25
28527,Inka kuch alag hi chal raha hai https // t co / BCPHohDwi8,1,Inka kuch alag hi chal raha hai // t co / BCPHohDwi8,neutral,neutral,74.27
4389,@ kunalkamra88 Terese jyada koi relevance ki bheek nahi maangta ... Teri jalti hai kyunki usko Terese jyada relevance … https // t . co / hJddg3lj51,1,@ kunalkamra88 Terese jyada koi relevance ki bheek nahi maangta ... Teri jalti hai kyunki usko Terese jyada relevance … // t . co / hJddg3lj51,neutral,negative,68.79
6859,#ليلة_القدر Dr Tahir ul Qadri ki @ MQIPATsmTeam ko Mubark Bad @ SyedFarazHaxhmi @ IamAtiqq @ TahirulQadri,2,#ليلة_القدر Dr Tahir ul Qadri ki @ MQIPATsmTeam ko Mubark Bad @ SyedFarazHaxhmi @ IamAtiqq @ TahirulQadri,positive,neutral,53.58
22502,@ msaleemkhanwazi Pain yako mar jao apis me lar lar ke wo kuty ke bachy hamre dushman tu chata he ye k ye larn apis … https // t co / 7TncaMDMV6,0,@ msaleemkhanwazi Pain yako mar jao apis me lar lar ke wo kuty ke bachy hamre dushman tu chata he ye k ye larn apis … // t co / 7TncaMDMV6,negative,negative,80.81
34801,Thank you so much bhayya Love from bottom of my heart ❤️ I am socked because rd mujhe khan saab bola wowwwww I can ’… https // t co / Pa1nkm9HDo,2,Thank you so much bhayya Love from bottom of my heart ❤️ I am socked because rd mujhe khan saab bola wo I can ’… // t co / Pa1nkm9HDo,positive,positive,85.45
13014,RT @ Waqasali6226 @ mrsmunir4 Happy https // t . co / vm0qSN9hbX sis may Allah live u long live Hamesha khush raho Allah pak ap ko har khushi de …,1,RT @ Waqasali6226 @ mrsmunir4 Happy // t . co / vm0qSN9hbX sis may Allah live u long live Hamesha khush raho Allah pak ap ko har khushi de …,neutral,positive,85.53
873,@ purplemoon _ 613 Kung hnd ko pa checheck bat ka DM ko mukha ni Jungkooky hnd ko maalala na ikaw to HAHAHA,1,@ purplemoon _ 613 Kung hnd ko pa checheck bat ka DM ko mukha ni Jungkooky hnd ko maalala na ikaw to HAHAHA,neutral,negative,80.25
39156,RT @ sachin _ rt My heartiest congratulations to @ narendramodi Ji & @ BJP4India for winning the # LokSabhaElections2019 The nation is with you …,1,RT @ sachin _ rt My heartiest congratulations to @ narendramodi Ji & @ BJP4India for winning the # LokSabhaElections2019 The nation is with you …,neutral,positive,85.5
26001,@ cricketpakcompk Yehi karke Khush hona hai tumko pakistaniyon .... Pure tournament me bss Bangladesh ki khusi ka Jashn manaoge,0,@ cricketpakcompk Yehi karke Khush hona hai tumko pakistaniyon .... Pure tournament me bss Bangladesh ki khusi ka Jashn manaoge,negative,neutral,62.68
30272,@ waglenikhil What sort of a journo are you . You are dumber than you look ... India doesnt follow a 2 party system . If … https // t . co / eETWolRCsh,0,@ waglenikhil What sort of a journo are you . You are dumber than you look ... India doesnt follow a 2 party system . If … // t . co / eETWolRCsh,negative,negative,80.32
16702,RT @ Devendra _ YAadav @ SunilTitota @ RiaRevealed @ PMOIndia Nhi Yehi toh BJP ke superstar pracharak h . Jinhone apna kartavy sahi nibhaya . umme …,1,RT @ Devendra _ YAadav @ SunilTitota @ RiaRevealed @ PMOIndia Nhi Yehi toh BJP ke superstar pracharak h . Jinhone apna kartavy sahi nibhaya . umme …,neutral,neutral,73.05
38713,@ AcharyaPramodk Pramod tum ko Acharya ki padvi kis ne di . Gadhe ko acharya nahi Bol sakte . Tumko to ye ek kissa mal … https // t . co / KKxy31sFdH,0,@ AcharyaPramodk Pramod tum ko Acharya ki padvi kis ne di . Gadhe ko acharya nahi Bol sakte . Tumko to ye ek kissa mal … // t . co / KKxy31sFdH,negative,negative,80.87
44756,Acha waqt sab bhool jate hain yahan 🤬😕 We are with you @ SarfarazA _ 54 ❤ We will bounce back INSHALLAH 🇵🇰… https // t . co / w6y7plLtYJ,2,Acha waqt sab bhool jate hain yahan 🤬😕 We are with you @ SarfarazA _ 54 ❤ We will bounce back INSHALLAH 🇵🇰… // t . co / w6y7plLtYJ,positive,positive,84.88
19224,RT @ koitoken Follow us Retweet with these hashtag # ineedkoi # koi # koitoken & Like this # Airdrop and get free # koi Comment with your eth …,1,RT @ koitoken Follow us Retweet with these hashtag # ineedkoi # koi # koitoken & Like this # Airdrop and get free # koi Comment with your eth …,neutral,neutral,73.44
21697,Sir wo BJD hai # aap jaise desh drohi nahi # aap bhi haregi wo Navin ji h kabhi suna nahi k faltu bakwas ki ho ye ke … https // t . co / efOMqiH314,0,Sir wo BJD hai # aap jaise desh drohi nahi # aap bhi haregi wo Navin ji h kabhi suna nahi k faltu bakwas ki ho ye ke … // t . co / efOMqiH314,negative,neutral,46.71
38008,@ gwynthblsdn answered them questions like a pro so hopefully maala ak met lang like a pro WHOOOOOOOOH !!!,1,@ gwynthblsdn answered them questions like a pro so hopefully maala ak met lang like a pro WHOOOOOOOOH !!!,neutral,neutral,74.57
28071,Kishanganj loksabha seat k congress candidate Dr Jawed Azad saheb ko jeet ki dher sari subhkamnaye,2,Kishanganj loksabha seat k congress candidate Dr Jawed Azad saheb ko jeet ki dher sari subhkamnaye,positive,positive,85.42
13877,@ AshrafFem Ye kis jagah ki news hai is se zada important baat ye hai k ye Hamare Desh ki news hai Aur ye ghatna be … https // t . co / voMaltCa6K,1,@ AshrafFem Ye kis jagah ki news hai is se zada important baat ye hai k ye Hamare Desh ki news hai Aur ye ghatna be … // t . co / voMaltCa6K,neutral,neutral,74.67
28000,@ SAMBIT _ PATRAg Court lega hi nahi . Court ke pass press conference jo karne hai .. Ye angrejo wala collegium system bandh hona chahiye,1,@ SAMBIT _ PATRAg Court lega hi nahi . Court ke pass press conference jo karne hai .. Ye angrejo wala collegium system bandh hona chahiye,neutral,negative,63.05
20436,RT @ Joneisha _ TEST THE SPIRIT ! ALL THINGS WORK TOGETHER FOR THE GOOD OF THOSE WHO LOVE THE LORD ! Because if it wasn ’ t for the occult I nev …,2,RT @ Joneisha _ TEST THE SPIRIT ! ALL THINGS WORK TOGETHER FOR THE GOOD OF THOSE WHO LOVE THE LORD ! Because if it wasn ’ t for the occult I nev …,positive,positive,85.05
34529,Can't wait til Didi comes back so Morales can go,1,Can't wait til Didi comes back so Morales can go,neutral,neutral,72.74
19051,Ik umid ka hi tha taaluk kuch barson se tumse Nahi hay Jo umid to talukat ka Kiya krain Ye nahi faqt taaluq ki mo … https // t co / BfCvFFLV5h,1,Ik umid ka hi tha taaluk kuch barson se tumse Nahi hay Jo umid to talukat ka Kiya krain Ye nahi faqt taaluq ki mo … // t co / BfCvFFLV5h,neutral,negative,80.82
29336,@ sanjibarya3 @ konnectsimmo @ aageSeLeftLelo @ spectatorindex Bjp valo ko andh bhakt bolna vala khud andha h chamcha c … https // t . co / n5LtVrC6GH,0,@ sanjibarya3 @ konnectsimmo @ aageSeLeftLelo @ spectatorindex Bjp valo ko andh bhakt bolna vala khud andha h chamcha c … // t . co / n5LtVrC6GH,negative,negative,80.76
3458,@ aajtak @ sardanarohit ye to sahi kiya congress or sp ne kyo ki logo pe behash hoti modi kya kaha gya rahul ne kya k … https // t co / PSSva8FmAS,2,@ aajtak @ sardanarohit ye to sahi kiya congress or sp ne kyo ki logo pe behash hoti modi kya kaha gya rahul ne kya k … // t co / PSSva8FmAS,positive,neutral,72.71
15747,@ majorgauravarya @ JmuKmrPolice @ crpfindia @ AmitShah Sorry sir but jab iss desh k log iss ghatiyaa religion islam ko … https // t . co / 80E6dpHSW0,0,@ majorgauravarya @ JmuKmrPolice @ crpfindia @ AmitShah Sorry sir but jab iss desh k log iss ghatiyaa religion islam ko … // t . co / 80E6dpHSW0,negative,negative,77.19
41389,@ verma _ anurag Padhna to tab tak hai jab tak exam clear na ho jaye exam postpone hona opportunity hai bas aur kuch nahi,1,@ verma _ anurag Padhna to tab tak hai jab tak exam clear na ho jaye exam postpone hona opportunity hai bas aur kuch nahi,neutral,neutral,75.05
20545,@ its _ mahi01 Kaafi acha talent h pr mujhe bhe sikhna h !!,2,@ its _ mahi01 Kaafi acha talent h pr mujhe bhe sikhna h !!,positive,positive,84.24
38570,This is Modi SARKAAR 2in 2024 Modi SARKAAR 3 & in 2029 Yogi SARKAAR 1then after 234 CONG Mukt BHARAT 🇮🇳🇮🇳🇮🇳🇮🇳🇮🇳🇮🇳🇮🇳🇮🇳🇮🇳 # ModiSarkar2,2,This is Modi SARKAAR 2in 2024 Modi SARKAAR 3 & in 2029 Yogi SARKAAR 1then after 234 CONG Mukt BHARAT 🇮🇳🇮🇳🇮🇳🇮🇳🇮🇳🇮🇳🇮🇳🇮🇳🇮🇳 # ModiSarkar2,positive,positive,48.9
747,RT @ saiinstitutechd Sai institute of manimajra chandigarh best place for learning free Computer courses under pmkvy PRADHAN MANTRI KAUSHA …,1,RT @ saiinstitutechd Sai institute of manimajra chandigarh best place for learning free Computer courses under pmkvy PRADHAN MANTRI KAUSHA …,neutral,neutral,67.48
13435,Aaron finch ki wapsi jaise India me modi ki ek Josh Agya hai Australia me # akstar,2,Aaron finch ki wapsi jaise India me modi ki ek Josh Agya hai Australia me # akstar,positive,neutral,74.19
3796,@ GautamGambhir @ Javedakhtarjadu @ RakeyshOmMehra Sir jab apko esa he bolna tha to aap congress join krte Jay shri RA … https // t co / me203wRMPR,1,@ GautamGambhir @ Javedakhtarjadu @ RakeyshOmMehra Sir jab apko esa he bolna tha to aap congress join krte Jay shri RA … // t co / me203wRMPR,neutral,neutral,68.2
35372,@ kunalkamra88 @ abhisar _ sharma @ Swamy39 Par aapke hath me ghanta hai to jada gyan mat pelo bs hilaate raho ..,0,@ kunalkamra88 @ abhisar _ sharma @ Swamy39 Par aapke hath me ghanta hai to jada gyan mat pelo bs hilaate raho ..,negative,negative,79.47
16334,@ Ani _ Anikutty Thank you meri new follower apka . Swagat hai hamaray royal kingdom me apka ✊🙏🙏🤝,2,@ Ani _ Anikutty Thank you meri new follower apka . Swagat hai hamaray royal kingdom me apka ✊🙏🙏🤝,positive,positive,85.41
26483,@ Naaziish @ shoaib100mph Yehi keh keh k hum ne inn k dmagh kharab kiye hue hain .. jese Indian media apne players ki … https // t . co / CRQxwrvuFu,1,@ Naaziish @ shoaib100mph Yehi keh keh k hum ne inn k dmagh kharab kiye hue hain .. jese Indian media apne players ki … // t . co / CRQxwrvuFu,neutral,neutral,47.3
15653,@ ArvindKejriwal n @ AamAadmiParty has undermined Democratic institution by declaring that if bjp wins they will crea … https // tco / 3yrtjSRq8u,0,@ ArvindKejriwal n @ AamAadmiParty has undermined Democratic institution by declaring that if bjp wins they will crea … // tco / 3yrtjSRq8u,negative,neutral,56.51
24543,RT @ mohitsaini7915 # BeWise _ ChooseRight Good morning Satguru @ Gurmeetramrahim ji Bless everyone with maximum sewa Simran Parmarth And Suc …,2,RT @ mohitsaini7915 # BeWise _ ChooseRight Good morning Satguru @ Gurmeetramrahim ji Bless everyone with maximum sewa Simran Parmarth And Suc …,positive,positive,85.5
26830,@ JhaSanjay Man halka karle 5 more years you have to be strong 😂😂,1,@ JhaSanjay Man halka karle 5 more years you have to be strong 😂😂,neutral,positive,83.78
29220,RT @ Bombaxtic _ Ridzz He mjhse nh hoti prhai lakin men bara admi bnu ga parh k She q ? HeQk m nh chahta meri bv or bachy kisi cheez ko tar …,1,RT @ Bombaxtic _ Ridzz He mjhse nh hoti prhai lakin men bara admi bnu ga parh k She q ? HeQk m nh chahta meri bv or bachy kisi cheez ko tar …,neutral,neutral,74.71
37750,The best thing Liberal Journalist can do is to normalise everything and using ‘ Modi 2’ is one of them . Bhaisahab p … https // t . co / DtmZvIXGnC,1,The best thing Liberal Journalist can do is to normalise everything and using ‘ Modi 2’ is one of them . Bhaisahab p … // t . co / DtmZvIXGnC,neutral,positive,54.39
8086,@ ZeeNewsHindi Ye lo yha bhi ..... Aaega to modi hi 😂😂 https // t . co / v78a7VXJbT,2,@ ZeeNewsHindi Ye lo yha bhi ..... Aaega to modi hi 😂😂 // t . co / v78a7VXJbT,positive,neutral,73.63
30927,RT @ Shaheer _ Speaks @ yrrrr _ amna @ fatima _ says _ Happy Birthday 🎉 May you have many more Bless you 🎉🎉😌😌,2,RT @ Shaheer _ Speaks @ yrrrr _ amna @ fatima _ says _ Happy Birthday 🎉 May you have many more Bless you 🎉🎉😌😌,positive,positive,85.38
20321,@ AreebaSandhu Kun gya chor kr apko ? Massom kuri ko 😊,1,@ AreebaSandhu Kun gya chor kr apko ? Massom kuri ko 😊,neutral,negative,78.32
24272,@ asherloraine _ cheer up hehe labyu !!❤ https // t co / jeitbA5jBJ,2,@ asherloraine _ cheer up hehe labyu !!❤ // t co / jeitbA5jBJ,positive,neutral,66.33
39051,@ MPRakeshSingh @ RajTiwa56444261 @ INCIndia @ RahulGandhi @ BJP4India Chor Congress gaddar Congress khuni Congress,0,@ MPRakeshSingh @ RajTiwa56444261 @ INCIndia @ RahulGandhi @ BJP4India Chor Congress gaddar Congress khuni Congress,negative,negative,80.59
43119,RT @ jcoupon3 @ VJ _ MK52 Fair enough !! But you understand that 80% India understands Hindi . Ab isko aap 1000 baar read karen 😃 And take shower …,2,RT @ jcoupon3 @ VJ _ MK52 Fair enough !! But you understand that 80% India understands Hindi . Ab isko aap 1000 baar read karen 😃 And take shower …,positive,neutral,55.91
18227,RT @ RAJESHP40287751 SIR BAHUT BAHUT BADHAI WITH REGARDS RAJESH PARMAR PARSAD N N D DUN UK https // t . co / eY0ks91vOa,1,RT @ RAJESHP40287751 SIR BAHUT BAHUT BADHAI WITH REGARDS RAJESH PARMAR PARSAD N N D DUN UK // t . co / eY0ks91vOa,neutral,neutral,63.28
16933,@ msisodia Aaby Take Logoki Freedom of Speech hai ki nahi ? Aukat me rahekar bat Kar Takle,0,@ msisodia Aaby Take Logoki Freedom of Speech hai ki nahi ? Aukat me rahekar bat Kar Takle,negative,negative,69.0
12924,@ tufailelif @ horror06 Iss chutiye ko kounsa mental hospital mein daalu . Tu fail hogaya ree ... Tere baap sahi raka … https // t . co / nSlqUIVCwd,0,@ tufailelif @ horror06 Iss chutiye ko kounsa mental hospital mein daalu . Tu fail hogaya ree ... Tere baap sahi raka … // t . co / nSlqUIVCwd,negative,negative,80.81
15004,@ AjitNandal @ narendramodi @ virendersehwag @ harbhajan _ singh @ Ra _ THORe Sir aap sabse ache father ho jo aapke pass etn … https // t . co / QT2M3wILv1,2,@ AjitNandal @ narendramodi @ virendersehwag @ harbhajan _ singh @ Ra _ THORe Sir aap sabse ache father ho jo aapke pass etn … // t . co / QT2M3wILv1,positive,positive,83.33
24349,“ Tujhe kitna chahne lage ” from # KabirSingh sounds really good on first listen . # ArijitSingh @ shahidkapoor,2,“ Tujhe kitna chahne lage ” from # KabirSingh sounds really good on first listen . # ArijitSingh @ shahidkapoor,positive,positive,82.55
42971,RT @ crank _ ocean @ LuvvVSFatCuz I don ’ t give shit about other rats . Bul a rat too https // t . co / m99pJg50wh,0,RT @ crank _ ocean @ LuvvVSFatCuz I don ’ t give shit about other rats . Bul a rat too // t . co / m99pJg50wh,negative,negative,71.23
3353,@ RahulGandhi that is very good decision media m Congress party debate nhi karegi ab dekhte dekhte h media kya kregi very good,0,@ RahulGandhi that is very good decision media m Congress party debate nhi karegi ab dekhte dekhte h media kya kregi very good,negative,neutral,71.78
41824,@ BeingAltaff27 @ Beingkhanumar bhai dil khush ho gya apki post dekh kr salmania fan love u,2,@ BeingAltaff27 @ Beingkhanumar bhai dil khush ho gya apki post dekh kr salmania fan love u,positive,positive,85.43
24055,@ Mat _ sutzu The Weregarurumon and Gin ones are a BLESSING ! Their feet are awesome ! You did a great work with all ! An … https // t . co / Trax7V5QKB,2,@ Mat _ sutzu The Weregarurumon and Gin ones are a BLESSING ! Their feet are awesome ! You did a great work with all ! An … // t . co / Trax7V5QKB,positive,positive,85.51
3749,@ amyysosa HDKDHDKDJDDJDJD OH MY GOD tbh the fact rhey have that vibe is a good thing to me like catch me listening to more,2,@ amyysosa HDKDHDKDJDDJDJD OH MY GOD tbh the fact rhey have that vibe is a good thing to me like catch me listening to more,positive,positive,82.04
6187,@ ANI Where are the Hindu haters @ ShekharGupta @ DeShobhaa .. how come they don ’ t criticize / report this nonsensical behavior of Deshdrohi dodo ?,0,@ ANI Where are the Hindu haters @ ShekharGupta @ DeShobhaa .. how come they don ’ t criticize / report this nonsensical behavior of Deshdrohi dodo ?,negative,negative,80.03
15570,@ delayedjab bangal aur north east ke gaaon mein jake dekh .. how illegal muslim immigrants treating hindus .. bandar ke jaise nachna bandh kar,0,@ delayedjab bangal aur north east ke gaaon mein jake dekh .. how illegal muslim immigrants treating hindus .. bandar ke jaise nachna bandh kar,negative,negative,80.58
44102,@ realsmoovelike Niggas play too much huh . Lmaoo,1,@ realsmoovelike Niggas play too much huh . Lmaoo,neutral,neutral,74.56
33710,@ anjanaomkashyap Ye midiya ek bikawo midiya he ju shirf bjp ke isharo pe nacchta he aur ye midiya sc elicton comiss … https // t . co / UYjI8SS1lm,1,@ anjanaomkashyap Ye midiya ek bikawo midiya he ju shirf bjp ke isharo pe nacchta he aur ye midiya sc elicton comiss … // t . co / UYjI8SS1lm,neutral,negative,79.41
26388,@ rssurjewala @ INCIndia Beizzati ka darr PEHLE Hi bahut bakchodi kar ke gaye hain ab bolne ke liye kuch bhi nahin ha … https // t co / zcfqSFZ4XQ,0,@ rssurjewala @ INCIndia Beizzati ka darr PEHLE Hi bahut bakchodi kar ke gaye hain ab bolne ke liye kuch bhi nahin ha … // t co / zcfqSFZ4XQ,negative,negative,80.43
31039,@ RoflGandhi _ Up ki sarkar jiski bunyaad pe tiki h wo aaj apne . Mukaam pe pahunch gayi .... laghusanka ki deri h fir … https // t . co / PwvrxfVW5r,2,@ RoflGandhi _ Up ki sarkar jiski bunyaad pe tiki h wo aaj apne . Mukaam pe pahunch gayi .... laghusanka ki deri h fir … // t . co / PwvrxfVW5r,positive,neutral,69.59
16106,By the way @ MamataOfficial you may not respect Shri Ram . But you do respect Allama Iqbal . Don't you ? You know what … https // t . co / dRrjTF27AA,0,By the way @ MamataOfficial you may not respect Shri Ram . But you do respect Allama Iqbal . Don't you ? You know what … // t . co / dRrjTF27AA,negative,neutral,50.95
19277,@ Ayesha31539806 Main supporter ho akhri saans tk jo b khan saab k bivi k mutalik bakwas kry ga osko jwab aisa he melyga,0,@ Ayesha31539806 Main supporter ho akhri saans tk jo b khan saab k bivi k mutalik bakwas kry ga osko jwab aisa he melyga,negative,negative,80.49
6223,RT @ AroraKasturi @ ImKasam _ insan1 🎂🎂 Happy birthday 🎂🎂 @ ImKasam _ insan1 🎂🍧🍨 Sister ji 🎁🍫🍬🎈 Papa Ji aapko humesa khus rakhe 🙏 Dhan dhan s …,2,RT @ AroraKasturi @ ImKasam _ insan1 🎂🎂 Happy birthday 🎂🎂 @ ImKasam _ insan1 🎂🍧🍨 Sister ji 🎁🍫🍬🎈 Papa Ji aapko humesa khus rakhe 🙏 Dhan dhan s …,positive,positive,85.4
35350,@ ashutosh83B Modi ka gungaan hota h kyuki unhone aise kaam kie h aap itne kyu jalte h Modi ji se jara iska bhi khu … https // t . co / aIRHzo07LS,2,@ ashutosh83B Modi ka gungaan hota h kyuki unhone aise kaam kie h aap itne kyu jalte h Modi ji se jara iska bhi khu … // t . co / aIRHzo07LS,positive,neutral,74.01
34884,@ Rangoli _ A Pancholi & veteran ... good joke .. with barely 2 emotions he is being branded as actor ... lol,1,@ Rangoli _ A Pancholi & veteran ... good joke .. with barely 2 emotions he is being branded as actor ... lol,neutral,negative,79.94
27444,@ Rakulpreet @ DeDePyaarDe @ ajaydevgn @ AkivAli @ TSeries @ LuvFilms @ itsBhushanKumar @ luv _ ranjan @ gargankur Good collec … https // t . co / xJUWngsWub,2,@ Rakulpreet @ DeDePyaarDe @ ajaydevgn @ AkivAli @ TSeries @ LuvFilms @ itsBhushanKumar @ luv _ ranjan @ gargankur Good collec … // t . co / xJUWngsWub,positive,positive,83.92
10866,RT @ mohitsaini7915 # OneSolutionToEveryProblem Gud morning Sai @ Gurmeetramrahim ji Bless everyone with maximum sewa Simran Parmarth And S …,1,RT @ mohitsaini7915 # OneSolutionToEveryProblem Gud morning Sai @ Gurmeetramrahim ji Bless everyone with maximum sewa Simran Parmarth And S …,neutral,positive,85.49
31838,@ AyeshaafX @ syedxmxria @ SamzzXox @_ shehnazmalik @ Riana18994764 @ shormilli1 @ sadiyasyedaa @__ tamanna I love you all … https // t . co / 8hUZbig9pI,2,@ AyeshaafX @ syedxmxria @ SamzzXox @_ shehnazmalik @ Riana18994764 @ shormilli1 @ sadiyasyedaa @__ tamanna I love you all … // t . co / 8hUZbig9pI,positive,positive,85.26
42074,@ IndiaToday pata tha enke aane k baad ye hi hogaye or kuch to karni sakte siwae hindu muslim or india pakistan karne k bullshit,0,@ IndiaToday pata tha enke aane k baad ye hi hogaye or kuch to karni sakte siwae hindu muslim or india pakistan karne k bullshit,negative,negative,80.72
21983,@ Mahka _ re Har tensn k jad ki ek hi dwa ... sandeep Maheswary show 😋😋,2,@ Mahka _ re Har tensn k jad ki ek hi dwa ... sandeep Maheswary show 😋😋,positive,neutral,68.7
34489,Keh ke liya he is an MP from Bangalore south and we are proud of him he won with a margin of 3 4 lacs … https // t co / JWuW9B9GkR,2,Keh ke liya he is an MP from Bangalore south and we are proud of him he won with a margin of 3 4 lacs … // t co / JWuW9B9GkR,positive,positive,85.48
19855,Vipachh agar andolan me shamil nahi hoga to janta se apil hae ki inko bilkul bhi vote nahi dena hae Jo kaam inko a … https // t . co / 61EowVfL1m,1,Vipachh agar andolan me shamil nahi hoga to janta se apil hae ki inko bilkul bhi vote nahi dena hae Jo kaam inko a … // t . co / 61EowVfL1m,neutral,neutral,65.4
33309,RT @ DilliDurAst This painting has 40 famous Indian ads hidden in it . 1) Which is tne favourite symbol of an ad you can spot ? 2) Anyone k …,1,RT @ DilliDurAst This painting has 40 famous Indian ads hidden in it . 1) Which is tne favourite symbol of an ad you can spot ? 2) Anyone k …,neutral,neutral,75.23
44676,@ SarfarazA _ 54 Hafiz Bhai Ap Chahen Aik Match Haren Ya Pura World Cup Lakin Hum Ko Fakhar Ha Ka Ap Hamari Team Ka Ka … https // t . co / y8wo6IaXur,2,@ SarfarazA _ 54 Hafiz Bhai Ap Chahen Aik Match Haren Ya Pura World Cup Lakin Hum Ko Fakhar Ha Ka Ap Hamari Team Ka Ka … // t . co / y8wo6IaXur,positive,positive,83.91
17403,@ vivektiwari60 @ narendramodi @ BJP4India @ TajinderBagga @ Priya40315699 @ AmitShah @ sambitswaraj Appko bhi mubarak ho,2,@ vivektiwari60 @ narendramodi @ BJP4India @ TajinderBagga @ Priya40315699 @ AmitShah @ sambitswaraj Appko bhi mubarak ho,positive,positive,85.23
15991,@ male _ bitch666 Raja Rani k Milne se new story start honi chaiye na season 2 ya second part kuch 😌,1,@ male _ bitch666 Raja Rani k Milne se new story start honi chaiye na season 2 ya second part kuch 😌,neutral,neutral,74.5
13832,RT @ hiranimeera Now when I hear “ lag ja gale ke phir yeh haseen raat ho na ho shayad phir iss janam mein mulakat ho na ho ” i feel it ),1,RT @ hiranimeera Now when I hear “ lag ja gale ke phir yeh haseen raat ho na ho shayad phir iss janam mein mulakat ho na ho ” i feel it ),neutral,neutral,74.81
37701,# ThankyouPMIK for making the Eid more Special for their families ❤️ Choti Eid Bhariiii Khushi 😍 # Malaysia2Pakistan 😎 https // t co / xY6IYI6kGB,2,# ThankyouPMIK for making the Eid more Special for their families ❤️ Choti Eid Bhariiii Khushi 😍 # Malaysia2Pakistan 😎 // t co / xY6IYI6kGB,positive,positive,84.17
17566,@ Majhie _ Mee _ Dhan Pic toh fake hai aur location police khud track karlegiuska koi problem nhi . Report kar abhi acc … https // t . co / e05WUYSku4,1,@ Majhie _ Mee _ Dhan Pic toh fake hai aur location police khud track karlegiuska koi problem nhi . Report kar abhi acc … // t . co / e05WUYSku4,neutral,neutral,72.02
23395,@ lewanai _ Oy tc Wahayat aurat apna jisam logon ko dikha kar follow back lany wali mein ne koi rape to ni kiya tery sath fuck you,0,@ lewanai _ Oy tc Wahayat aurat apna jisam logon ko dikha kar follow back lany wali mein ne koi rape to ni kiya tery sath fuck you,negative,negative,80.6
12216,RT @ BaynesFanClub Not LeBron Not Shaq Not Kobe Not MJ Aron Baynes is the only player in # NBAFinals history with a career FG and FT % o …,2,RT @ BaynesFanClub Not LeBron Not Shaq Not Kobe Not MJ Aron Baynes is the only player in # NBAFinals history with a career FG and FT % o …,positive,neutral,71.28
4105,@ INCSCDept @ myogiadityanath @ Uppolice Abe suwar ki olad puri baat likh ye mandir m meet kha rahe the sale,0,@ INCSCDept @ myogiadityanath @ Uppolice Abe suwar ki olad puri baat likh ye mandir m meet kha rahe the sale,negative,negative,80.77
19564,@ anandk2012 @ RailwaySeva @ IRCTCofficial Bhagwan jab akkal baat Raha tha tab tum INCOGNITO MODE mein the aisa lag raha hai 😂😂,2,@ anandk2012 @ RailwaySeva @ IRCTCofficial Bhagwan jab akkal baat Raha tha tab tum INCOGNITO MODE mein the aisa lag raha hai 😂😂,positive,neutral,68.44
15617,@ rssurjewala Aap jaise bhrasht neta desh k liye kuchh nahi kar sakte hain lakin desh ko jati dharm majhab k naam … https // t . co / wWb4Dmn34F,0,@ rssurjewala Aap jaise bhrasht neta desh k liye kuchh nahi kar sakte hain lakin desh ko jati dharm majhab k naam … // t . co / wWb4Dmn34F,negative,neutral,67.3
21320,Warm up match to theek thaak chal ra hai # AFGvPAK,1,Warm up match to theek thaak chal ra hai # AFGvPAK,neutral,neutral,70.21
37840,@ SanoberKhan53 BC afghanistan snbhala nai gya tu namak harama afghanio se or chale new country bna'ne chal bhaag … https // t co / xxsTmUcE3I,0,@ SanoberKhan53 BC afghanistan snbhala nai gya tu namak harama afghanio se or chale new country bna'ne chal bhaag … // t co / xxsTmUcE3I,negative,negative,80.76
28509,@ akshaykumar Thank you @ akshaykumar # Padman jesi movie ke liye ye movie har ldkii ko dekhni chahiye ... ldkiya hi kyu … https // t . co / IRZ1C4mcsz,2,@ akshaykumar Thank you @ akshaykumar # Padman jesi movie ke liye ye movie har ldkii ko dekhni chahiye ... ldkiya hi kyu … // t . co / IRZ1C4mcsz,positive,positive,75.1
15693,Kha se ati h itni pavitr ldkiya jine bc nahi pta 🤣🤣🤣 @ Mr _ villen @ oolikhnewali @ Rashi02920233 https // t . co / oIX6ca3WHI,1,Kha se ati h itni pavitr ldkiya jine bc nahi pta 🤣🤣🤣 @ Mr _ villen @ oolikhnewali @ Rashi02920233 // t . co / oIX6ca3WHI,neutral,negative,67.16
14292,@ IamSaifSRK _ @ sinchan21029371 @ KingSRK _ 14 @ akshaykumar In mdarchodo ka Kam hi yahin hain bhadwe sale .,0,@ IamSaifSRK _ @ sinchan21029371 @ KingSRK _ 14 @ akshaykumar In mdarchodo ka Kam hi yahin hain bhadwe sale .,negative,negative,80.83
9440,@ Vandana38633149 Pahli bar sunne me aaya vandna ji Happy nelpolis day all girl,2,@ Vandana38633149 Pahli bar sunne me aaya vandna ji Happy nelpolis day all girl,positive,positive,84.57
43234,@ Kam25 _ Only Mention k darta q hai Bc,0,@ Kam25 _ Only Mention k darta q hai Bc,negative,neutral,75.24
25915,RT @ MadhuTh73510763 Upp k hmare sabhi sathiyo 11786 candidates ki taraf se PM SIR ko bahut bahut badhai .. Hm sbka vote success hua ... Meri …,2,RT @ MadhuTh73510763 Upp k hmare sabhi sathiyo 11786 candidates ki taraf se PM SIR ko bahut bahut badhai .. Hm sbka vote success hua ... Meri …,positive,positive,85.52
22418,I just had golgappay limca and ice cream . Sbha gala tou kharab nahi huga ???,1,I just had golgappay limca and ice cream . Sbha gala tou kharab nahi huga ???,neutral,neutral,74.85
13231,RT @ RahulKa95850409 # MPAPJOINING @ jitupatwari @ highereduminmp @ CMMadhyaPradesh @ anandibenpatel @ jitupatwari Ab Nahi Chaleg …,1,RT @ RahulKa95850409 # MPAPJOINING @ jitupatwari @ highereduminmp @ CMMadhyaPradesh @ anandibenpatel @ jitupatwari Ab Nahi Chaleg …,neutral,negative,77.3
13490,Some People on summer be like * Nahayenge ... Aur jo ni Nahata usko nehlayege 😅 # emiway _ thandai,1,Some People on summer be like * Nahayenge ... Aur jo ni Nahata usko nehlayege 😅 # emiway _ thandai,neutral,neutral,74.29
28173,Even BJP wants him to continue ... ye Congress president BJP ko jitana k liye hi bana hai .. Dil toh hasakar joker bhi … https // t . co / 89GilUmStO,1,Even BJP wants him to continue ... ye Congress president BJP ko jitana k liye hi bana hai .. Dil toh hasakar joker bhi … // t . co / 89GilUmStO,neutral,negative,50.58
29936,@ MaryamNSharif Humne projects ka achar nhi dalna ! IK ne agar eent rakhi nhi toh hamare saro pe qarzey ki eent mari … https // t co / uZHuaGuMop,2,@ MaryamNSharif Humne projects ka achar nhi dalna ! IK ne agar eent rakhi nhi toh hamare saro pe qarzey ki eent mari … // t co / uZHuaGuMop,positive,neutral,73.23
18045,RT @ trehan _ barkha @ smritiirani @ DebasreeBJP . Congratulations to both ! Hope @ smritiirani and @ DebasreeBJP as minister for @ MinistryWCD wil …,2,RT @ trehan _ barkha @ smritiirani @ DebasreeBJP . Congratulations to both ! Hope @ smritiirani and @ DebasreeBJP as minister for @ MinistryWCD wil …,positive,positive,85.42
24634,@ divya _ 16 _ @ ArvindKejriwal kon hai yeh chutiye ? Kahan se aate hein yeh chutiye ?? Nagpuri santre kuch jyada he badh … https // t . co / MbnV3zkFhv,0,@ divya _ 16 _ @ ArvindKejriwal kon hai yeh chutiye ? Kahan se aate hein yeh chutiye ?? Nagpuri santre kuch jyada he badh … // t . co / MbnV3zkFhv,negative,negative,80.63
33810,@ SanjayAzadSln Modi ne aur amit shah ne chunav aayog ko bahut sakhti se apne fever me jo kar rakha tha iska ilaaj s … https // t . co / aWgK7H7dMW,1,@ SanjayAzadSln Modi ne aur amit shah ne chunav aayog ko bahut sakhti se apne fever me jo kar rakha tha iska ilaaj s … // t . co / aWgK7H7dMW,neutral,neutral,74.65
21366,@ DeepakY80389427 @ JaiShreeRam90 Anpad ganwar ho Kya Google pe you tube pe sari ayashiyo ki Gandhi ki kahaniys hai j … https // t . co / OvQGVjA0lR,0,@ DeepakY80389427 @ JaiShreeRam90 Anpad ganwar ho Kya Google pe you tube pe sari ayashiyo ki Gandhi ki kahaniys hai j … // t . co / OvQGVjA0lR,negative,neutral,73.02
28164,RT @ BABYB0YBANGTAN i can ’ t wait to tell everyone that i was bts ’ s special guest,2,RT @ BABYB0YBANGTAN i can ’ t wait to tell everyone that i was bts ’ s special guest,positive,neutral,70.49
44321,Flat track se problem hai Isse pitches se bhi problem hai . Toh Bol dono apne teams ko WC hi na khele 😕 # CWC19,0,Flat track se problem hai Isse pitches se bhi problem hai . Toh Bol dono apne teams ko WC hi na khele 😕 # CWC19,negative,neutral,73.15
36647,Govt na sub ko court ka pcha laga deya kui be govt fail h ke bat nai kr rh is ka faida pti ko ho ga,2,Govt na sub ko court ka pcha laga deya kui be govt fail h ke bat nai kr rh is ka faida pti ko ho ga,positive,negative,60.96
28900,RT @ SMactiveflag What a fantastic way to finish off our Mile a Day in May ! We celebrated by running our final mile in the @ KilmallockGAA p …,2,RT @ SMactiveflag What a fantastic way to finish off our Mile a Day in May ! We celebrated by running our final mile in the @ KilmallockGAA p …,positive,positive,83.9
17421,@ ShayarImran Kya koi is dunya me Mazloom ki pukar sunne wala he ? Sharam ani chahiye Muslim netao ko Jo BJP ki goad … https // t . co / RMeyJn29rf,0,@ ShayarImran Kya koi is dunya me Mazloom ki pukar sunne wala he ? Sharam ani chahiye Muslim netao ko Jo BJP ki goad … // t . co / RMeyJn29rf,negative,negative,80.58
27585,@ SushmaSwaraj Lakin aaj is isthiti main wo khud besahara ho gaye hain Aapse request hain Is player and trainer ki … https // t co / V3Gurvm8gZ,2,@ SushmaSwaraj Lakin aaj is isthiti main wo khud besahara ho gaye hain Aapse request hain Is player and trainer ki … // t co / V3Gurvm8gZ,positive,neutral,74.97
43847,@ RealHa55an Hassan tujhe bhi pta hai chhote qad ki wja se teri bowling bohat mar khati hai plz pak ki khud hi jaan … https // t . co / 2fS1uJ65ev,1,@ RealHa55an Hassan tujhe bhi pta hai chhote qad ki wja se teri bowling bohat mar khati hai plz pak ki khud hi jaan … // t . co / 2fS1uJ65ev,neutral,negative,80.77
33166,@ shripadynaik bhau wishing you all the best for your term as Minister of State - Defence and Ayush .. God bless .,2,@ shripadynaik bhau wishing you all the best for your term as Minister of State - Defence and Ayush .. God bless .,positive,positive,85.54
29000,@ narendramodi Kuch samay pahle Rajiv Gandhi ji ke bare me bole the aap Abhi turant Rang badal liyeSame as Gand … https // tco / HCkTMAyzth,0,@ narendramodi Kuch samay pahle Rajiv Gandhi ji ke bare me bole the aap Abhi turant Rang badal liyeSame as Gand … // tco / HCkTMAyzth,negative,neutral,74.66
38154,@ romeomustlivee @ BhumikaShah7 @ komorebi _ 80 Koi thodi kripa drishti yahan bhi rakh le Main bhi buri nahi Utna nahi m … https // t . co / gGCMqLTzow,2,@ romeomustlivee @ BhumikaShah7 @ komorebi _ 80 Koi thodi kripa drishti yahan bhi rakh le Main bhi buri nahi Utna nahi m … // t . co / gGCMqLTzow,positive,neutral,69.59
895,@ Mr _ Ez1403 Ja na Pakistani 🐖 pig + Dukkar + kutta + suvar ki mix aulad 😂😂😝😝😆😆😛😛🤣🤣😖😖😆😆😆,0,@ Mr _ Ez1403 Ja na Pakistani 🐖 pig + Dukkar + kutta + suvar ki mix aulad 😂😂😝😝😆😆😛😛🤣🤣😖😖😆😆😆,negative,neutral,61.21
19584,Bc abhi to Amit Shah ne Home ministry sambhali hai Pakistani abhi se shiver kar rahe !!! 😂😂😂 # PAKvWI # CWC19 # AmitShahHomeMinistry,0,Bc abhi to Amit Shah ne Home ministry sambhali hai Pakistani abhi se shiver kar rahe !!! 😂😂😂 # PAKvWI # CWC19 # AmitShahHomeMinistry,negative,neutral,71.85
24361,@ narendramodi dear sir bjp party Main monirul Islam tmc neta join karne ke bajese hazaro bjp kariye karta bjp chor … https // t co / Mdn6DeApV0,0,@ narendramodi dear sir bjp party Main monirul Islam tmc neta join karne ke bajese hazaro bjp kariye karta bjp chor … // t co / Mdn6DeApV0,negative,negative,73.55
17611,@ AskAnshul @ MamataOfficial Please answer this simple question .. Jai Shri Ram,1,@ AskAnshul @ MamataOfficial Please answer this simple question .. Jai Shri Ram,neutral,neutral,63.08
19940,@ thekiranbedi @ PMOIndia @ narendramodi Bahot Bahot Badhai hamare desh ke Gaurav ko Kiran ma'am nd Modi ji ko ..,2,@ thekiranbedi @ PMOIndia @ narendramodi Bahot Bahot Badhai hamare desh ke Gaurav ko Kiran ma'am nd Modi ji ko ..,positive,positive,84.71
31860,@ fangirl36518 @ nepostan I mean like main yeh point out bhi nahi karta bad times almost sabke life main aati hai … https // t . co / xvtrU1UmFa,1,@ fangirl36518 @ nepostan I mean like main yeh point out bhi nahi karta bad times almost sabke life main aati hai … // t . co / xvtrU1UmFa,neutral,neutral,65.43
31726,@ mirzaiqbal80 All The Best Team Pakistan ... Tum Jeeto Ya Haaroo Sunoo .... Chajj Say Aur Chajj Ki Teams Say Haarna … https // t . co / jGVbk42Shl,2,@ mirzaiqbal80 All The Best Team Pakistan ... Tum Jeeto Ya Haaroo Sunoo .... Chajj Say Aur Chajj Ki Teams Say Haarna … // t . co / jGVbk42Shl,positive,positive,85.2
28220,@ Ranapmln33 O rana mirasi ki olaad tera baap is qabil hota to tax payers ki tadad men azafa krta mgr qarze le le k … https // t . co / 7ONUkSR9Ja,0,@ Ranapmln33 O rana mirasi ki olaad tera baap is qabil hota to tax payers ki tadad men azafa krta mgr qarze le le k … // t . co / 7ONUkSR9Ja,negative,negative,80.86
20381,@ KashmirFirst _ @ SnehaNa13439620 😂 I don't want to talk madarsa chaap chutiyas like you . But I will until you stop talking like a pig .,0,@ KashmirFirst _ @ SnehaNa13439620 😂 I don't want to talk madarsa chaap chutiyas like you . But I will until you stop talking like a pig .,negative,negative,80.78
12867,@ imuday02 @ C _ H _ A _ R _ M _ I _ @ Sweets _ rinky NaaiiiPata nai kaun hai,1,@ imuday02 @ C _ H _ A _ R _ M _ I _ @ Sweets _ rinky NaaiiiPata nai kaun hai,neutral,neutral,75.28
39024,RT @ caleb _ isme Baby break the beat Bead of sweat on your cheek lick off Fuckin on your neck Maybe even touch your feet 😘,1,RT @ caleb _ isme Baby break the beat Bead of sweat on your cheek lick off Fuckin on your neck Maybe even touch your feet 😘,neutral,negative,78.25
10537,@ waglenikhil @ Tejasvi _ Surya Paagle You are such an AskHole YOu rant shit all day no one cares u r frustrated an … https // t co / E6PxYrYqph,0,@ waglenikhil @ Tejasvi _ Surya Paagle You are such an AskHole YOu rant shit all day no one cares u r frustrated an … // t co / E6PxYrYqph,negative,negative,80.07
44484,@ myogiadityanath Jai shree Ram . Bhut bhut subhkamnaye . 8006001572 https // t . co / gh7ioq2O3T,2,@ myogiadityanath Jai shree Ram . Bhut bhut subhkamnaye . 8006001572 // t . co / gh7ioq2O3T,positive,positive,85.44
28024,@ Dhawanswarrior @ AskRishabh Looked the Mortaza Face he feel Like Kash Yeh Mil Jay 😂😂😂,1,@ Dhawanswarrior @ AskRishabh Looked the Mortaza Face he feel Like Kash Yeh Mil Jay 😂😂😂,neutral,neutral,74.66
14553,@ Roza _ chan You mean @ devolverdigital mind circus mental hiking adventure and wonder value fun time and puppet show ? We all are,1,@ Roza _ chan You mean @ devolverdigital mind circus mental hiking adventure and wonder value fun time and puppet show ? We all are,neutral,neutral,67.08
19331,Brendon McCullum ke prediction ke mutabik SA chase kar lega but mujhe nahi lagta 89 me 129 inse banne wale hain 🤔,1,Brendon McCullum ke prediction ke mutabik SA chase kar lega but mujhe nahi lagta 89 me 129 inse banne wale hain 🤔,neutral,neutral,73.27
40118,@ Nidhi @ narendramodi 0 LS seat for Minorites ! Feku sudrega nahi .,0,@ Nidhi @ narendramodi 0 LS seat for Minorites ! Feku sudrega nahi .,negative,neutral,65.88
21160,RT @_ Ayeshayy @ BlissfulBengali 1 Age 18 2 Height 5'6 3 Fav Song dil mein phool khil jay kuch is tarah the heart wants what it wants 4…,2,RT @_ Ayeshayy @ BlissfulBengali 1 Age 18 2 Height 5'6 3 Fav Song dil mein phool khil jay kuch is tarah the heart wants what it wants 4…,positive,positive,55.83
22565,Isko dekh k apun ko lgta hai life m kuch kro na kro lekin shadi jrur krna https // tco / mkdJLPdFq5,2,Isko dekh k apun ko lgta hai life m kuch kro na kro lekin shadi jrur krna // tco / mkdJLPdFq5,positive,neutral,72.16
19066,Thank you Sushmaji .. aap hamare piche ek MAA ki tarah khadi . Aapki chya me pardes me surkshit mahsus kiya tarte t … https // t . co / 7gGGOwLfAk,2,Thank you Sushmaji .. aap hamare piche ek MAA ki tarah khadi . Aapki chya me pardes me surkshit mahsus kiya tarte t … // t . co / 7gGGOwLfAk,positive,positive,85.43
8604,RT @ ghost _ spotter @ anikjaat8 Ye sirf pauranik kathaon mein payi jaati thi Vaastavikta se iska koi sambandh nahi hai,1,RT @ ghost _ spotter @ anikjaat8 Ye sirf pauranik kathaon mein payi jaati thi Vaastavikta se iska koi sambandh nahi hai,neutral,neutral,71.93
39313,@ KaurJazz2 Hadi to ho nhi skti kyu ki hadi hoti to aap hospital hote or dil hoskta hai jo bas dard hota hai lekin dikhta nhi,1,@ KaurJazz2 Hadi to ho nhi skti kyu ki hadi hoti to aap hospital hote or dil hoskta hai jo bas dard hota hai lekin dikhta nhi,neutral,neutral,73.68
28472,Ye dekhiye sream train me kisi ka hatya ho gya hai Or kisi pr iska koi dhayan nhi kya aisi seva koi nhi h jisme … https // t co / aNZdJpUU6k,1,Ye dekhiye sream train me kisi ka hatya ho gya hai Or kisi pr iska koi dhayan nhi kya aisi seva koi nhi h jisme … // t co / aNZdJpUU6k,neutral,neutral,48.65
12739,@ vishkanyaaaa Bc haad ho gyi .... Aare mc usse bacha leyta ... Ya video apni gand me thoos le .... Bc bagwan ne dill d … https // t . co / ODvOGwoSSi,0,@ vishkanyaaaa Bc haad ho gyi .... Aare mc usse bacha leyta ... Ya video apni gand me thoos le .... Bc bagwan ne dill d … // t . co / ODvOGwoSSi,negative,negative,80.83
36471,@ M _ Lekhi @ iSinghApurva Khud toh Modi ke Naam pr jeeti hai ..🤣🤣🤣 logo ne Modi ke Chakker mei Ajay Makan Ko hara Dia .. a … https // t . co / n6SLacEpF0,1,@ M _ Lekhi @ iSinghApurva Khud toh Modi ke Naam pr jeeti hai ..🤣🤣🤣 logo ne Modi ke Chakker mei Ajay Makan Ko hara Dia .. a … // t . co / n6SLacEpF0,neutral,neutral,44.84
14063,@ Asad _ Umar yes wishing all the best to Pakistani team in losing all the best boys harny mai b bari mehnat lgti hai … https // t . co / EpnBoooPjJ,0,@ Asad _ Umar yes wishing all the best to Pakistani team in losing all the best boys harny mai b bari mehnat lgti hai … // t . co / EpnBoooPjJ,negative,positive,85.31
24164,@ AnushkaMySoul07 @ sweetyanushkafc @ TrendsAnushka @ Anushka _ ASF @ imSweetyAnushka @ SweetyShettyFan So beautiful for lo … https // t . co / zNtbPtny39,2,@ AnushkaMySoul07 @ sweetyanushkafc @ TrendsAnushka @ Anushka _ ASF @ imSweetyAnushka @ SweetyShettyFan So beautiful for lo … // t . co / zNtbPtny39,positive,positive,84.31
25363,1 number likha hai . manufacturing band karo .. sab khud hi seedhe ho jaaenge https // t . co / Q0bT79PEyT,1,1 number likha hai . manufacturing band karo .. sab khud hi seedhe ho jaaenge // t . co / Q0bT79PEyT,neutral,negative,53.59
17323,Kuys you look like my ex no 🙄 HAHAHHA ASAR https // t co / xJTA4exO4Z,1,Kuys you look like my ex no 🙄 HAHAHHA ASAR // t co / xJTA4exO4Z,neutral,neutral,74.1
35468,@ rssurjewala kahan ho be khujliwala sorry to say that but I m very angry with congress,0,@ rssurjewala kahan ho be khujliwala sorry to say that but I m very angry with congress,negative,neutral,55.54
30217,@ RanaAyyub Dekho is Guthka Aunty Ko ! Ye kabhi nhi batayegi ki ek Baar isne Amit Shah files banake bohot farjiwada k … https // t . co / wECdZgdlEO,0,@ RanaAyyub Dekho is Guthka Aunty Ko ! Ye kabhi nhi batayegi ki ek Baar isne Amit Shah files banake bohot farjiwada k … // t . co / wECdZgdlEO,negative,negative,78.63
36603,@ choice231 O lerki Allah SWT ko is behas may ku lati ho 1 chor ka diffah kar rahi ho wo hi karo . Daleel khatam ho g … https // t . co / SB1KPcGaC6,1,@ choice231 O lerki Allah SWT ko is behas may ku lati ho 1 chor ka diffah kar rahi ho wo hi karo . Daleel khatam ho g … // t . co / SB1KPcGaC6,neutral,negative,80.8
19995,HOW DID I FORGET THIS BOP ? Phir Dhoom by Palash Sen https // t co / oLSk6hkquE,1,HOW DID I FORGET THIS BOP ? Phir Dhoom by Palash Sen // t co / oLSk6hkquE,neutral,neutral,74.48
41106,RT @ DankMemesPlanet 👈 Follow Me Best Memes 🔥🔥 https // t . co / imNlwZefQL,1,RT @ DankMemesPlanet 👈 Follow Me Best Memes 🔥🔥 // t . co / imNlwZefQL,neutral,neutral,65.27
28657,@ ZAbbasOfficial Imad wasim and Haris sohail totally not suitable for team ! BC thayk huy hain inko doctor ko dekhen … https // t . co / HPKZddDL1E,0,@ ZAbbasOfficial Imad wasim and Haris sohail totally not suitable for team ! BC thayk huy hain inko doctor ko dekhen … // t . co / HPKZddDL1E,negative,negative,73.34
20015,RT @ dheet _ londa When a girl shares her top secret with another girl What she reacts - Behen m kisiko nahi btaungi What she means - Apne 6 b …,1,RT @ dheet _ londa When a girl shares her top secret with another girl What she reacts - Behen m kisiko nahi btaungi What she means - Apne 6 b …,neutral,neutral,75.14
13781,RT @ satgurukimeera @ tyagi40 @ Ajita _ Bansal12 # Dhan _ Dhan _ Satguru _ Tera _ Hi _ Aasra Dr . bhayi ji Msg bless you . https // t . co / APvbvifZMr,2,RT @ satgurukimeera @ tyagi40 @ Ajita _ Bansal12 # Dhan _ Dhan _ Satguru _ Tera _ Hi _ Aasra Dr . bhayi ji Msg bless you . // t . co / APvbvifZMr,positive,positive,85.37
13770,@ followaanchal hate ka level kamre tak pahunch chuka hai 😂😂🤣🤣🤣 https // t co / qsxJ9MKxBU,0,@ followaanchal hate ka level kamre tak pahunch chuka hai 😂😂🤣🤣🤣 // t co / qsxJ9MKxBU,negative,neutral,54.93
15165,Plzzz ..... Ek bar sunna jrur Hindutv ke liye https // t . co / juYQiC070u,1,Plzzz ..... Ek bar sunna jrur Hindutv ke liye // t . co / juYQiC070u,neutral,neutral,71.38
31699,RT @ Mshambaflan1 Supporting CardiB is just a Feminine feeling Not musical affiliations . To me She is doing mikorogo * shagalabghala * and s …,1,RT @ Mshambaflan1 Supporting CardiB is just a Feminine feeling Not musical affiliations . To me She is doing mikorogo * shagalabghala * and s …,neutral,neutral,73.77
15173,@ ks111arvind @ devikarjv Batadena .... go mutra use karte ho ki nahi .... Jaise tum log Islam ke baare me nahi jaante w … https // t . co / H8Fhc2qzsl,1,@ ks111arvind @ devikarjv Batadena .... go mutra use karte ho ki nahi .... Jaise tum log Islam ke baare me nahi jaante w … // t . co / H8Fhc2qzsl,neutral,negative,58.6
18017,@ its _ tani _ @ yabikikainaaat Abe haattt tum flop logo ki aukaad hi Kiya h chutiya log ja aapijaan ki chaplusi kar bad … https // t . co / N3BtVwXkc2,0,@ its _ tani _ @ yabikikainaaat Abe haattt tum flop logo ki aukaad hi Kiya h chutiya log ja aapijaan ki chaplusi kar bad … // t . co / N3BtVwXkc2,negative,negative,80.83
37485,@ UmarCheema1 @ ThePrintIndia Jee ap ki itah ghalat hy In ky gher walo ko kiss ny mara Aur yeh sahab tu hamesha kht … https // t co / ROe9kSV2oM,0,@ UmarCheema1 @ ThePrintIndia Jee ap ki itah ghalat hy In ky gher walo ko kiss ny mara Aur yeh sahab tu hamesha kht … // t co / ROe9kSV2oM,negative,neutral,52.15
18234,RT @ Officially _ 007 Good Morning Jumma Mubarak 💞 First Jumma Mubarak of Ramadan ❤ Stay Blessed Remember me in your prayers ❤ https // t co / i …,2,RT @ Officially _ 007 Good Morning Jumma Mubarak 💞 First Jumma Mubarak of Ramadan ❤ Stay Blessed Remember me in your prayers ❤ // t co / i …,positive,positive,85.46
18244,@ kanhaiyakumar Sir Aap hamari bhavisya ki ummid Ho . All the best Aap ek din jarur safal hovoge Hame Aapse bahut … https // t . co / XSPJHwaZjX,2,@ kanhaiyakumar Sir Aap hamari bhavisya ki ummid Ho . All the best Aap ek din jarur safal hovoge Hame Aapse bahut … // t . co / XSPJHwaZjX,positive,positive,85.53
4275,Meri id sy log jealous bohot ho rahy hein aj kall 3 + 4 baar id report ho chuki hy meri but koi farq ni parny wala 😎😎😎😎,2,Meri id sy log jealous bohot ho rahy hein aj kall 3 + 4 baar id report ho chuki hy meri but koi farq ni parny wala 😎😎😎😎,positive,neutral,73.56
43592,@ CosmicBlessing @ ShekharPokale @ IvankaTrump @ narendramodi @ smritiirani American president k lie kha ta hmne,1,@ CosmicBlessing @ ShekharPokale @ IvankaTrump @ narendramodi @ smritiirani American president k lie kha ta hmne,neutral,neutral,74.26
3992,@ IrshadBhatti335 Ajj beshak waqat k firon k samany sir jhukha lia hai Allah ko bhe moa dekhna hoga bhatti use din p … https // t co / 25ISR1khVb,2,@ IrshadBhatti335 Ajj beshak waqat k firon k samany sir jhukha lia hai Allah ko bhe moa dekhna hoga bhatti use din p … // t co / 25ISR1khVb,positive,positive,84.96
34818,@ realblackstar4 Correct ... yahan toh bahut hi zyada violence hua pr hmlogo ne vote jake diya ..... roads pe dhmki mil … https // t . co / qFS6YwX51d,1,@ realblackstar4 Correct ... yahan toh bahut hi zyada violence hua pr hmlogo ne vote jake diya ..... roads pe dhmki mil … // t . co / qFS6YwX51d,neutral,negative,80.18
41207,@ narendramodi Har Har Modi Ghar Ghar Modi Modiji Apko sastang dandawat pranam App se umid rakhta hu aur apko na … https // t co / 55T9enKFuc,1,@ narendramodi Har Har Modi Ghar Ghar Modi Modiji Apko sastang dandawat pranam App se umid rakhta hu aur apko na … // t co / 55T9enKFuc,neutral,neutral,68.05
4551,@ faizanlakhani BC ko itna to pata nahi konsa bolwer kab lagana ye come back krwaye ga .. Wo lefties bejhy jarhy thay … https // t . co / abAWxqvlvS,1,@ faizanlakhani BC ko itna to pata nahi konsa bolwer kab lagana ye come back krwaye ga .. Wo lefties bejhy jarhy thay … // t . co / abAWxqvlvS,neutral,negative,79.62
22500,@ narendramodi One Kashmiri trader beaten up in UP whole secular Jamat and Supreme court also made hue n cry to prot … https // t . co / 99lmnVSnIp,1,@ narendramodi One Kashmiri trader beaten up in UP whole secular Jamat and Supreme court also made hue n cry to prot … // t . co / 99lmnVSnIp,neutral,negative,77.95
8205,@ swapniljk24 Use Proof du to bolta hai Fake hai 😂,1,@ swapniljk24 Use Proof du to bolta hai Fake hai 😂,neutral,neutral,65.56
29986,Amit Shah ke chakkar me Congress / Left / Lutyens Rajnath ko halke me le raha hai while the truth is he is the senior … https // t . co / tpErhPZthK,1,Amit Shah ke chakkar me Congress / Left / Lutyens Rajnath ko halke me le raha hai while the truth is he is the senior … // t . co / tpErhPZthK,neutral,neutral,61.84
183,RT @ khannargt The only thing that i want in my life is to see you happy and always smile 💛 Love you to the moon and back J .💘 # repost cuz i …,2,RT @ khannargt The only thing that i want in my life is to see you happy and always smile 💛 Love you to the moon and back J .💘 # repost cuz i …,positive,positive,85.53
22776,@ anjanaomkashyap Sense Jada berogari ki maar to in netav ki hui h Jo is Chunav me haar gaye ab modi g into Kya kaam … https // t co / Up8S9vxRJ2,1,@ anjanaomkashyap Sense Jada berogari ki maar to in netav ki hui h Jo is Chunav me haar gaye ab modi g into Kya kaam … // t co / Up8S9vxRJ2,neutral,negative,80.86
41343,UP KE LADKE Bua Bahteeja . Dump all dat @ yadavakhilesh & go back 2 Tauji ( Mulayam Ji ) start some serious politics .… https // t . co / g3TKZ6T2BW,0,UP KE LADKE Bua Bahteeja . Dump all dat @ yadavakhilesh & go back 2 Tauji ( Mulayam Ji ) start some serious politics .… // t . co / g3TKZ6T2BW,negative,negative,77.35
32303,Zinda hoon main tujhme Tujhme rahoonga zinda Tod ke sab zanjeere Main azad parinda T n RT ka barsat hona c … https // tco / 90BZMu1N0g,1,Zinda hoon main tujhme Tujhme rahoonga zinda Tod ke sab zanjeere Main azad parinda T n RT ka barsat hona c … // tco / 90BZMu1N0g,neutral,positive,65.57
16234,RT @ AdaniKaran Congratulations Jeet !! We are all very proud of you You did it !! You are finally an engineer # pennenggrad @ JeetAdani ht …,2,RT @ AdaniKaran Congratulations Jeet !! We are all very proud of you You did it !! You are finally an engineer # pennenggrad @ JeetAdani ht …,positive,positive,85.53
35009,@ narendramodi Modi g ko mera pradam aur jeet ki Subhkamna mera aap se nivedan hai ki sabhi government schools aur c … https // t co / CS50ELztlq,2,@ narendramodi Modi g ko mera pradam aur jeet ki Subhkamna mera aap se nivedan hai ki sabhi government schools aur c … // t co / CS50ELztlq,positive,positive,85.31
2270,💖 Good morning my sweet sweet papa @ Gurmeetramrahim ji 💖 🌲 Plz bless me & my family more sewa sumiran pa … https // t co / VryclP34aK,2,💖 Good morning my sweet sweet papa @ Gurmeetramrahim ji 💖 🌲 Plz bless me & my family more sewa sumiran pa … // t co / VryclP34aK,positive,positive,85.52
31322,RT @ KohinoorNagar Carolon fabric for this special Eid !! . . . # KohinoorNagar # kohinoor # carolon # fabric # eid # eidcollection # eidshopping #…,1,RT @ KohinoorNagar Carolon fabric for this special Eid !! . . . # KohinoorNagar # kohinoor # carolon # fabric # eid # eidcollection # eidshopping #…,neutral,neutral,59.24
27489,@ AlokTiwari9335 @ er _ mishra Bhai follow back karke apne bhai ko support kijiye jai shiya Ram,1,@ AlokTiwari9335 @ er _ mishra Bhai follow back karke apne bhai ko support kijiye jai shiya Ram,neutral,neutral,48.42
34724,@ LagbhagSecular @ GautamGambhir Kejriwal ji aapka jadu aapki safayi karney key liye ready hai .. aapka broom jhado i … https // t . co / kfsm2hpLk5,1,@ LagbhagSecular @ GautamGambhir Kejriwal ji aapka jadu aapki safayi karney key liye ready hai .. aapka broom jhado i … // t . co / kfsm2hpLk5,neutral,positive,75.64
17861,@ Gurmeetramrahim good morning pita ji pls bless me sewa sumrin and parmarth bakso ji # PledgeAgainstCorruption https // t . co / CdrgztvKUQ,2,@ Gurmeetramrahim good morning pita ji pls bless me sewa sumrin and parmarth bakso ji # PledgeAgainstCorruption // t . co / CdrgztvKUQ,positive,positive,85.5
43626,@ gary _ agg As Manyata in Sanju movie He is harmless,1,@ gary _ agg As Manyata in Sanju movie He is harmless,neutral,neutral,72.95
9000,@ narendramodi Abki bar 370 35A NRC bill Rohangiyas bhagao Family planning ( Hm 2 hamare 2) Ye kam bht jaruri hai … https // t . co / El2ixwc43h,2,@ narendramodi Abki bar 370 35A NRC bill Rohangiyas bhagao Family planning ( Hm 2 hamare 2) Ye kam bht jaruri hai … // t . co / El2ixwc43h,positive,neutral,75.05
14144,@ SKMPPP Kch naya nhi hai ... Apno ko nawaza jata hai mger @ ImranKhanPTI sahab bhi kch naya nhi kr rhe jiski iss qoum umeed hoti hai ...,0,@ SKMPPP Kch naya nhi hai ... Apno ko nawaza jata hai mger @ ImranKhanPTI sahab bhi kch naya nhi kr rhe jiski iss qoum umeed hoti hai ...,negative,positive,73.37
2980,RT @ affresham Happy birthday 🎉🎈🎁 Khush rho Allah pak tmko kamyab krain stay blessed @ Naini _ 001 its ur 50's birthday 😂😂 https // t . co / PvWBj0 …,2,RT @ affresham Happy birthday 🎉🎈🎁 Khush rho Allah pak tmko kamyab krain stay blessed @ Naini _ 001 its ur 50's birthday 😂😂 // t . co / PvWBj0 …,positive,positive,85.54
21043,@ tommorris32 Sabse chutia jaisa @ SarfarazA _ 54 baitha h . Aisa lag rha h ki koi usse pakistan ka loan repay karne Bol rha h .,0,@ tommorris32 Sabse chutia jaisa @ SarfarazA _ 54 baitha h . Aisa lag rha h ki koi usse pakistan ka loan repay karne Bol rha h .,negative,negative,80.66
30196,Arvind kejriwal wo hai jo baccho ki jhuti kasam khaye . Kursi ke liye baccho ko bhi nahi baksa rajniti ki . AK wo ha … https // t . co / xRxfErt66j,0,Arvind kejriwal wo hai jo baccho ki jhuti kasam khaye . Kursi ke liye baccho ko bhi nahi baksa rajniti ki . AK wo ha … // t . co / xRxfErt66j,negative,negative,80.86
12749,Yeh hai Hindustan ki Shaan jo apni jaan dekar dusro ko tofha de jta hai .... Salute to you brother 🇮🇳 https // t . co / xGOynvtqB1,2,Yeh hai Hindustan ki Shaan jo apni jaan dekar dusro ko tofha de jta hai .... Salute to you brother 🇮🇳 // t . co / xGOynvtqB1,positive,positive,85.02
36249,RT @ Aman _ mehta001 # ChandigarhAmritsarChandigarh Reviews 🤩🤩🤩🔥🔥🔥 Love u Mere @ igippygrewal Ustaad G Love u G Dher sara pyaar Movie lyi sade …,2,RT @ Aman _ mehta001 # ChandigarhAmritsarChandigarh Reviews 🤩🤩🤩🔥🔥🔥 Love u Mere @ igippygrewal Ustaad G Love u G Dher sara pyaar Movie lyi sade …,positive,positive,85.4
14295,Vo bhram me Nahi rahate lekin Kuchh gadho ki wajah se saare gadho ko Nahi pataa jata unko khoj kar unki nasal todi … https // t . co / 9EuR8DI7vh,0,Vo bhram me Nahi rahate lekin Kuchh gadho ki wajah se saare gadho ko Nahi pataa jata unko khoj kar unki nasal todi … // t . co / 9EuR8DI7vh,negative,neutral,55.59
1944,# Askstar Laxman sir looking great is pitch pe aap batting kar rahe hote to aapki kya ranniti rahti,2,# Askstar Laxman sir looking great is pitch pe aap batting kar rahe hote to aapki kya ranniti rahti,positive,positive,79.94
9297,@ sardanarohit Are bhai koi chinta nahi Nishant Verna Ashutosh Mishra aur bahut sare Congress ke unofficial spoke … https // t co / psqYTttEXR,1,@ sardanarohit Are bhai koi chinta nahi Nishant Verna Ashutosh Mishra aur bahut sare Congress ke unofficial spoke … // t co / psqYTttEXR,neutral,neutral,73.24
16007,@ Ahmed _ zehri1 @ rtsk12 @ BBhuttoZardari Karachi waloun sai vote mangtai waqt Aids nahi laga tumhain ??? 🤬🤬🤬🤬,0,@ Ahmed _ zehri1 @ rtsk12 @ BBhuttoZardari Karachi waloun sai vote mangtai waqt Aids nahi laga tumhain ??? 🤬🤬🤬🤬,negative,negative,76.53
17605,Janta ko nahi muslmano ko condom dena hoga https // t . co / B2aNxWg235,0,Janta ko nahi muslmano ko condom dena hoga // t . co / B2aNxWg235,negative,negative,79.55
26145,RT @ TrulyMonica It seems they have taught only three lines to Rahul Gandhi - Yeh vichardhara ki ladai hai Karyakartaon ne bahut kaam kiya …,1,RT @ TrulyMonica It seems they have taught only three lines to Rahul Gandhi - Yeh vichardhara ki ladai hai Karyakartaon ne bahut kaam kiya …,neutral,neutral,50.97
24503,RT @ VirusUncle Ye apne wallet ko leke itna possessive or insecure kyu ho apne kisi frnd ko b ni hath lagane dete .. usme jyada paise rakht …,1,RT @ VirusUncle Ye apne wallet ko leke itna possessive or insecure kyu ho apne kisi frnd ko b ni hath lagane dete .. usme jyada paise rakht …,neutral,negative,68.95
10707,@ NiranjanTripa16 @ jainarayangaur Hum Deshwashi aapas me Hindu Musalman karke British ki chal ko Safal bana rahe hai … https // t . co / 6IkzShTgKi,1,@ NiranjanTripa16 @ jainarayangaur Hum Deshwashi aapas me Hindu Musalman karke British ki chal ko Safal bana rahe hai … // t . co / 6IkzShTgKi,neutral,negative,65.68
36768,# TheGiftOfEducation By following the teachings of StDr @ Gurmeetramrahim ji in many blocks free education centers we … https // t co / i3SCxjaOvY,2,# TheGiftOfEducation By following the teachings of StDr @ Gurmeetramrahim ji in many blocks free education centers we … // t co / i3SCxjaOvY,positive,positive,52.46
36602,@ WhoSunilGrover Eid ko nd Salman bhaijan ko box-office me halla machane ko aur apko dekhne keliye # Bharat # BharatThisEid Just 7days,1,@ WhoSunilGrover Eid ko nd Salman bhaijan ko box-office me halla machane ko aur apko dekhne keliye # Bharat # BharatThisEid Just 7days,neutral,neutral,73.96
44499,@ ZahidAliLaqani @ fawadchaudhry @ IamTalhaKhalid Yar zahid .. That girl is not eligiable for this post . Sabbb goal maa … https // t . co / WHye2QqwGD,1,@ ZahidAliLaqani @ fawadchaudhry @ IamTalhaKhalid Yar zahid .. That girl is not eligiable for this post . Sabbb goal maa … // t . co / WHye2QqwGD,neutral,neutral,74.74
44123,@ MaleehaHashmey @ Asheesh39429803 @ narendramodi @ ImranKhanPTI Lol ... Pakistan only knows how to grow on terrorism an … https // t . co / t2sYGjJZm2,0,@ MaleehaHashmey @ Asheesh39429803 @ narendramodi @ ImranKhanPTI Lol ... Pakistan only knows how to grow on terrorism an … // t . co / t2sYGjJZm2,negative,negative,47.14
41954,@ DC _ Faridabad @ cmohry Sir NGT ne green belt se avedh wine shops avedh parking ko hatane ka aadesh diya tha lakin is … https // t co / DJUUPLXOmv,1,@ DC _ Faridabad @ cmohry Sir NGT ne green belt se avedh wine shops avedh parking ko hatane ka aadesh diya tha lakin is … // t co / DJUUPLXOmv,neutral,neutral,73.38
27137,@ INCIndia Rassi jal gaya lekin aithan nahi gaya ..@ RahulGandhi ..52 hi Kari ho bjp ke liyeinch inch ki ladai karoge … https // t . co / 1pQz7BQlcG,1,@ INCIndia Rassi jal gaya lekin aithan nahi gaya ..@ RahulGandhi ..52 hi Kari ho bjp ke liyeinch inch ki ladai karoge … // t . co / 1pQz7BQlcG,neutral,negative,71.17
43851,@ Anurag _ Office congratulations Bhayia bahut bhadaiyiya apko pmo calls u it ’ s great,2,@ Anurag _ Office congratulations Bhayia bahut bhadaiyiya apko pmo calls u it ’ s great,positive,positive,85.43
7586,RT @ kaanchi26 @ FilmHistoryPic @ duttsanjay @ BeingSalmanKhan Lovely beautiful movie lovely all songs tu shayer hai mein Teri shayeri jiye to …,2,RT @ kaanchi26 @ FilmHistoryPic @ duttsanjay @ BeingSalmanKhan Lovely beautiful movie lovely all songs tu shayer hai mein Teri shayeri jiye to …,positive,positive,85.4
38720,@ Abaseenwazir94 Es kuty ko bhi zaban lag gai AR . My k kfalaf bhoknay ki,0,@ Abaseenwazir94 Es kuty ko bhi zaban lag gai AR . My k kfalaf bhoknay ki,negative,negative,73.49
1624,@ DanishM33697466 @ sardanarohit @ yogrishiramdev Har kisi ko safayi mat do Insaan ho detergent powder nahi 😂😂🙏,1,@ DanishM33697466 @ sardanarohit @ yogrishiramdev Har kisi ko safayi mat do Insaan ho detergent powder nahi 😂😂🙏,neutral,neutral,70.09
32910,@ waila1no _ @ MaryamNSharif Tu chor Tera baaap chor is patwari ko haram Makkah al mukramah ka khayaal toh karna chahi … https // t . co / ddaXR4Jelo,0,@ waila1no _ @ MaryamNSharif Tu chor Tera baaap chor is patwari ko haram Makkah al mukramah ka khayaal toh karna chahi … // t . co / ddaXR4Jelo,negative,negative,80.83
9860,@ siasatpk Ghareeb haq halal kamany ghar se iss nahi nikala ke haram pe palnay walon ke zulm ka nishana banay .. Gho … https // t . co / cBOT71kEez,1,@ siasatpk Ghareeb haq halal kamany ghar se iss nahi nikala ke haram pe palnay walon ke zulm ka nishana banay .. Gho … // t . co / cBOT71kEez,neutral,negative,80.66
19162,RT @ FaizanSayss Yei Bra Hok Doctor Bany Ya Na Bany Lekin Tharki Zrur Bany Gaa . 😍😂 https // t . co / xLy18weeof,0,RT @ FaizanSayss Yei Bra Hok Doctor Bany Ya Na Bany Lekin Tharki Zrur Bany Gaa . 😍😂 // t . co / xLy18weeof,negative,neutral,74.21
18464,Pag uminit talaga dugo ko dahil sa mga fans damay pati pusa ko grrr sorry na,1,Pag uminit talaga dugo ko dahil sa mga fans damay pati pusa ko grrr sorry na,neutral,negative,80.19
13996,Baba Ramdeo kuchh neta ki tarah mausham vaigyanik ho gaye hain Save as jyada kala dhan to unhi ke pas hoga We apn … https // t co / 2hLdcCDTBx,0,Baba Ramdeo kuchh neta ki tarah mausham vaigyanik ho gaye hain Save as jyada kala dhan to unhi ke pas hoga We apn … // t co / 2hLdcCDTBx,negative,neutral,62.31
39647,RT @ gSxZGXE8MZKnuKE # AlwaysStayWithLalisa H ã y lu ô n lu ô n m ỉ m c ườ i nh é Lalisa Manoban ❤️ We love …,1,RT @ gSxZGXE8MZKnuKE # AlwaysStayWithLalisa H ã y lu ô n lu ô n m ỉ m c ườ i nh é Lalisa Manoban ❤️ We love …,neutral,positive,84.82
5735,@ zartajgulwazir O god dame it .. bullshittt on this all ... Kiaaa wasta lraya hy os ny ... Is mulk mn bray bray b … https // t . co / OUb0uAJ1Mn,1,@ zartajgulwazir O god dame it .. bullshittt on this all ... Kiaaa wasta lraya hy os ny ... Is mulk mn bray bray b … // t . co / OUb0uAJ1Mn,neutral,negative,80.77
11136,why is my brain suddenly playing koi pathar se na maray mere diwane ko what is this bakwas,1,why is my brain suddenly playing koi pathar se na maray mere diwane ko what is this bakwas,neutral,neutral,66.69
